source_group_id,template,norm_ro_ne_norm_rs,render_ro_ne_rs,render_deterministic
05677026bd7ad785bb85a02f4258464dc4476b9c08d7f52ac641e994b9b13c2a,T0,True,True,True
05677026bd7ad785bb85a02f4258464dc4476b9c08d7f52ac641e994b9b13c2a,T3,True,True,True
05677026bd7ad785bb85a02f4258464dc4476b9c08d7f52ac641e994b9b13c2a,T4,True,True,True
05677026bd7ad785bb85a02f4258464dc4476b9c08d7f52ac641e994b9b13c2a,T5,True,True,True
06efe48e5f13ce79575b3df69ff31f1debe36fda0879f1ee34b6bf34d82a7e75,T0,True,True,True
06efe48e5f13ce79575b3df69ff31f1debe36fda0879f1ee34b6bf34d82a7e75,T3,True,True,True
06efe48e5f13ce79575b3df69ff31f1debe36fda0879f1ee34b6bf34d82a7e75,T4,True,True,True
06efe48e5f13ce79575b3df69ff31f1debe36fda0879f1ee34b6bf34d82a7e75,T5,True,True,True
0a10ac3133a9f765768b242af148337eaa1355bf976f5ec1b1904d0d49b74d69,T0,True,True,True
0a10ac3133a9f765768b242af148337eaa1355bf976f5ec1b1904d0d49b74d69,T3,True,True,True
0a10ac3133a9f765768b242af148337eaa1355bf976f5ec1b1904d0d49b74d69,T4,True,True,True
0a10ac3133a9f765768b242af148337eaa1355bf976f5ec1b1904d0d49b74d69,T5,True,True,True
0e5e53a12a3532a8b292e0da9c32e962c792c48de4cf14ea151217f38da9e546,T0,True,True,True
0e5e53a12a3532a8b292e0da9c32e962c792c48de4cf14ea151217f38da9e546,T3,True,True,True
0e5e53a12a3532a8b292e0da9c32e962c792c48de4cf14ea151217f38da9e546,T4,True,True,True
0e5e53a12a3532a8b292e0da9c32e962c792c48de4cf14ea151217f38da9e546,T5,True,True,True
0e6720dd58fc316e965e53fb88c5ce64e44eec09e9871c0869bdb0d5aac8fb45,T0,True,True,True
0e6720dd58fc316e965e53fb88c5ce64e44eec09e9871c0869bdb0d5aac8fb45,T3,True,True,True
0e6720dd58fc316e965e53fb88c5ce64e44eec09e9871c0869bdb0d5aac8fb45,T4,True,True,True
0e6720dd58fc316e965e53fb88c5ce64e44eec09e9871c0869bdb0d5aac8fb45,T5,True,True,True
0f7d3b6b43185a49146f9aaa61004619b4a66588a563e78ee9496ebd709b0e37,T0,True,True,True
0f7d3b6b43185a49146f9aaa61004619b4a66588a563e78ee9496ebd709b0e37,T3,True,True,True
0f7d3b6b43185a49146f9aaa61004619b4a66588a563e78ee9496ebd709b0e37,T4,True,True,True
0f7d3b6b43185a49146f9aaa61004619b4a66588a563e78ee9496ebd709b0e37,T5,True,True,True
10c688835407c6795fb879cb2535d55f0927bb85029e051e3aa4de6c67c47398,T0,True,True,True
10c688835407c6795fb879cb2535d55f0927bb85029e051e3aa4de6c67c47398,T3,True,True,True
10c688835407c6795fb879cb2535d55f0927bb85029e051e3aa4de6c67c47398,T4,True,True,True
10c688835407c6795fb879cb2535d55f0927bb85029e051e3aa4de6c67c47398,T5,True,True,True
10d1ca49154e403b4cc726dc01e324f7682258a89f9d3e5dfcb79cf6f7ae6c5c,T0,True,True,True
10d1ca49154e403b4cc726dc01e324f7682258a89f9d3e5dfcb79cf6f7ae6c5c,T3,True,True,True
10d1ca49154e403b4cc726dc01e324f7682258a89f9d3e5dfcb79cf6f7ae6c5c,T4,True,True,True
10d1ca49154e403b4cc726dc01e324f7682258a89f9d3e5dfcb79cf6f7ae6c5c,T5,True,True,True
121e26ee9b46cb89d2b26ca75281dd4a9e3fc03bacd4c01f7791bd5ede17b716,T0,True,True,True
121e26ee9b46cb89d2b26ca75281dd4a9e3fc03bacd4c01f7791bd5ede17b716,T3,True,True,True
121e26ee9b46cb89d2b26ca75281dd4a9e3fc03bacd4c01f7791bd5ede17b716,T4,True,True,True
121e26ee9b46cb89d2b26ca75281dd4a9e3fc03bacd4c01f7791bd5ede17b716,T5,True,True,True
13fcd9e40a8a4329cdef20721434615139e6b2dc95f180fe2e64a67038331f22,T0,True,True,True
13fcd9e40a8a4329cdef20721434615139e6b2dc95f180fe2e64a67038331f22,T3,True,True,True
13fcd9e40a8a4329cdef20721434615139e6b2dc95f180fe2e64a67038331f22,T4,True,True,True
13fcd9e40a8a4329cdef20721434615139e6b2dc95f180fe2e64a67038331f22,T5,True,True,True
143ba7a15fe9c68797c08230ee3931a9dfcfe6f873640ca2fd4f8623e0c2972b,T0,True,True,True
143ba7a15fe9c68797c08230ee3931a9dfcfe6f873640ca2fd4f8623e0c2972b,T3,True,True,True
143ba7a15fe9c68797c08230ee3931a9dfcfe6f873640ca2fd4f8623e0c2972b,T4,True,True,True
143ba7a15fe9c68797c08230ee3931a9dfcfe6f873640ca2fd4f8623e0c2972b,T5,True,True,True
199078912aef9601d43fbb41eeeb0ec45ab7f752eb6378b83eae3b082379161c,T0,True,True,True
199078912aef9601d43fbb41eeeb0ec45ab7f752eb6378b83eae3b082379161c,T3,True,True,True
199078912aef9601d43fbb41eeeb0ec45ab7f752eb6378b83eae3b082379161c,T4,True,True,True
199078912aef9601d43fbb41eeeb0ec45ab7f752eb6378b83eae3b082379161c,T5,True,True,True
1a07b80e58d0120531bcefee7ba132e3bd77bef834bc592741b579d8a1952ad2,T0,True,True,True
1a07b80e58d0120531bcefee7ba132e3bd77bef834bc592741b579d8a1952ad2,T3,True,True,True
1a07b80e58d0120531bcefee7ba132e3bd77bef834bc592741b579d8a1952ad2,T4,True,True,True
1a07b80e58d0120531bcefee7ba132e3bd77bef834bc592741b579d8a1952ad2,T5,True,True,True
1a2ede8310b68c121c2eebd7ad1c6b47b21796df96ea64159dbc9e76f1ae27ba,T0,True,True,True
1a2ede8310b68c121c2eebd7ad1c6b47b21796df96ea64159dbc9e76f1ae27ba,T3,True,True,True
1a2ede8310b68c121c2eebd7ad1c6b47b21796df96ea64159dbc9e76f1ae27ba,T4,True,True,True
1a2ede8310b68c121c2eebd7ad1c6b47b21796df96ea64159dbc9e76f1ae27ba,T5,True,True,True
1b113718103da2934eb80b31e07a36abff54f00e7334be16390372856a3b6d5c,T0,True,True,True
1b113718103da2934eb80b31e07a36abff54f00e7334be16390372856a3b6d5c,T3,True,True,True
1b113718103da2934eb80b31e07a36abff54f00e7334be16390372856a3b6d5c,T4,True,True,True
1b113718103da2934eb80b31e07a36abff54f00e7334be16390372856a3b6d5c,T5,True,True,True
1b534c132ccabe1a0e4a1e184b5e57df190c3eef651eeb6d0cce1944eb689ffd,T0,True,True,True
1b534c132ccabe1a0e4a1e184b5e57df190c3eef651eeb6d0cce1944eb689ffd,T3,True,True,True
1b534c132ccabe1a0e4a1e184b5e57df190c3eef651eeb6d0cce1944eb689ffd,T4,True,True,True
1b534c132ccabe1a0e4a1e184b5e57df190c3eef651eeb6d0cce1944eb689ffd,T5,True,True,True
1be6fa12bbdbfbd851812045dffe0981b2fdc90feaecff40cbe7d533433160fb,T0,True,True,True
1be6fa12bbdbfbd851812045dffe0981b2fdc90feaecff40cbe7d533433160fb,T3,True,True,True
1be6fa12bbdbfbd851812045dffe0981b2fdc90feaecff40cbe7d533433160fb,T4,True,True,True
1be6fa12bbdbfbd851812045dffe0981b2fdc90feaecff40cbe7d533433160fb,T5,True,True,True
1beb2aa5b13171309874a37d5260ebb4e081a26981486965e2d55ecbd0e23e72,T0,True,True,True
1beb2aa5b13171309874a37d5260ebb4e081a26981486965e2d55ecbd0e23e72,T3,True,True,True
1beb2aa5b13171309874a37d5260ebb4e081a26981486965e2d55ecbd0e23e72,T4,True,True,True
1beb2aa5b13171309874a37d5260ebb4e081a26981486965e2d55ecbd0e23e72,T5,True,True,True
1c35548b29d8511a72048aa2f5760aa0375a344a23b694ddc903a3c3b9d10eb8,T0,True,True,True
1c35548b29d8511a72048aa2f5760aa0375a344a23b694ddc903a3c3b9d10eb8,T3,True,True,True
1c35548b29d8511a72048aa2f5760aa0375a344a23b694ddc903a3c3b9d10eb8,T4,True,True,True
1c35548b29d8511a72048aa2f5760aa0375a344a23b694ddc903a3c3b9d10eb8,T5,True,True,True
1e775ec427e192a7277498b2b5f22a189e2fd5e4a7ebe9a5d7ceb04d0edb4bea,T0,True,True,True
1e775ec427e192a7277498b2b5f22a189e2fd5e4a7ebe9a5d7ceb04d0edb4bea,T3,True,True,True
1e775ec427e192a7277498b2b5f22a189e2fd5e4a7ebe9a5d7ceb04d0edb4bea,T4,True,True,True
1e775ec427e192a7277498b2b5f22a189e2fd5e4a7ebe9a5d7ceb04d0edb4bea,T5,True,True,True
20ca76d8e4f85568513476a52df419d075d3dd5fc5ccecf57f95ac7dd8fc87e6,T0,True,True,True
20ca76d8e4f85568513476a52df419d075d3dd5fc5ccecf57f95ac7dd8fc87e6,T3,True,True,True
20ca76d8e4f85568513476a52df419d075d3dd5fc5ccecf57f95ac7dd8fc87e6,T4,True,True,True
20ca76d8e4f85568513476a52df419d075d3dd5fc5ccecf57f95ac7dd8fc87e6,T5,True,True,True
21b042f63c92b50654186c8fe4187eace9b61ae49c15626476e5b27ce23675bb,T0,True,True,True
21b042f63c92b50654186c8fe4187eace9b61ae49c15626476e5b27ce23675bb,T3,True,True,True
21b042f63c92b50654186c8fe4187eace9b61ae49c15626476e5b27ce23675bb,T4,True,True,True
21b042f63c92b50654186c8fe4187eace9b61ae49c15626476e5b27ce23675bb,T5,True,True,True
21e85b4efb563c2c7d719cd82eed25f1248ca7f7c8365f703644ce3dc4ad3f31,T0,True,True,True
21e85b4efb563c2c7d719cd82eed25f1248ca7f7c8365f703644ce3dc4ad3f31,T3,True,True,True
21e85b4efb563c2c7d719cd82eed25f1248ca7f7c8365f703644ce3dc4ad3f31,T4,True,True,True
21e85b4efb563c2c7d719cd82eed25f1248ca7f7c8365f703644ce3dc4ad3f31,T5,True,True,True
230f4886e25e9c27f1c5aeb6202ef50688d4072ec21a5516491ea31cdf4274d7,T0,True,True,True
230f4886e25e9c27f1c5aeb6202ef50688d4072ec21a5516491ea31cdf4274d7,T3,True,True,True
230f4886e25e9c27f1c5aeb6202ef50688d4072ec21a5516491ea31cdf4274d7,T4,True,True,True
230f4886e25e9c27f1c5aeb6202ef50688d4072ec21a5516491ea31cdf4274d7,T5,True,True,True
23b2da192ff61c4753bc05910769816eed0a3667db2a4b773622bce58081ef84,T0,True,True,True
23b2da192ff61c4753bc05910769816eed0a3667db2a4b773622bce58081ef84,T3,True,True,True
23b2da192ff61c4753bc05910769816eed0a3667db2a4b773622bce58081ef84,T4,True,True,True
23b2da192ff61c4753bc05910769816eed0a3667db2a4b773622bce58081ef84,T5,True,True,True
24b91442961df4239a123354c44e53dab4a44f7cff6e66fec314c22e1b1540ea,T0,True,True,True
24b91442961df4239a123354c44e53dab4a44f7cff6e66fec314c22e1b1540ea,T3,True,True,True
24b91442961df4239a123354c44e53dab4a44f7cff6e66fec314c22e1b1540ea,T4,True,True,True
24b91442961df4239a123354c44e53dab4a44f7cff6e66fec314c22e1b1540ea,T5,True,True,True
273e7a2bbe79fb45e3da5b01c63233ca2a0293e88be678371d45e6e734eb3687,T0,True,True,True
273e7a2bbe79fb45e3da5b01c63233ca2a0293e88be678371d45e6e734eb3687,T3,True,True,True
273e7a2bbe79fb45e3da5b01c63233ca2a0293e88be678371d45e6e734eb3687,T4,True,True,True
273e7a2bbe79fb45e3da5b01c63233ca2a0293e88be678371d45e6e734eb3687,T5,True,True,True
2a20d544ff618b9501d9400c452e6e02e2e866fa2d6a08fb345c2ffb4f633edb,T0,True,True,True
2a20d544ff618b9501d9400c452e6e02e2e866fa2d6a08fb345c2ffb4f633edb,T3,True,True,True
2a20d544ff618b9501d9400c452e6e02e2e866fa2d6a08fb345c2ffb4f633edb,T4,True,True,True
2a20d544ff618b9501d9400c452e6e02e2e866fa2d6a08fb345c2ffb4f633edb,T5,True,True,True
2b8a5200282c3f8748e7a842c78898590dde7c3432e54daf87ca95ce25b4c54e,T0,True,True,True
2b8a5200282c3f8748e7a842c78898590dde7c3432e54daf87ca95ce25b4c54e,T3,True,True,True
2b8a5200282c3f8748e7a842c78898590dde7c3432e54daf87ca95ce25b4c54e,T4,True,True,True
2b8a5200282c3f8748e7a842c78898590dde7c3432e54daf87ca95ce25b4c54e,T5,True,True,True
2dc8c8368d496987fff43c67a7613468467b611e116687d0980c83a39cd910aa,T0,True,True,True
2dc8c8368d496987fff43c67a7613468467b611e116687d0980c83a39cd910aa,T3,True,True,True
2dc8c8368d496987fff43c67a7613468467b611e116687d0980c83a39cd910aa,T4,True,True,True
2dc8c8368d496987fff43c67a7613468467b611e116687d0980c83a39cd910aa,T5,True,True,True
2f4703494c2a9ce69c4a05d3a0f85a95e69e0b7a1564dc0cfba14f55769487d6,T0,True,True,True
2f4703494c2a9ce69c4a05d3a0f85a95e69e0b7a1564dc0cfba14f55769487d6,T3,True,True,True
2f4703494c2a9ce69c4a05d3a0f85a95e69e0b7a1564dc0cfba14f55769487d6,T4,True,True,True
2f4703494c2a9ce69c4a05d3a0f85a95e69e0b7a1564dc0cfba14f55769487d6,T5,True,True,True
31bc2caab699df9cd3f29bcee3a64a7be3446b3056011e8d837007ac97aec033,T0,True,True,True
31bc2caab699df9cd3f29bcee3a64a7be3446b3056011e8d837007ac97aec033,T3,True,True,True
31bc2caab699df9cd3f29bcee3a64a7be3446b3056011e8d837007ac97aec033,T4,True,True,True
31bc2caab699df9cd3f29bcee3a64a7be3446b3056011e8d837007ac97aec033,T5,True,True,True
32433ec8d7c816d84564c39977c687496178d90300834bb1c8fb5dbe8c496afd,T0,True,True,True
32433ec8d7c816d84564c39977c687496178d90300834bb1c8fb5dbe8c496afd,T3,True,True,True
32433ec8d7c816d84564c39977c687496178d90300834bb1c8fb5dbe8c496afd,T4,True,True,True
32433ec8d7c816d84564c39977c687496178d90300834bb1c8fb5dbe8c496afd,T5,True,True,True
329dd7e54066ef13a3da213f7f3b6cff598c5899634f90f2aa842bf03bdfe22b,T0,True,True,True
329dd7e54066ef13a3da213f7f3b6cff598c5899634f90f2aa842bf03bdfe22b,T3,True,True,True
329dd7e54066ef13a3da213f7f3b6cff598c5899634f90f2aa842bf03bdfe22b,T4,True,True,True
329dd7e54066ef13a3da213f7f3b6cff598c5899634f90f2aa842bf03bdfe22b,T5,True,True,True
32a5842122bca8ce29d1bd38d6bee5bd0cd4ff77f6e85b6df20e866683e9e9d8,T0,True,True,True
32a5842122bca8ce29d1bd38d6bee5bd0cd4ff77f6e85b6df20e866683e9e9d8,T3,True,True,True
32a5842122bca8ce29d1bd38d6bee5bd0cd4ff77f6e85b6df20e866683e9e9d8,T4,True,True,True
32a5842122bca8ce29d1bd38d6bee5bd0cd4ff77f6e85b6df20e866683e9e9d8,T5,True,True,True
335059d400355094616bc325ef0848eda0060b94b91bf17aa229387a74b6c2fe,T0,True,True,True
335059d400355094616bc325ef0848eda0060b94b91bf17aa229387a74b6c2fe,T3,True,True,True
335059d400355094616bc325ef0848eda0060b94b91bf17aa229387a74b6c2fe,T4,True,True,True
335059d400355094616bc325ef0848eda0060b94b91bf17aa229387a74b6c2fe,T5,True,True,True
37fd7343def15a982f55039a6fd91953c9aec931123a52d0f01f0e4298e0f327,T0,True,True,True
37fd7343def15a982f55039a6fd91953c9aec931123a52d0f01f0e4298e0f327,T3,True,True,True
37fd7343def15a982f55039a6fd91953c9aec931123a52d0f01f0e4298e0f327,T4,True,True,True
37fd7343def15a982f55039a6fd91953c9aec931123a52d0f01f0e4298e0f327,T5,True,True,True
38197b9f21a2cbc6219c9edadf1b00c23fd75944c8ed0462d4fb2984382e2454,T0,True,True,True
38197b9f21a2cbc6219c9edadf1b00c23fd75944c8ed0462d4fb2984382e2454,T3,True,True,True
38197b9f21a2cbc6219c9edadf1b00c23fd75944c8ed0462d4fb2984382e2454,T4,True,True,True
38197b9f21a2cbc6219c9edadf1b00c23fd75944c8ed0462d4fb2984382e2454,T5,True,True,True
3832009ffefb8053acc8f41b409ffc903ba02cb06ee1f396131afe3a64f7f714,T0,True,True,True
3832009ffefb8053acc8f41b409ffc903ba02cb06ee1f396131afe3a64f7f714,T3,True,True,True
3832009ffefb8053acc8f41b409ffc903ba02cb06ee1f396131afe3a64f7f714,T4,True,True,True
3832009ffefb8053acc8f41b409ffc903ba02cb06ee1f396131afe3a64f7f714,T5,True,True,True
3975f704337b080024800027d2e29bc96ed1f384966e94429dc7897299354c6c,T0,True,True,True
3975f704337b080024800027d2e29bc96ed1f384966e94429dc7897299354c6c,T3,True,True,True
3975f704337b080024800027d2e29bc96ed1f384966e94429dc7897299354c6c,T4,True,True,True
3975f704337b080024800027d2e29bc96ed1f384966e94429dc7897299354c6c,T5,True,True,True
398a76fc83c24119abafed142f0472b7bf7450ccca75cac5e41f71c680f8b506,T0,True,True,True
398a76fc83c24119abafed142f0472b7bf7450ccca75cac5e41f71c680f8b506,T3,True,True,True
398a76fc83c24119abafed142f0472b7bf7450ccca75cac5e41f71c680f8b506,T4,True,True,True
398a76fc83c24119abafed142f0472b7bf7450ccca75cac5e41f71c680f8b506,T5,True,True,True
39f61c2d75b7fe6d51ef30f35eec36827fd3e075b56c61c3a34d13069985a50f,T0,True,True,True
39f61c2d75b7fe6d51ef30f35eec36827fd3e075b56c61c3a34d13069985a50f,T3,True,True,True
39f61c2d75b7fe6d51ef30f35eec36827fd3e075b56c61c3a34d13069985a50f,T4,True,True,True
39f61c2d75b7fe6d51ef30f35eec36827fd3e075b56c61c3a34d13069985a50f,T5,True,True,True
3adcd84400767f05f41b0270094c7e4a8e857511c7e63e9255e8ee6eb09c1f2e,T0,True,True,True
3adcd84400767f05f41b0270094c7e4a8e857511c7e63e9255e8ee6eb09c1f2e,T3,True,True,True
3adcd84400767f05f41b0270094c7e4a8e857511c7e63e9255e8ee6eb09c1f2e,T4,True,True,True
3adcd84400767f05f41b0270094c7e4a8e857511c7e63e9255e8ee6eb09c1f2e,T5,True,True,True
3d03e1bbfc46d35670f0c6fca59977c81f4a8cdc88a6bca7a3d60ab8063a471e,T0,True,True,True
3d03e1bbfc46d35670f0c6fca59977c81f4a8cdc88a6bca7a3d60ab8063a471e,T3,True,True,True
3d03e1bbfc46d35670f0c6fca59977c81f4a8cdc88a6bca7a3d60ab8063a471e,T4,True,True,True
3d03e1bbfc46d35670f0c6fca59977c81f4a8cdc88a6bca7a3d60ab8063a471e,T5,True,True,True
3d13ddd9f6cad6c1c863e4fbdaa8409a5c0dfafcc2eea2766fabd1b1c6e015d6,T0,True,True,True
3d13ddd9f6cad6c1c863e4fbdaa8409a5c0dfafcc2eea2766fabd1b1c6e015d6,T3,True,True,True
3d13ddd9f6cad6c1c863e4fbdaa8409a5c0dfafcc2eea2766fabd1b1c6e015d6,T4,True,True,True
3d13ddd9f6cad6c1c863e4fbdaa8409a5c0dfafcc2eea2766fabd1b1c6e015d6,T5,True,True,True
3d63d7febc2e16bbd6a1ae6283266aae607bf41661d0ebe4b433e6bbf8b36422,T0,True,True,True
3d63d7febc2e16bbd6a1ae6283266aae607bf41661d0ebe4b433e6bbf8b36422,T3,True,True,True
3d63d7febc2e16bbd6a1ae6283266aae607bf41661d0ebe4b433e6bbf8b36422,T4,True,True,True
3d63d7febc2e16bbd6a1ae6283266aae607bf41661d0ebe4b433e6bbf8b36422,T5,True,True,True
3dd056aadf1ba84092fcc9b21ef87dd26564c3486de97f4306b599e30773fdc6,T0,True,True,True
3dd056aadf1ba84092fcc9b21ef87dd26564c3486de97f4306b599e30773fdc6,T3,True,True,True
3dd056aadf1ba84092fcc9b21ef87dd26564c3486de97f4306b599e30773fdc6,T4,True,True,True
3dd056aadf1ba84092fcc9b21ef87dd26564c3486de97f4306b599e30773fdc6,T5,True,True,True
3eb632ea98f9fce2b2a44308e6ff72c9c6ae3b443f9d0183474b60876eccb773,T0,True,True,True
3eb632ea98f9fce2b2a44308e6ff72c9c6ae3b443f9d0183474b60876eccb773,T3,True,True,True
3eb632ea98f9fce2b2a44308e6ff72c9c6ae3b443f9d0183474b60876eccb773,T4,True,True,True
3eb632ea98f9fce2b2a44308e6ff72c9c6ae3b443f9d0183474b60876eccb773,T5,True,True,True
3ee096de72cb3b0dfd08b81812498b3c90600256873b702dfe6c8228f2c9c0a4,T0,True,True,True
3ee096de72cb3b0dfd08b81812498b3c90600256873b702dfe6c8228f2c9c0a4,T3,True,True,True
3ee096de72cb3b0dfd08b81812498b3c90600256873b702dfe6c8228f2c9c0a4,T4,True,True,True
3ee096de72cb3b0dfd08b81812498b3c90600256873b702dfe6c8228f2c9c0a4,T5,True,True,True
3f4368f134d45f2838ffaafce8c9a314e61a3bcb5d4e22c3fd0f72b73d01aa8a,T0,True,True,True
3f4368f134d45f2838ffaafce8c9a314e61a3bcb5d4e22c3fd0f72b73d01aa8a,T3,True,True,True
3f4368f134d45f2838ffaafce8c9a314e61a3bcb5d4e22c3fd0f72b73d01aa8a,T4,True,True,True
3f4368f134d45f2838ffaafce8c9a314e61a3bcb5d4e22c3fd0f72b73d01aa8a,T5,True,True,True
3f7112327a3cfef5de23e93e4a1880826ae70b39c367298aad1f40d9c3d98af2,T0,True,True,True
3f7112327a3cfef5de23e93e4a1880826ae70b39c367298aad1f40d9c3d98af2,T3,True,True,True
3f7112327a3cfef5de23e93e4a1880826ae70b39c367298aad1f40d9c3d98af2,T4,True,True,True
3f7112327a3cfef5de23e93e4a1880826ae70b39c367298aad1f40d9c3d98af2,T5,True,True,True
406903d1cda4ad5f13b43d25e0af38e781a94521fedb3f39765befa05ecf9299,T0,True,True,True
406903d1cda4ad5f13b43d25e0af38e781a94521fedb3f39765befa05ecf9299,T3,True,True,True
406903d1cda4ad5f13b43d25e0af38e781a94521fedb3f39765befa05ecf9299,T4,True,True,True
406903d1cda4ad5f13b43d25e0af38e781a94521fedb3f39765befa05ecf9299,T5,True,True,True
41488a0975678237b0b358441e37e50020b7824ca58dc2ad8b6b05dbf1dce1e4,T0,True,True,True
41488a0975678237b0b358441e37e50020b7824ca58dc2ad8b6b05dbf1dce1e4,T3,True,True,True
41488a0975678237b0b358441e37e50020b7824ca58dc2ad8b6b05dbf1dce1e4,T4,True,True,True
41488a0975678237b0b358441e37e50020b7824ca58dc2ad8b6b05dbf1dce1e4,T5,True,True,True
41972e19b17353b471daa83ca263985b90734a684c6cf04de158ceba557bba20,T0,True,True,True
41972e19b17353b471daa83ca263985b90734a684c6cf04de158ceba557bba20,T3,True,True,True
41972e19b17353b471daa83ca263985b90734a684c6cf04de158ceba557bba20,T4,True,True,True
41972e19b17353b471daa83ca263985b90734a684c6cf04de158ceba557bba20,T5,True,True,True
41bd5c2285dcb3536e999fcd7e2cde21de5cfa8bb2e9842810c6ae8f29e05588,T0,True,True,True
41bd5c2285dcb3536e999fcd7e2cde21de5cfa8bb2e9842810c6ae8f29e05588,T3,True,True,True
41bd5c2285dcb3536e999fcd7e2cde21de5cfa8bb2e9842810c6ae8f29e05588,T4,True,True,True
41bd5c2285dcb3536e999fcd7e2cde21de5cfa8bb2e9842810c6ae8f29e05588,T5,True,True,True
41f4f125f31ef8e2c24b2b54d17e9ec1332933a5182bb658df2b71e74210f07a,T0,True,True,True
41f4f125f31ef8e2c24b2b54d17e9ec1332933a5182bb658df2b71e74210f07a,T3,True,True,True
41f4f125f31ef8e2c24b2b54d17e9ec1332933a5182bb658df2b71e74210f07a,T4,True,True,True
41f4f125f31ef8e2c24b2b54d17e9ec1332933a5182bb658df2b71e74210f07a,T5,True,True,True
425597e7c6465516510ec8386f5266b416983270bf2da29be80104b652ec25af,T0,True,True,True
425597e7c6465516510ec8386f5266b416983270bf2da29be80104b652ec25af,T3,True,True,True
425597e7c6465516510ec8386f5266b416983270bf2da29be80104b652ec25af,T4,True,True,True
425597e7c6465516510ec8386f5266b416983270bf2da29be80104b652ec25af,T5,True,True,True
4271cfe8b61a8a3393e85c06aa38d43ea9b075538d57c363e9ce3260328b75b4,T0,True,True,True
4271cfe8b61a8a3393e85c06aa38d43ea9b075538d57c363e9ce3260328b75b4,T3,True,True,True
4271cfe8b61a8a3393e85c06aa38d43ea9b075538d57c363e9ce3260328b75b4,T4,True,True,True
4271cfe8b61a8a3393e85c06aa38d43ea9b075538d57c363e9ce3260328b75b4,T5,True,True,True
439ffe75992797ee13316de00c9d6aa9971cb83d549d64af220f741dded7b4d2,T0,True,True,True
439ffe75992797ee13316de00c9d6aa9971cb83d549d64af220f741dded7b4d2,T3,True,True,True
439ffe75992797ee13316de00c9d6aa9971cb83d549d64af220f741dded7b4d2,T4,True,True,True
439ffe75992797ee13316de00c9d6aa9971cb83d549d64af220f741dded7b4d2,T5,True,True,True
47ccd792c57b9a4d617bbe4826f0c86753850106491369e516ebbb767746ddec,T0,True,True,True
47ccd792c57b9a4d617bbe4826f0c86753850106491369e516ebbb767746ddec,T3,True,True,True
47ccd792c57b9a4d617bbe4826f0c86753850106491369e516ebbb767746ddec,T4,True,True,True
47ccd792c57b9a4d617bbe4826f0c86753850106491369e516ebbb767746ddec,T5,True,True,True
4ac100f8d53d9f95785c499a24bff4d96fdeced0966b21ee7403971c9268cd5a,T0,True,True,True
4ac100f8d53d9f95785c499a24bff4d96fdeced0966b21ee7403971c9268cd5a,T3,True,True,True
4ac100f8d53d9f95785c499a24bff4d96fdeced0966b21ee7403971c9268cd5a,T4,True,True,True
4ac100f8d53d9f95785c499a24bff4d96fdeced0966b21ee7403971c9268cd5a,T5,True,True,True
4c22a7020fcc075f9f948b5b4c877ceab447932756009ccd5e0296cb1c4146fd,T0,True,True,True
4c22a7020fcc075f9f948b5b4c877ceab447932756009ccd5e0296cb1c4146fd,T3,True,True,True
4c22a7020fcc075f9f948b5b4c877ceab447932756009ccd5e0296cb1c4146fd,T4,True,True,True
4c22a7020fcc075f9f948b5b4c877ceab447932756009ccd5e0296cb1c4146fd,T5,True,True,True
50e89b0ddd95fe081a170155268d88b5637809604696c7a6f1e8c642f2b54c5a,T0,True,True,True
50e89b0ddd95fe081a170155268d88b5637809604696c7a6f1e8c642f2b54c5a,T3,True,True,True
50e89b0ddd95fe081a170155268d88b5637809604696c7a6f1e8c642f2b54c5a,T4,True,True,True
50e89b0ddd95fe081a170155268d88b5637809604696c7a6f1e8c642f2b54c5a,T5,True,True,True
510f55edebf39d8098e25f20bf735eb0ce82fee4ce7abf755d8d378d0ae4f9c5,T0,True,True,True
510f55edebf39d8098e25f20bf735eb0ce82fee4ce7abf755d8d378d0ae4f9c5,T3,True,True,True
510f55edebf39d8098e25f20bf735eb0ce82fee4ce7abf755d8d378d0ae4f9c5,T4,True,True,True
510f55edebf39d8098e25f20bf735eb0ce82fee4ce7abf755d8d378d0ae4f9c5,T5,True,True,True
52aba3c550dabe11b7e047ff5a4addc223e7b2d24ee14924ca69cfc2dae3b724,T0,True,True,True
52aba3c550dabe11b7e047ff5a4addc223e7b2d24ee14924ca69cfc2dae3b724,T3,True,True,True
52aba3c550dabe11b7e047ff5a4addc223e7b2d24ee14924ca69cfc2dae3b724,T4,True,True,True
52aba3c550dabe11b7e047ff5a4addc223e7b2d24ee14924ca69cfc2dae3b724,T5,True,True,True
53a9a275a436d8bd4aa6f496fd454816a1ff515b21770e062f15a0df2cb4322d,T0,True,True,True
53a9a275a436d8bd4aa6f496fd454816a1ff515b21770e062f15a0df2cb4322d,T3,True,True,True
53a9a275a436d8bd4aa6f496fd454816a1ff515b21770e062f15a0df2cb4322d,T4,True,True,True
53a9a275a436d8bd4aa6f496fd454816a1ff515b21770e062f15a0df2cb4322d,T5,True,True,True
55bfeb38bb86d674bb85783339e06d4ca643b0f5c853ac48be50f1c5d7d61737,T0,True,True,True
55bfeb38bb86d674bb85783339e06d4ca643b0f5c853ac48be50f1c5d7d61737,T3,True,True,True
55bfeb38bb86d674bb85783339e06d4ca643b0f5c853ac48be50f1c5d7d61737,T4,True,True,True
55bfeb38bb86d674bb85783339e06d4ca643b0f5c853ac48be50f1c5d7d61737,T5,True,True,True
56295692530fff758ebf02124a935e66aace3d3a9b0fb05e6722c4c59406320d,T0,True,True,True
56295692530fff758ebf02124a935e66aace3d3a9b0fb05e6722c4c59406320d,T3,True,True,True
56295692530fff758ebf02124a935e66aace3d3a9b0fb05e6722c4c59406320d,T4,True,True,True
56295692530fff758ebf02124a935e66aace3d3a9b0fb05e6722c4c59406320d,T5,True,True,True
56b5b5d57e2db717fd38c32b39134d4a952db244beb8ba70c8bb0c9abcfbff87,T0,True,True,True
56b5b5d57e2db717fd38c32b39134d4a952db244beb8ba70c8bb0c9abcfbff87,T3,True,True,True
56b5b5d57e2db717fd38c32b39134d4a952db244beb8ba70c8bb0c9abcfbff87,T4,True,True,True
56b5b5d57e2db717fd38c32b39134d4a952db244beb8ba70c8bb0c9abcfbff87,T5,True,True,True
58216f6a2c4312095699a92dde2ec6bc05825a71c6fd9a3b626ee32be792f58c,T0,True,True,True
58216f6a2c4312095699a92dde2ec6bc05825a71c6fd9a3b626ee32be792f58c,T3,True,True,True
58216f6a2c4312095699a92dde2ec6bc05825a71c6fd9a3b626ee32be792f58c,T4,True,True,True
58216f6a2c4312095699a92dde2ec6bc05825a71c6fd9a3b626ee32be792f58c,T5,True,True,True
5853dac42c8100da6718a861125bb63c48ba2105a68839a98f110fcb506f21e8,T0,True,True,True
5853dac42c8100da6718a861125bb63c48ba2105a68839a98f110fcb506f21e8,T3,True,True,True
5853dac42c8100da6718a861125bb63c48ba2105a68839a98f110fcb506f21e8,T4,True,True,True
5853dac42c8100da6718a861125bb63c48ba2105a68839a98f110fcb506f21e8,T5,True,True,True
59b21d2adbc8aeb7d1272b57f94d07d961cf8112476bac3dc3965706527a80b5,T0,True,True,True
59b21d2adbc8aeb7d1272b57f94d07d961cf8112476bac3dc3965706527a80b5,T3,True,True,True
59b21d2adbc8aeb7d1272b57f94d07d961cf8112476bac3dc3965706527a80b5,T4,True,True,True
59b21d2adbc8aeb7d1272b57f94d07d961cf8112476bac3dc3965706527a80b5,T5,True,True,True
5aebcd3347946c824254e282941f2290d2f5558c9ff4d18b116fe12bc6432466,T0,True,True,True
5aebcd3347946c824254e282941f2290d2f5558c9ff4d18b116fe12bc6432466,T3,True,True,True
5aebcd3347946c824254e282941f2290d2f5558c9ff4d18b116fe12bc6432466,T4,True,True,True
5aebcd3347946c824254e282941f2290d2f5558c9ff4d18b116fe12bc6432466,T5,True,True,True
5af325bc6e29771297a7d9b3b33082db45f759378a47f70408b80e536f8173a8,T0,True,True,True
5af325bc6e29771297a7d9b3b33082db45f759378a47f70408b80e536f8173a8,T3,True,True,True
5af325bc6e29771297a7d9b3b33082db45f759378a47f70408b80e536f8173a8,T4,True,True,True
5af325bc6e29771297a7d9b3b33082db45f759378a47f70408b80e536f8173a8,T5,True,True,True
5c17097227a0fb55737cf52c70ec318d3ba1110d71a8c71b697802393b2c64df,T0,True,True,True
5c17097227a0fb55737cf52c70ec318d3ba1110d71a8c71b697802393b2c64df,T3,True,True,True
5c17097227a0fb55737cf52c70ec318d3ba1110d71a8c71b697802393b2c64df,T4,True,True,True
5c17097227a0fb55737cf52c70ec318d3ba1110d71a8c71b697802393b2c64df,T5,True,True,True
5da4110576e81a798a7c9eb3d4e2c0637adfdb17a24836f5997ee49a554c1edd,T0,True,True,True
5da4110576e81a798a7c9eb3d4e2c0637adfdb17a24836f5997ee49a554c1edd,T3,True,True,True
5da4110576e81a798a7c9eb3d4e2c0637adfdb17a24836f5997ee49a554c1edd,T4,True,True,True
5da4110576e81a798a7c9eb3d4e2c0637adfdb17a24836f5997ee49a554c1edd,T5,True,True,True
5ffe4a411d668a603219b8508d8727ca5e0d1c9c7ec961398c4324e421f50265,T0,True,True,True
5ffe4a411d668a603219b8508d8727ca5e0d1c9c7ec961398c4324e421f50265,T3,True,True,True
5ffe4a411d668a603219b8508d8727ca5e0d1c9c7ec961398c4324e421f50265,T4,True,True,True
5ffe4a411d668a603219b8508d8727ca5e0d1c9c7ec961398c4324e421f50265,T5,True,True,True
615e53d88676086fc33a4ec1643b3b9372f1df9941c8919af9533b858c168cb5,T0,True,True,True
615e53d88676086fc33a4ec1643b3b9372f1df9941c8919af9533b858c168cb5,T3,True,True,True
615e53d88676086fc33a4ec1643b3b9372f1df9941c8919af9533b858c168cb5,T4,True,True,True
615e53d88676086fc33a4ec1643b3b9372f1df9941c8919af9533b858c168cb5,T5,True,True,True
61f61c49fa8e53da2fd368165bddd59e5ef621a2b37a36c79954c8346723602e,T0,True,True,True
61f61c49fa8e53da2fd368165bddd59e5ef621a2b37a36c79954c8346723602e,T3,True,True,True
61f61c49fa8e53da2fd368165bddd59e5ef621a2b37a36c79954c8346723602e,T4,True,True,True
61f61c49fa8e53da2fd368165bddd59e5ef621a2b37a36c79954c8346723602e,T5,True,True,True
6215cf61f682532748483804f0bec679f57e2deeb2019bd3c4e390f10a27f94f,T0,True,True,True
6215cf61f682532748483804f0bec679f57e2deeb2019bd3c4e390f10a27f94f,T3,True,True,True
6215cf61f682532748483804f0bec679f57e2deeb2019bd3c4e390f10a27f94f,T4,True,True,True
6215cf61f682532748483804f0bec679f57e2deeb2019bd3c4e390f10a27f94f,T5,True,True,True
6255ffb540c8565db9b69a1e2e888c6be68f9efe8cfe9d8374f3e350a40ab457,T0,True,True,True
6255ffb540c8565db9b69a1e2e888c6be68f9efe8cfe9d8374f3e350a40ab457,T3,True,True,True
6255ffb540c8565db9b69a1e2e888c6be68f9efe8cfe9d8374f3e350a40ab457,T4,True,True,True
6255ffb540c8565db9b69a1e2e888c6be68f9efe8cfe9d8374f3e350a40ab457,T5,True,True,True
6b2143e219142ba475d18f254b29ea753624c43f12e7092097d953e83ba3000a,T0,True,True,True
6b2143e219142ba475d18f254b29ea753624c43f12e7092097d953e83ba3000a,T3,True,True,True
6b2143e219142ba475d18f254b29ea753624c43f12e7092097d953e83ba3000a,T4,True,True,True
6b2143e219142ba475d18f254b29ea753624c43f12e7092097d953e83ba3000a,T5,True,True,True
6b6dae961d88a80107784712b74ddf87ea5065d3083b52d379ae2ec75cebb215,T0,True,True,True
6b6dae961d88a80107784712b74ddf87ea5065d3083b52d379ae2ec75cebb215,T3,True,True,True
6b6dae961d88a80107784712b74ddf87ea5065d3083b52d379ae2ec75cebb215,T4,True,True,True
6b6dae961d88a80107784712b74ddf87ea5065d3083b52d379ae2ec75cebb215,T5,True,True,True
6bc77d7264217b8bfb37ed46f9fc8f6f03293dbe9224c882328d052099453476,T0,True,True,True
6bc77d7264217b8bfb37ed46f9fc8f6f03293dbe9224c882328d052099453476,T3,True,True,True
6bc77d7264217b8bfb37ed46f9fc8f6f03293dbe9224c882328d052099453476,T4,True,True,True
6bc77d7264217b8bfb37ed46f9fc8f6f03293dbe9224c882328d052099453476,T5,True,True,True
6bc87279df1f0b1ff747915a2abedad7fcd660bf27fceefe7b6b4be661911960,T0,True,True,True
6bc87279df1f0b1ff747915a2abedad7fcd660bf27fceefe7b6b4be661911960,T3,True,True,True
6bc87279df1f0b1ff747915a2abedad7fcd660bf27fceefe7b6b4be661911960,T4,True,True,True
6bc87279df1f0b1ff747915a2abedad7fcd660bf27fceefe7b6b4be661911960,T5,True,True,True
6bebdee54546eedaf50b51ca9d6ae84301d1fc8651a5422c8f161163c5b906dc,T0,True,True,True
6bebdee54546eedaf50b51ca9d6ae84301d1fc8651a5422c8f161163c5b906dc,T3,True,True,True
6bebdee54546eedaf50b51ca9d6ae84301d1fc8651a5422c8f161163c5b906dc,T4,True,True,True
6bebdee54546eedaf50b51ca9d6ae84301d1fc8651a5422c8f161163c5b906dc,T5,True,True,True
6cdd3522d9eaedecac19afc40a9005f527a589edcb5b98bbe453230b5d0ca2bd,T0,True,True,True
6cdd3522d9eaedecac19afc40a9005f527a589edcb5b98bbe453230b5d0ca2bd,T3,True,True,True
6cdd3522d9eaedecac19afc40a9005f527a589edcb5b98bbe453230b5d0ca2bd,T4,True,True,True
6cdd3522d9eaedecac19afc40a9005f527a589edcb5b98bbe453230b5d0ca2bd,T5,True,True,True
6ce15494c22ddb7450de80c33b37e57d1f5c7c2c4f3608b8e11053de0e9d44f3,T0,True,True,True
6ce15494c22ddb7450de80c33b37e57d1f5c7c2c4f3608b8e11053de0e9d44f3,T3,True,True,True
6ce15494c22ddb7450de80c33b37e57d1f5c7c2c4f3608b8e11053de0e9d44f3,T4,True,True,True
6ce15494c22ddb7450de80c33b37e57d1f5c7c2c4f3608b8e11053de0e9d44f3,T5,True,True,True
6dd3c98e72585bcf228341dc2750f03d27c670e98803ecd3ede73796a9feeaf1,T0,True,True,True
6dd3c98e72585bcf228341dc2750f03d27c670e98803ecd3ede73796a9feeaf1,T3,True,True,True
6dd3c98e72585bcf228341dc2750f03d27c670e98803ecd3ede73796a9feeaf1,T4,True,True,True
6dd3c98e72585bcf228341dc2750f03d27c670e98803ecd3ede73796a9feeaf1,T5,True,True,True
6ddeecbc02f2ffe9006070f939bce5fa8999d16a0e6c024b39163206e364e10f,T0,True,True,True
6ddeecbc02f2ffe9006070f939bce5fa8999d16a0e6c024b39163206e364e10f,T3,True,True,True
6ddeecbc02f2ffe9006070f939bce5fa8999d16a0e6c024b39163206e364e10f,T4,True,True,True
6ddeecbc02f2ffe9006070f939bce5fa8999d16a0e6c024b39163206e364e10f,T5,True,True,True
6e10294b05a6de9d4e5483961b207eeec4a804817c437c5ffa5577336edac801,T0,True,True,True
6e10294b05a6de9d4e5483961b207eeec4a804817c437c5ffa5577336edac801,T3,True,True,True
6e10294b05a6de9d4e5483961b207eeec4a804817c437c5ffa5577336edac801,T4,True,True,True
6e10294b05a6de9d4e5483961b207eeec4a804817c437c5ffa5577336edac801,T5,True,True,True
6f17b25ae06b263b38dc906ddf0ee72e91d2235171291091a43585a1c55263a4,T0,True,True,True
6f17b25ae06b263b38dc906ddf0ee72e91d2235171291091a43585a1c55263a4,T3,True,True,True
6f17b25ae06b263b38dc906ddf0ee72e91d2235171291091a43585a1c55263a4,T4,True,True,True
6f17b25ae06b263b38dc906ddf0ee72e91d2235171291091a43585a1c55263a4,T5,True,True,True
6f20891d4fbbf36a868ef4d6543496c6ca675d18fb0c79eeb2f864c4a2a65d1a,T0,True,True,True
6f20891d4fbbf36a868ef4d6543496c6ca675d18fb0c79eeb2f864c4a2a65d1a,T3,True,True,True
6f20891d4fbbf36a868ef4d6543496c6ca675d18fb0c79eeb2f864c4a2a65d1a,T4,True,True,True
6f20891d4fbbf36a868ef4d6543496c6ca675d18fb0c79eeb2f864c4a2a65d1a,T5,True,True,True
6fe3e27510c2d45cf3bc5f48a43f3f9b0f5bcfd61b08a8167b199bd40fc56c11,T0,True,True,True
6fe3e27510c2d45cf3bc5f48a43f3f9b0f5bcfd61b08a8167b199bd40fc56c11,T3,True,True,True
6fe3e27510c2d45cf3bc5f48a43f3f9b0f5bcfd61b08a8167b199bd40fc56c11,T4,True,True,True
6fe3e27510c2d45cf3bc5f48a43f3f9b0f5bcfd61b08a8167b199bd40fc56c11,T5,True,True,True
6ffbd9b9795989778a37dfc5868aeb0b9078a0370e24e5ca96e692ad3a9dbb0a,T0,True,True,True
6ffbd9b9795989778a37dfc5868aeb0b9078a0370e24e5ca96e692ad3a9dbb0a,T3,True,True,True
6ffbd9b9795989778a37dfc5868aeb0b9078a0370e24e5ca96e692ad3a9dbb0a,T4,True,True,True
6ffbd9b9795989778a37dfc5868aeb0b9078a0370e24e5ca96e692ad3a9dbb0a,T5,True,True,True
71f1274bf08beee7a3769accd9e3c8a51314d5289247f9e114fb8bafa53bb1ac,T0,True,True,True
71f1274bf08beee7a3769accd9e3c8a51314d5289247f9e114fb8bafa53bb1ac,T3,True,True,True
71f1274bf08beee7a3769accd9e3c8a51314d5289247f9e114fb8bafa53bb1ac,T4,True,True,True
71f1274bf08beee7a3769accd9e3c8a51314d5289247f9e114fb8bafa53bb1ac,T5,True,True,True
76da1b679586705525ee875bdc8b0d1767d6ed57efa3f21fdafab78c35f4a084,T0,True,True,True
76da1b679586705525ee875bdc8b0d1767d6ed57efa3f21fdafab78c35f4a084,T3,True,True,True
76da1b679586705525ee875bdc8b0d1767d6ed57efa3f21fdafab78c35f4a084,T4,True,True,True
76da1b679586705525ee875bdc8b0d1767d6ed57efa3f21fdafab78c35f4a084,T5,True,True,True
788876e1b5c09ad34b156c2244f70441c80075d509e1527ec22555a72eeb7db6,T0,True,True,True
788876e1b5c09ad34b156c2244f70441c80075d509e1527ec22555a72eeb7db6,T3,True,True,True
788876e1b5c09ad34b156c2244f70441c80075d509e1527ec22555a72eeb7db6,T4,True,True,True
788876e1b5c09ad34b156c2244f70441c80075d509e1527ec22555a72eeb7db6,T5,True,True,True
788927faccfd32ff6d16678442de476ecad200eae740119b74261dc3094829fb,T0,True,True,True
788927faccfd32ff6d16678442de476ecad200eae740119b74261dc3094829fb,T3,True,True,True
788927faccfd32ff6d16678442de476ecad200eae740119b74261dc3094829fb,T4,True,True,True
788927faccfd32ff6d16678442de476ecad200eae740119b74261dc3094829fb,T5,True,True,True
788c34ef73e5ccaf4376fc748a0275e60532beed1cab5c8e3bcc7dd363c8537c,T0,True,True,True
788c34ef73e5ccaf4376fc748a0275e60532beed1cab5c8e3bcc7dd363c8537c,T3,True,True,True
788c34ef73e5ccaf4376fc748a0275e60532beed1cab5c8e3bcc7dd363c8537c,T4,True,True,True
788c34ef73e5ccaf4376fc748a0275e60532beed1cab5c8e3bcc7dd363c8537c,T5,True,True,True
7ac34260dc94d314d3558af30a19c45350584a3259272e494b7b690422dd661f,T0,True,True,True
7ac34260dc94d314d3558af30a19c45350584a3259272e494b7b690422dd661f,T3,True,True,True
7ac34260dc94d314d3558af30a19c45350584a3259272e494b7b690422dd661f,T4,True,True,True
7ac34260dc94d314d3558af30a19c45350584a3259272e494b7b690422dd661f,T5,True,True,True
7ca502c87aaf48633f254cf4f029007113e462645d89eb77dc5336148736535b,T0,True,True,True
7ca502c87aaf48633f254cf4f029007113e462645d89eb77dc5336148736535b,T3,True,True,True
7ca502c87aaf48633f254cf4f029007113e462645d89eb77dc5336148736535b,T4,True,True,True
7ca502c87aaf48633f254cf4f029007113e462645d89eb77dc5336148736535b,T5,True,True,True
7d17895daf33aa644e6b588c7e429b6bfd5bc962e94b358e347c3f915384da54,T0,True,True,True
7d17895daf33aa644e6b588c7e429b6bfd5bc962e94b358e347c3f915384da54,T3,True,True,True
7d17895daf33aa644e6b588c7e429b6bfd5bc962e94b358e347c3f915384da54,T4,True,True,True
7d17895daf33aa644e6b588c7e429b6bfd5bc962e94b358e347c3f915384da54,T5,True,True,True
7e32fa7cf5ca42d16222f5523f4bea95acd53df81ba18e3de93b4e23833406dd,T0,True,True,True
7e32fa7cf5ca42d16222f5523f4bea95acd53df81ba18e3de93b4e23833406dd,T3,True,True,True
7e32fa7cf5ca42d16222f5523f4bea95acd53df81ba18e3de93b4e23833406dd,T4,True,True,True
7e32fa7cf5ca42d16222f5523f4bea95acd53df81ba18e3de93b4e23833406dd,T5,True,True,True
801ea8780af5ab0b2c3cc77a3f4ac2b6c0bcddac3942f28db77284b3fab8c8b0,T0,True,True,True
801ea8780af5ab0b2c3cc77a3f4ac2b6c0bcddac3942f28db77284b3fab8c8b0,T3,True,True,True
801ea8780af5ab0b2c3cc77a3f4ac2b6c0bcddac3942f28db77284b3fab8c8b0,T4,True,True,True
801ea8780af5ab0b2c3cc77a3f4ac2b6c0bcddac3942f28db77284b3fab8c8b0,T5,True,True,True
84ab9cc3d020ac95fe7fca05196e2a35dc0cf1eecf0da504facb46e1881eeb39,T0,True,True,True
84ab9cc3d020ac95fe7fca05196e2a35dc0cf1eecf0da504facb46e1881eeb39,T3,True,True,True
84ab9cc3d020ac95fe7fca05196e2a35dc0cf1eecf0da504facb46e1881eeb39,T4,True,True,True
84ab9cc3d020ac95fe7fca05196e2a35dc0cf1eecf0da504facb46e1881eeb39,T5,True,True,True
84b4aabec1529e21986e9e63913501fc41337699a474a00cf5b119c9a021868e,T0,True,True,True
84b4aabec1529e21986e9e63913501fc41337699a474a00cf5b119c9a021868e,T3,True,True,True
84b4aabec1529e21986e9e63913501fc41337699a474a00cf5b119c9a021868e,T4,True,True,True
84b4aabec1529e21986e9e63913501fc41337699a474a00cf5b119c9a021868e,T5,True,True,True
86297af299924f76b8956048c63fa84a663c50aca292898344ed31a1cb48fd71,T0,True,True,True
86297af299924f76b8956048c63fa84a663c50aca292898344ed31a1cb48fd71,T3,True,True,True
86297af299924f76b8956048c63fa84a663c50aca292898344ed31a1cb48fd71,T4,True,True,True
86297af299924f76b8956048c63fa84a663c50aca292898344ed31a1cb48fd71,T5,True,True,True
86919f6991beb95325ed45558f32834d3d57e83085e8390b259364160ef24e81,T0,True,True,True
86919f6991beb95325ed45558f32834d3d57e83085e8390b259364160ef24e81,T3,True,True,True
86919f6991beb95325ed45558f32834d3d57e83085e8390b259364160ef24e81,T4,True,True,True
86919f6991beb95325ed45558f32834d3d57e83085e8390b259364160ef24e81,T5,True,True,True
87f8c0fd0b06dd3ec294b9dd1326d4154e4e63e85e0d9c6abca67da45ad29605,T0,True,True,True
87f8c0fd0b06dd3ec294b9dd1326d4154e4e63e85e0d9c6abca67da45ad29605,T3,True,True,True
87f8c0fd0b06dd3ec294b9dd1326d4154e4e63e85e0d9c6abca67da45ad29605,T4,True,True,True
87f8c0fd0b06dd3ec294b9dd1326d4154e4e63e85e0d9c6abca67da45ad29605,T5,True,True,True
895b905fe243a9dd7b626e5d8e0985821bbf640290f5d6837b2433b3780ec4a6,T0,True,True,True
895b905fe243a9dd7b626e5d8e0985821bbf640290f5d6837b2433b3780ec4a6,T3,True,True,True
895b905fe243a9dd7b626e5d8e0985821bbf640290f5d6837b2433b3780ec4a6,T4,True,True,True
895b905fe243a9dd7b626e5d8e0985821bbf640290f5d6837b2433b3780ec4a6,T5,True,True,True
89e01c538ebbb197fda81d378cfb9526161fa6370e6b72b1af232bc48d51f4a2,T0,True,True,True
89e01c538ebbb197fda81d378cfb9526161fa6370e6b72b1af232bc48d51f4a2,T3,True,True,True
89e01c538ebbb197fda81d378cfb9526161fa6370e6b72b1af232bc48d51f4a2,T4,True,True,True
89e01c538ebbb197fda81d378cfb9526161fa6370e6b72b1af232bc48d51f4a2,T5,True,True,True
8a997b3cc2c043287907667bd7d69ee45a4c50724967de92fba36f9e4a8076d4,T0,True,True,True
8a997b3cc2c043287907667bd7d69ee45a4c50724967de92fba36f9e4a8076d4,T3,True,True,True
8a997b3cc2c043287907667bd7d69ee45a4c50724967de92fba36f9e4a8076d4,T4,True,True,True
8a997b3cc2c043287907667bd7d69ee45a4c50724967de92fba36f9e4a8076d4,T5,True,True,True
8c4e292978fa72f89377d47c958fcb532d76bf1fc00a70f9d4e1966f067c29d5,T0,True,True,True
8c4e292978fa72f89377d47c958fcb532d76bf1fc00a70f9d4e1966f067c29d5,T3,True,True,True
8c4e292978fa72f89377d47c958fcb532d76bf1fc00a70f9d4e1966f067c29d5,T4,True,True,True
8c4e292978fa72f89377d47c958fcb532d76bf1fc00a70f9d4e1966f067c29d5,T5,True,True,True
8e63f950b177c6f1acee25e35005d2a081fbdc51abe07d934642ad1e7b23256b,T0,True,True,True
8e63f950b177c6f1acee25e35005d2a081fbdc51abe07d934642ad1e7b23256b,T3,True,True,True
8e63f950b177c6f1acee25e35005d2a081fbdc51abe07d934642ad1e7b23256b,T4,True,True,True
8e63f950b177c6f1acee25e35005d2a081fbdc51abe07d934642ad1e7b23256b,T5,True,True,True
8fce14c379feba472876fb2aa26bac14c2f1373c3764020af2347decdd813f21,T0,True,True,True
8fce14c379feba472876fb2aa26bac14c2f1373c3764020af2347decdd813f21,T3,True,True,True
8fce14c379feba472876fb2aa26bac14c2f1373c3764020af2347decdd813f21,T4,True,True,True
8fce14c379feba472876fb2aa26bac14c2f1373c3764020af2347decdd813f21,T5,True,True,True
9015a63195c2e27cd74439ad9d40649115256058f8218ba88e280ff140087102,T0,True,True,True
9015a63195c2e27cd74439ad9d40649115256058f8218ba88e280ff140087102,T3,True,True,True
9015a63195c2e27cd74439ad9d40649115256058f8218ba88e280ff140087102,T4,True,True,True
9015a63195c2e27cd74439ad9d40649115256058f8218ba88e280ff140087102,T5,True,True,True
9272c3b8d12a64ff6030063a0a5ddeb2ebac32976a533c022723bb2a8743d4d2,T0,True,True,True
9272c3b8d12a64ff6030063a0a5ddeb2ebac32976a533c022723bb2a8743d4d2,T3,True,True,True
9272c3b8d12a64ff6030063a0a5ddeb2ebac32976a533c022723bb2a8743d4d2,T4,True,True,True
9272c3b8d12a64ff6030063a0a5ddeb2ebac32976a533c022723bb2a8743d4d2,T5,True,True,True
92aafe1dda864da442bd8a0884ef9728e8135620225fa175ec14144edffec931,T0,True,True,True
92aafe1dda864da442bd8a0884ef9728e8135620225fa175ec14144edffec931,T3,True,True,True
92aafe1dda864da442bd8a0884ef9728e8135620225fa175ec14144edffec931,T4,True,True,True
92aafe1dda864da442bd8a0884ef9728e8135620225fa175ec14144edffec931,T5,True,True,True
955271f457a865b6538de58e05ec976217c17a96cc31ccb2c72e86fe77e6cce0,T0,True,True,True
955271f457a865b6538de58e05ec976217c17a96cc31ccb2c72e86fe77e6cce0,T3,True,True,True
955271f457a865b6538de58e05ec976217c17a96cc31ccb2c72e86fe77e6cce0,T4,True,True,True
955271f457a865b6538de58e05ec976217c17a96cc31ccb2c72e86fe77e6cce0,T5,True,True,True
9605a6042a7f9978526d1a45d4d230805e7843b08bcf7d058bbf8d93fcdc7147,T0,True,True,True
9605a6042a7f9978526d1a45d4d230805e7843b08bcf7d058bbf8d93fcdc7147,T3,True,True,True
9605a6042a7f9978526d1a45d4d230805e7843b08bcf7d058bbf8d93fcdc7147,T4,True,True,True
9605a6042a7f9978526d1a45d4d230805e7843b08bcf7d058bbf8d93fcdc7147,T5,True,True,True
991e13498e76b0fa28ad7f9a37a2033c1dcd871ee5f9c8a0a038797010bc4e6f,T0,True,True,True
991e13498e76b0fa28ad7f9a37a2033c1dcd871ee5f9c8a0a038797010bc4e6f,T3,True,True,True
991e13498e76b0fa28ad7f9a37a2033c1dcd871ee5f9c8a0a038797010bc4e6f,T4,True,True,True
991e13498e76b0fa28ad7f9a37a2033c1dcd871ee5f9c8a0a038797010bc4e6f,T5,True,True,True
996c03db13b8afd1e8707f383cef74de8100202bf05fe3c73c48798528923df0,T0,True,True,True
996c03db13b8afd1e8707f383cef74de8100202bf05fe3c73c48798528923df0,T3,True,True,True
996c03db13b8afd1e8707f383cef74de8100202bf05fe3c73c48798528923df0,T4,True,True,True
996c03db13b8afd1e8707f383cef74de8100202bf05fe3c73c48798528923df0,T5,True,True,True
9a48b8a8d35c10c9696fa88651a5e839600948a47294a46721caa270613cc5cd,T0,True,True,True
9a48b8a8d35c10c9696fa88651a5e839600948a47294a46721caa270613cc5cd,T3,True,True,True
9a48b8a8d35c10c9696fa88651a5e839600948a47294a46721caa270613cc5cd,T4,True,True,True
9a48b8a8d35c10c9696fa88651a5e839600948a47294a46721caa270613cc5cd,T5,True,True,True
9a95b89b7aed4069296c76ff091de2e4b363583c73a648a5c37edbc80ebe97ee,T0,True,True,True
9a95b89b7aed4069296c76ff091de2e4b363583c73a648a5c37edbc80ebe97ee,T3,True,True,True
9a95b89b7aed4069296c76ff091de2e4b363583c73a648a5c37edbc80ebe97ee,T4,True,True,True
9a95b89b7aed4069296c76ff091de2e4b363583c73a648a5c37edbc80ebe97ee,T5,True,True,True
9cd58e1d566fb4441d8b7dbbbe6746c56c82824181c0896e95ccbc243d4f2626,T0,True,True,True
9cd58e1d566fb4441d8b7dbbbe6746c56c82824181c0896e95ccbc243d4f2626,T3,True,True,True
9cd58e1d566fb4441d8b7dbbbe6746c56c82824181c0896e95ccbc243d4f2626,T4,True,True,True
9cd58e1d566fb4441d8b7dbbbe6746c56c82824181c0896e95ccbc243d4f2626,T5,True,True,True
9fac6c285cc8c76a315fdb0ebc87d9b13258b066e1a43bf98a0b3f0c4041ec93,T0,True,True,True
9fac6c285cc8c76a315fdb0ebc87d9b13258b066e1a43bf98a0b3f0c4041ec93,T3,True,True,True
9fac6c285cc8c76a315fdb0ebc87d9b13258b066e1a43bf98a0b3f0c4041ec93,T4,True,True,True
9fac6c285cc8c76a315fdb0ebc87d9b13258b066e1a43bf98a0b3f0c4041ec93,T5,True,True,True
9fb3ba35b4c9be26de8fe444e1d8057bdc8018f5a3c044b453d270a222474319,T0,True,True,True
9fb3ba35b4c9be26de8fe444e1d8057bdc8018f5a3c044b453d270a222474319,T3,True,True,True
9fb3ba35b4c9be26de8fe444e1d8057bdc8018f5a3c044b453d270a222474319,T4,True,True,True
9fb3ba35b4c9be26de8fe444e1d8057bdc8018f5a3c044b453d270a222474319,T5,True,True,True
a2aed8ae91384128577f7d97b413b47249fa8eea55b7860ee373095c2671a43d,T0,True,True,True
a2aed8ae91384128577f7d97b413b47249fa8eea55b7860ee373095c2671a43d,T3,True,True,True
a2aed8ae91384128577f7d97b413b47249fa8eea55b7860ee373095c2671a43d,T4,True,True,True
a2aed8ae91384128577f7d97b413b47249fa8eea55b7860ee373095c2671a43d,T5,True,True,True
a2c1a94c57d112205546cf50db6313a864cb117283441b2d9ceba73cdfdb5d4c,T0,True,True,True
a2c1a94c57d112205546cf50db6313a864cb117283441b2d9ceba73cdfdb5d4c,T3,True,True,True
a2c1a94c57d112205546cf50db6313a864cb117283441b2d9ceba73cdfdb5d4c,T4,True,True,True
a2c1a94c57d112205546cf50db6313a864cb117283441b2d9ceba73cdfdb5d4c,T5,True,True,True
a3a450f9313ceaddb2009d36def5be6496af9497d6dacd33873b70792a7047d7,T0,True,True,True
a3a450f9313ceaddb2009d36def5be6496af9497d6dacd33873b70792a7047d7,T3,True,True,True
a3a450f9313ceaddb2009d36def5be6496af9497d6dacd33873b70792a7047d7,T4,True,True,True
a3a450f9313ceaddb2009d36def5be6496af9497d6dacd33873b70792a7047d7,T5,True,True,True
a4ae82dae765d416ea2a087fedfefe60d89e5f7da5262c2d1d12fc40956fc27b,T0,True,True,True
a4ae82dae765d416ea2a087fedfefe60d89e5f7da5262c2d1d12fc40956fc27b,T3,True,True,True
a4ae82dae765d416ea2a087fedfefe60d89e5f7da5262c2d1d12fc40956fc27b,T4,True,True,True
a4ae82dae765d416ea2a087fedfefe60d89e5f7da5262c2d1d12fc40956fc27b,T5,True,True,True
a6f1302baac87b0fda4e2648522e2317160e4b5cb7be118bd813d61557cdc3a8,T0,True,True,True
a6f1302baac87b0fda4e2648522e2317160e4b5cb7be118bd813d61557cdc3a8,T3,True,True,True
a6f1302baac87b0fda4e2648522e2317160e4b5cb7be118bd813d61557cdc3a8,T4,True,True,True
a6f1302baac87b0fda4e2648522e2317160e4b5cb7be118bd813d61557cdc3a8,T5,True,True,True
a928a83babef545b9d62a4e50b0120478ba9b641722f710f84539cbcab78933e,T0,True,True,True
a928a83babef545b9d62a4e50b0120478ba9b641722f710f84539cbcab78933e,T3,True,True,True
a928a83babef545b9d62a4e50b0120478ba9b641722f710f84539cbcab78933e,T4,True,True,True
a928a83babef545b9d62a4e50b0120478ba9b641722f710f84539cbcab78933e,T5,True,True,True
aa0de654a47e927de2c6a19cd70be9c55ef99ca29bcbffadba1426d74621f407,T0,True,True,True
aa0de654a47e927de2c6a19cd70be9c55ef99ca29bcbffadba1426d74621f407,T3,True,True,True
aa0de654a47e927de2c6a19cd70be9c55ef99ca29bcbffadba1426d74621f407,T4,True,True,True
aa0de654a47e927de2c6a19cd70be9c55ef99ca29bcbffadba1426d74621f407,T5,True,True,True
ad1614a31df5db29c425dece10e5666125bf46471cacda20678e408c7751b55b,T0,True,True,True
ad1614a31df5db29c425dece10e5666125bf46471cacda20678e408c7751b55b,T3,True,True,True
ad1614a31df5db29c425dece10e5666125bf46471cacda20678e408c7751b55b,T4,True,True,True
ad1614a31df5db29c425dece10e5666125bf46471cacda20678e408c7751b55b,T5,True,True,True
ad6dc70331b4074cde617f42131d13f1e3c1af0539732fa3690dfd1b4601c772,T0,True,True,True
ad6dc70331b4074cde617f42131d13f1e3c1af0539732fa3690dfd1b4601c772,T3,True,True,True
ad6dc70331b4074cde617f42131d13f1e3c1af0539732fa3690dfd1b4601c772,T4,True,True,True
ad6dc70331b4074cde617f42131d13f1e3c1af0539732fa3690dfd1b4601c772,T5,True,True,True
aee813e27e89661fc9afd1439ece3bb24fca269c35c599cc759ff24ddab57bef,T0,True,True,True
aee813e27e89661fc9afd1439ece3bb24fca269c35c599cc759ff24ddab57bef,T3,True,True,True
aee813e27e89661fc9afd1439ece3bb24fca269c35c599cc759ff24ddab57bef,T4,True,True,True
aee813e27e89661fc9afd1439ece3bb24fca269c35c599cc759ff24ddab57bef,T5,True,True,True
afc87744cffd489b70b9003f8e95ecaa14bf49486ff5c2ba5e5e3cb6da485feb,T0,True,True,True
afc87744cffd489b70b9003f8e95ecaa14bf49486ff5c2ba5e5e3cb6da485feb,T3,True,True,True
afc87744cffd489b70b9003f8e95ecaa14bf49486ff5c2ba5e5e3cb6da485feb,T4,True,True,True
afc87744cffd489b70b9003f8e95ecaa14bf49486ff5c2ba5e5e3cb6da485feb,T5,True,True,True
b0ca1c666147d22f0df1f657e2ad37f82c2dbd72fbee073ecaf339a15bf590b3,T0,True,True,True
b0ca1c666147d22f0df1f657e2ad37f82c2dbd72fbee073ecaf339a15bf590b3,T3,True,True,True
b0ca1c666147d22f0df1f657e2ad37f82c2dbd72fbee073ecaf339a15bf590b3,T4,True,True,True
b0ca1c666147d22f0df1f657e2ad37f82c2dbd72fbee073ecaf339a15bf590b3,T5,True,True,True
b10e5786ee75f4f3ceb61466f5ae6502ae2ed584a3774015c01efaaac098caeb,T0,True,True,True
b10e5786ee75f4f3ceb61466f5ae6502ae2ed584a3774015c01efaaac098caeb,T3,True,True,True
b10e5786ee75f4f3ceb61466f5ae6502ae2ed584a3774015c01efaaac098caeb,T4,True,True,True
b10e5786ee75f4f3ceb61466f5ae6502ae2ed584a3774015c01efaaac098caeb,T5,True,True,True
bb16e19b3e8abd378a0f469eb8c62aade0d44c020067925db7aa302329933e1f,T0,True,True,True
bb16e19b3e8abd378a0f469eb8c62aade0d44c020067925db7aa302329933e1f,T3,True,True,True
bb16e19b3e8abd378a0f469eb8c62aade0d44c020067925db7aa302329933e1f,T4,True,True,True
bb16e19b3e8abd378a0f469eb8c62aade0d44c020067925db7aa302329933e1f,T5,True,True,True
bc9443215df6e659661924bfd50a16aacd685a79178c8e261d1879090e174438,T0,True,True,True
bc9443215df6e659661924bfd50a16aacd685a79178c8e261d1879090e174438,T3,True,True,True
bc9443215df6e659661924bfd50a16aacd685a79178c8e261d1879090e174438,T4,True,True,True
bc9443215df6e659661924bfd50a16aacd685a79178c8e261d1879090e174438,T5,True,True,True
c05526ecb6806b268e9e1896b8832f5831fbeb2e6e65a2642a6efbf9f043656c,T0,True,True,True
c05526ecb6806b268e9e1896b8832f5831fbeb2e6e65a2642a6efbf9f043656c,T3,True,True,True
c05526ecb6806b268e9e1896b8832f5831fbeb2e6e65a2642a6efbf9f043656c,T4,True,True,True
c05526ecb6806b268e9e1896b8832f5831fbeb2e6e65a2642a6efbf9f043656c,T5,True,True,True
c0a4432df2163f61270b31abc1cd02b4d758686d3080aac555dab98e4f269c2a,T0,True,True,True
c0a4432df2163f61270b31abc1cd02b4d758686d3080aac555dab98e4f269c2a,T3,True,True,True
c0a4432df2163f61270b31abc1cd02b4d758686d3080aac555dab98e4f269c2a,T4,True,True,True
c0a4432df2163f61270b31abc1cd02b4d758686d3080aac555dab98e4f269c2a,T5,True,True,True
c491b430b29ef0c7341dc243289a6432e66d64339e24cb28b235957ddf51ea73,T0,True,True,True
c491b430b29ef0c7341dc243289a6432e66d64339e24cb28b235957ddf51ea73,T3,True,True,True
c491b430b29ef0c7341dc243289a6432e66d64339e24cb28b235957ddf51ea73,T4,True,True,True
c491b430b29ef0c7341dc243289a6432e66d64339e24cb28b235957ddf51ea73,T5,True,True,True
c505e2cc19abc2f41063f5d37e09bc1a723e9df14647d24a3299b05ef4dc8215,T0,True,True,True
c505e2cc19abc2f41063f5d37e09bc1a723e9df14647d24a3299b05ef4dc8215,T3,True,True,True
c505e2cc19abc2f41063f5d37e09bc1a723e9df14647d24a3299b05ef4dc8215,T4,True,True,True
c505e2cc19abc2f41063f5d37e09bc1a723e9df14647d24a3299b05ef4dc8215,T5,True,True,True
c8ded625a3e1509e8f29407e3829f984e30c7a027c73183e023546d735e6a8b0,T0,True,True,True
c8ded625a3e1509e8f29407e3829f984e30c7a027c73183e023546d735e6a8b0,T3,True,True,True
c8ded625a3e1509e8f29407e3829f984e30c7a027c73183e023546d735e6a8b0,T4,True,True,True
c8ded625a3e1509e8f29407e3829f984e30c7a027c73183e023546d735e6a8b0,T5,True,True,True
c91329e2685632636eaaab9e0a16a9e716884030ecd7ec704d19ad29fe870db6,T0,True,True,True
c91329e2685632636eaaab9e0a16a9e716884030ecd7ec704d19ad29fe870db6,T3,True,True,True
c91329e2685632636eaaab9e0a16a9e716884030ecd7ec704d19ad29fe870db6,T4,True,True,True
c91329e2685632636eaaab9e0a16a9e716884030ecd7ec704d19ad29fe870db6,T5,True,True,True
cac0fa7214cbe64d0ab89e006dbeb1ae517eefeda15cb3aa8bcd8b699fbf7f54,T0,True,True,True
cac0fa7214cbe64d0ab89e006dbeb1ae517eefeda15cb3aa8bcd8b699fbf7f54,T3,True,True,True
cac0fa7214cbe64d0ab89e006dbeb1ae517eefeda15cb3aa8bcd8b699fbf7f54,T4,True,True,True
cac0fa7214cbe64d0ab89e006dbeb1ae517eefeda15cb3aa8bcd8b699fbf7f54,T5,True,True,True
cc50a44f4933ce813b8cb212ba62698d3ce88e09c0bbc97b3982ded33080a34b,T0,True,True,True
cc50a44f4933ce813b8cb212ba62698d3ce88e09c0bbc97b3982ded33080a34b,T3,True,True,True
cc50a44f4933ce813b8cb212ba62698d3ce88e09c0bbc97b3982ded33080a34b,T4,True,True,True
cc50a44f4933ce813b8cb212ba62698d3ce88e09c0bbc97b3982ded33080a34b,T5,True,True,True
cdb209dfdd30b70226f07ea3b2a1d66934b12cde4d1418a7e0eb8415102cefbf,T0,True,True,True
cdb209dfdd30b70226f07ea3b2a1d66934b12cde4d1418a7e0eb8415102cefbf,T3,True,True,True
cdb209dfdd30b70226f07ea3b2a1d66934b12cde4d1418a7e0eb8415102cefbf,T4,True,True,True
cdb209dfdd30b70226f07ea3b2a1d66934b12cde4d1418a7e0eb8415102cefbf,T5,True,True,True
ce418392d0f5b3d30a62289bda84082443e573f72af0cb4e771adddf4912a672,T0,True,True,True
ce418392d0f5b3d30a62289bda84082443e573f72af0cb4e771adddf4912a672,T3,True,True,True
ce418392d0f5b3d30a62289bda84082443e573f72af0cb4e771adddf4912a672,T4,True,True,True
ce418392d0f5b3d30a62289bda84082443e573f72af0cb4e771adddf4912a672,T5,True,True,True
cea8b197e0ac37ba00febf6c4e1bde145a44edf5947f2bfb92cd7b0acb1457db,T0,True,True,True
cea8b197e0ac37ba00febf6c4e1bde145a44edf5947f2bfb92cd7b0acb1457db,T3,True,True,True
cea8b197e0ac37ba00febf6c4e1bde145a44edf5947f2bfb92cd7b0acb1457db,T4,True,True,True
cea8b197e0ac37ba00febf6c4e1bde145a44edf5947f2bfb92cd7b0acb1457db,T5,True,True,True
d0d48352cdbd19507f0a552246d2a2168bc1dfc2e3863af994305ead2aae7dd3,T0,True,True,True
d0d48352cdbd19507f0a552246d2a2168bc1dfc2e3863af994305ead2aae7dd3,T3,True,True,True
d0d48352cdbd19507f0a552246d2a2168bc1dfc2e3863af994305ead2aae7dd3,T4,True,True,True
d0d48352cdbd19507f0a552246d2a2168bc1dfc2e3863af994305ead2aae7dd3,T5,True,True,True
d0dedac3786f3c50237add4d7bfb2121d310f476830a81ea6feb08305f5cf3e2,T0,True,True,True
d0dedac3786f3c50237add4d7bfb2121d310f476830a81ea6feb08305f5cf3e2,T3,True,True,True
d0dedac3786f3c50237add4d7bfb2121d310f476830a81ea6feb08305f5cf3e2,T4,True,True,True
d0dedac3786f3c50237add4d7bfb2121d310f476830a81ea6feb08305f5cf3e2,T5,True,True,True
d31bdff62a5431cefbafc1ddcca80f33a7b9e4e9d9f4bde3097e57f2a64305ba,T0,True,True,True
d31bdff62a5431cefbafc1ddcca80f33a7b9e4e9d9f4bde3097e57f2a64305ba,T3,True,True,True
d31bdff62a5431cefbafc1ddcca80f33a7b9e4e9d9f4bde3097e57f2a64305ba,T4,True,True,True
d31bdff62a5431cefbafc1ddcca80f33a7b9e4e9d9f4bde3097e57f2a64305ba,T5,True,True,True
d35369d23dcfca940802e819edbb63fe588d8bcdb32d728cabfe82a68292ab6a,T0,True,True,True
d35369d23dcfca940802e819edbb63fe588d8bcdb32d728cabfe82a68292ab6a,T3,True,True,True
d35369d23dcfca940802e819edbb63fe588d8bcdb32d728cabfe82a68292ab6a,T4,True,True,True
d35369d23dcfca940802e819edbb63fe588d8bcdb32d728cabfe82a68292ab6a,T5,True,True,True
d35de5394da8e8af12e0fa779b01cf8497c1cc6f87f64264f948bc187b357d73,T0,True,True,True
d35de5394da8e8af12e0fa779b01cf8497c1cc6f87f64264f948bc187b357d73,T3,True,True,True
d35de5394da8e8af12e0fa779b01cf8497c1cc6f87f64264f948bc187b357d73,T4,True,True,True
d35de5394da8e8af12e0fa779b01cf8497c1cc6f87f64264f948bc187b357d73,T5,True,True,True
d3f802c5c147cd1fb842715b1ad21f6f8e9faa2d9d00ce60d1fce94c4304ff1e,T0,True,True,True
d3f802c5c147cd1fb842715b1ad21f6f8e9faa2d9d00ce60d1fce94c4304ff1e,T3,True,True,True
d3f802c5c147cd1fb842715b1ad21f6f8e9faa2d9d00ce60d1fce94c4304ff1e,T4,True,True,True
d3f802c5c147cd1fb842715b1ad21f6f8e9faa2d9d00ce60d1fce94c4304ff1e,T5,True,True,True
d4241ccb0b12c49180c5b46a1c5f7c5fe602cec9b4deb75282437541050b5fcb,T0,True,True,True
d4241ccb0b12c49180c5b46a1c5f7c5fe602cec9b4deb75282437541050b5fcb,T3,True,True,True
d4241ccb0b12c49180c5b46a1c5f7c5fe602cec9b4deb75282437541050b5fcb,T4,True,True,True
d4241ccb0b12c49180c5b46a1c5f7c5fe602cec9b4deb75282437541050b5fcb,T5,True,True,True
d716b45450cc92f0207e397647f2e955120b268a9c3a06f632f6beb374da68a3,T0,True,True,True
d716b45450cc92f0207e397647f2e955120b268a9c3a06f632f6beb374da68a3,T3,True,True,True
d716b45450cc92f0207e397647f2e955120b268a9c3a06f632f6beb374da68a3,T4,True,True,True
d716b45450cc92f0207e397647f2e955120b268a9c3a06f632f6beb374da68a3,T5,True,True,True
d7bf00bba92da939b45008d97af6b4c84e6278724e013e42d7b4e27c38110458,T0,True,True,True
d7bf00bba92da939b45008d97af6b4c84e6278724e013e42d7b4e27c38110458,T3,True,True,True
d7bf00bba92da939b45008d97af6b4c84e6278724e013e42d7b4e27c38110458,T4,True,True,True
d7bf00bba92da939b45008d97af6b4c84e6278724e013e42d7b4e27c38110458,T5,True,True,True
d9c7c3a3d62120d82c1b75cbfaa8055c1c35fc78cc555030391d0f1e55c6d7cb,T0,True,True,True
d9c7c3a3d62120d82c1b75cbfaa8055c1c35fc78cc555030391d0f1e55c6d7cb,T3,True,True,True
d9c7c3a3d62120d82c1b75cbfaa8055c1c35fc78cc555030391d0f1e55c6d7cb,T4,True,True,True
d9c7c3a3d62120d82c1b75cbfaa8055c1c35fc78cc555030391d0f1e55c6d7cb,T5,True,True,True
db2cc1ea75160c34bce816a645a9c82d6f0612c69f4ddc628944665334960a3c,T0,True,True,True
db2cc1ea75160c34bce816a645a9c82d6f0612c69f4ddc628944665334960a3c,T3,True,True,True
db2cc1ea75160c34bce816a645a9c82d6f0612c69f4ddc628944665334960a3c,T4,True,True,True
db2cc1ea75160c34bce816a645a9c82d6f0612c69f4ddc628944665334960a3c,T5,True,True,True
dbc748607fd562ae9060d46dab8422056efb10dc54a5f2c8b485d3a6bc8711fe,T0,True,True,True
dbc748607fd562ae9060d46dab8422056efb10dc54a5f2c8b485d3a6bc8711fe,T3,True,True,True
dbc748607fd562ae9060d46dab8422056efb10dc54a5f2c8b485d3a6bc8711fe,T4,True,True,True
dbc748607fd562ae9060d46dab8422056efb10dc54a5f2c8b485d3a6bc8711fe,T5,True,True,True
df92f58df4cc2c2dbde60b361c69ab0eb8f2334109a3b3b00348f897e9ca68f9,T0,True,True,True
df92f58df4cc2c2dbde60b361c69ab0eb8f2334109a3b3b00348f897e9ca68f9,T3,True,True,True
df92f58df4cc2c2dbde60b361c69ab0eb8f2334109a3b3b00348f897e9ca68f9,T4,True,True,True
df92f58df4cc2c2dbde60b361c69ab0eb8f2334109a3b3b00348f897e9ca68f9,T5,True,True,True
e08e53f8618d77cfcb833bf74cc19624c1264d5c4f951bdc414d285aef892c2a,T0,True,True,True
e08e53f8618d77cfcb833bf74cc19624c1264d5c4f951bdc414d285aef892c2a,T3,True,True,True
e08e53f8618d77cfcb833bf74cc19624c1264d5c4f951bdc414d285aef892c2a,T4,True,True,True
e08e53f8618d77cfcb833bf74cc19624c1264d5c4f951bdc414d285aef892c2a,T5,True,True,True
e13bf18f90782e12eff5b2a82e34a23f4c3da60257463a6615bef523cd15e752,T0,True,True,True
e13bf18f90782e12eff5b2a82e34a23f4c3da60257463a6615bef523cd15e752,T3,True,True,True
e13bf18f90782e12eff5b2a82e34a23f4c3da60257463a6615bef523cd15e752,T4,True,True,True
e13bf18f90782e12eff5b2a82e34a23f4c3da60257463a6615bef523cd15e752,T5,True,True,True
e4af26a75545582e1ab872948ff9db6323497b6d05be6c0051b7211af10f7fd1,T0,True,True,True
e4af26a75545582e1ab872948ff9db6323497b6d05be6c0051b7211af10f7fd1,T3,True,True,True
e4af26a75545582e1ab872948ff9db6323497b6d05be6c0051b7211af10f7fd1,T4,True,True,True
e4af26a75545582e1ab872948ff9db6323497b6d05be6c0051b7211af10f7fd1,T5,True,True,True
eae655db4698b26b8506484e3d2964ae122201a1fc6e1efb5f1c16cdc3b64049,T0,True,True,True
eae655db4698b26b8506484e3d2964ae122201a1fc6e1efb5f1c16cdc3b64049,T3,True,True,True
eae655db4698b26b8506484e3d2964ae122201a1fc6e1efb5f1c16cdc3b64049,T4,True,True,True
eae655db4698b26b8506484e3d2964ae122201a1fc6e1efb5f1c16cdc3b64049,T5,True,True,True
eb6704eeee9a9abba2fc2f51151204c4a573f0e711c727c3beb28b780a34780c,T0,True,True,True
eb6704eeee9a9abba2fc2f51151204c4a573f0e711c727c3beb28b780a34780c,T3,True,True,True
eb6704eeee9a9abba2fc2f51151204c4a573f0e711c727c3beb28b780a34780c,T4,True,True,True
eb6704eeee9a9abba2fc2f51151204c4a573f0e711c727c3beb28b780a34780c,T5,True,True,True
eb7109e266e4b82c5c40e57d34e79d881672c52b72920bfbadaae2073c969552,T0,True,True,True
eb7109e266e4b82c5c40e57d34e79d881672c52b72920bfbadaae2073c969552,T3,True,True,True
eb7109e266e4b82c5c40e57d34e79d881672c52b72920bfbadaae2073c969552,T4,True,True,True
eb7109e266e4b82c5c40e57d34e79d881672c52b72920bfbadaae2073c969552,T5,True,True,True
ec40f07be49219f365f3c31b8e4fc0335a4215a20a4ad5fe8f4ba7470503754c,T0,True,True,True
ec40f07be49219f365f3c31b8e4fc0335a4215a20a4ad5fe8f4ba7470503754c,T3,True,True,True
ec40f07be49219f365f3c31b8e4fc0335a4215a20a4ad5fe8f4ba7470503754c,T4,True,True,True
ec40f07be49219f365f3c31b8e4fc0335a4215a20a4ad5fe8f4ba7470503754c,T5,True,True,True
ec74e741d6422e5050b1abd86d31b39929eb5b8549360b4faa0a63f9262b539d,T0,True,True,True
ec74e741d6422e5050b1abd86d31b39929eb5b8549360b4faa0a63f9262b539d,T3,True,True,True
ec74e741d6422e5050b1abd86d31b39929eb5b8549360b4faa0a63f9262b539d,T4,True,True,True
ec74e741d6422e5050b1abd86d31b39929eb5b8549360b4faa0a63f9262b539d,T5,True,True,True
ec9503c6deb0e6d6538ee9b707aa7fc898aef19d75519ddf35fe549597da80a1,T0,True,True,True
ec9503c6deb0e6d6538ee9b707aa7fc898aef19d75519ddf35fe549597da80a1,T3,True,True,True
ec9503c6deb0e6d6538ee9b707aa7fc898aef19d75519ddf35fe549597da80a1,T4,True,True,True
ec9503c6deb0e6d6538ee9b707aa7fc898aef19d75519ddf35fe549597da80a1,T5,True,True,True
eed93994a6adad820f6549e6e20cbe93f64f0060a52d3af8e31077710e1a77fe,T0,True,True,True
eed93994a6adad820f6549e6e20cbe93f64f0060a52d3af8e31077710e1a77fe,T3,True,True,True
eed93994a6adad820f6549e6e20cbe93f64f0060a52d3af8e31077710e1a77fe,T4,True,True,True
eed93994a6adad820f6549e6e20cbe93f64f0060a52d3af8e31077710e1a77fe,T5,True,True,True
ef98391de8f801b35fcec12d7b524a0be5c766b9c84d2e36603c105dbd8f7116,T0,True,True,True
ef98391de8f801b35fcec12d7b524a0be5c766b9c84d2e36603c105dbd8f7116,T3,True,True,True
ef98391de8f801b35fcec12d7b524a0be5c766b9c84d2e36603c105dbd8f7116,T4,True,True,True
ef98391de8f801b35fcec12d7b524a0be5c766b9c84d2e36603c105dbd8f7116,T5,True,True,True
ef9b265b3c0689deea4d6347e77e250fbb72b3d5b45768806264de9005b7c3e8,T0,True,True,True
ef9b265b3c0689deea4d6347e77e250fbb72b3d5b45768806264de9005b7c3e8,T3,True,True,True
ef9b265b3c0689deea4d6347e77e250fbb72b3d5b45768806264de9005b7c3e8,T4,True,True,True
ef9b265b3c0689deea4d6347e77e250fbb72b3d5b45768806264de9005b7c3e8,T5,True,True,True
efdaacba8f4a5c0d58c0adb6ee32c5c86d760cdb66eda6c7f7d5f2f338b4caa5,T0,True,True,True
efdaacba8f4a5c0d58c0adb6ee32c5c86d760cdb66eda6c7f7d5f2f338b4caa5,T3,True,True,True
efdaacba8f4a5c0d58c0adb6ee32c5c86d760cdb66eda6c7f7d5f2f338b4caa5,T4,True,True,True
efdaacba8f4a5c0d58c0adb6ee32c5c86d760cdb66eda6c7f7d5f2f338b4caa5,T5,True,True,True
f04c5f9198427ddb50a413ef41e9cf3d877b8ffdfa63e3349044daa372bb226c,T0,True,True,True
f04c5f9198427ddb50a413ef41e9cf3d877b8ffdfa63e3349044daa372bb226c,T3,True,True,True
f04c5f9198427ddb50a413ef41e9cf3d877b8ffdfa63e3349044daa372bb226c,T4,True,True,True
f04c5f9198427ddb50a413ef41e9cf3d877b8ffdfa63e3349044daa372bb226c,T5,True,True,True
f1db4d3c9b7d73d26d303534a6845276c17c7181324656367b0f21f9cb9a7bc9,T0,True,True,True
f1db4d3c9b7d73d26d303534a6845276c17c7181324656367b0f21f9cb9a7bc9,T3,True,True,True
f1db4d3c9b7d73d26d303534a6845276c17c7181324656367b0f21f9cb9a7bc9,T4,True,True,True
f1db4d3c9b7d73d26d303534a6845276c17c7181324656367b0f21f9cb9a7bc9,T5,True,True,True
f20304d9829cd1ebda2d497ee0dd5a79bdc7f93d34b68baddcb228e99b81ebbe,T0,True,True,True
f20304d9829cd1ebda2d497ee0dd5a79bdc7f93d34b68baddcb228e99b81ebbe,T3,True,True,True
f20304d9829cd1ebda2d497ee0dd5a79bdc7f93d34b68baddcb228e99b81ebbe,T4,True,True,True
f20304d9829cd1ebda2d497ee0dd5a79bdc7f93d34b68baddcb228e99b81ebbe,T5,True,True,True
f2a0372b48ecb146721a5a97015730fd57d998767bee00a9570618d5b4a15334,T0,True,True,True
f2a0372b48ecb146721a5a97015730fd57d998767bee00a9570618d5b4a15334,T3,True,True,True
f2a0372b48ecb146721a5a97015730fd57d998767bee00a9570618d5b4a15334,T4,True,True,True
f2a0372b48ecb146721a5a97015730fd57d998767bee00a9570618d5b4a15334,T5,True,True,True
f37d2a4996b7b5ce70513d5a92bdd7b0e05be64b6c08b51aa368154fcfad91c4,T0,True,True,True
f37d2a4996b7b5ce70513d5a92bdd7b0e05be64b6c08b51aa368154fcfad91c4,T3,True,True,True
f37d2a4996b7b5ce70513d5a92bdd7b0e05be64b6c08b51aa368154fcfad91c4,T4,True,True,True
f37d2a4996b7b5ce70513d5a92bdd7b0e05be64b6c08b51aa368154fcfad91c4,T5,True,True,True
f524e071bcf08ff1baad251f50a7a97999375742cfa6dd57e94b8aa3a1ceaa04,T0,True,True,True
f524e071bcf08ff1baad251f50a7a97999375742cfa6dd57e94b8aa3a1ceaa04,T3,True,True,True
f524e071bcf08ff1baad251f50a7a97999375742cfa6dd57e94b8aa3a1ceaa04,T4,True,True,True
f524e071bcf08ff1baad251f50a7a97999375742cfa6dd57e94b8aa3a1ceaa04,T5,True,True,True
f538e6d9e25af7fa03c2210f1b0ef02f8ee12550bee0b32a4bd212ba68e29d94,T0,True,True,True
f538e6d9e25af7fa03c2210f1b0ef02f8ee12550bee0b32a4bd212ba68e29d94,T3,True,True,True
f538e6d9e25af7fa03c2210f1b0ef02f8ee12550bee0b32a4bd212ba68e29d94,T4,True,True,True
f538e6d9e25af7fa03c2210f1b0ef02f8ee12550bee0b32a4bd212ba68e29d94,T5,True,True,True
f6de5c13ed4fd11307e97176a4d61e5186ee5234eb6a25331341e4aa82d86287,T0,True,True,True
f6de5c13ed4fd11307e97176a4d61e5186ee5234eb6a25331341e4aa82d86287,T3,True,True,True
f6de5c13ed4fd11307e97176a4d61e5186ee5234eb6a25331341e4aa82d86287,T4,True,True,True
f6de5c13ed4fd11307e97176a4d61e5186ee5234eb6a25331341e4aa82d86287,T5,True,True,True
f6e1ffc35259211e4c898f01fc2d43df8802b8a13c1581735a278c681e67bc92,T0,True,True,True
f6e1ffc35259211e4c898f01fc2d43df8802b8a13c1581735a278c681e67bc92,T3,True,True,True
f6e1ffc35259211e4c898f01fc2d43df8802b8a13c1581735a278c681e67bc92,T4,True,True,True
f6e1ffc35259211e4c898f01fc2d43df8802b8a13c1581735a278c681e67bc92,T5,True,True,True
f792425150ef401049f0567570e52700cf4a65c670dbc40e2987e227ad7b818c,T0,True,True,True
f792425150ef401049f0567570e52700cf4a65c670dbc40e2987e227ad7b818c,T3,True,True,True
f792425150ef401049f0567570e52700cf4a65c670dbc40e2987e227ad7b818c,T4,True,True,True
f792425150ef401049f0567570e52700cf4a65c670dbc40e2987e227ad7b818c,T5,True,True,True
f8a29966fb2123d58aa5371a0d5ef847b77b0d3a3efbd0e38dc667d80aa3db54,T0,True,True,True
f8a29966fb2123d58aa5371a0d5ef847b77b0d3a3efbd0e38dc667d80aa3db54,T3,True,True,True
f8a29966fb2123d58aa5371a0d5ef847b77b0d3a3efbd0e38dc667d80aa3db54,T4,True,True,True
f8a29966fb2123d58aa5371a0d5ef847b77b0d3a3efbd0e38dc667d80aa3db54,T5,True,True,True
fa86e109c063366a399a71e8f1b5d56e1cd7ca60dcb9782a5c568d18bc8838d8,T0,True,True,True
fa86e109c063366a399a71e8f1b5d56e1cd7ca60dcb9782a5c568d18bc8838d8,T3,True,True,True
fa86e109c063366a399a71e8f1b5d56e1cd7ca60dcb9782a5c568d18bc8838d8,T4,True,True,True
fa86e109c063366a399a71e8f1b5d56e1cd7ca60dcb9782a5c568d18bc8838d8,T5,True,True,True
fb5830d3a45b1646a07299fbfcfec7df52b57bf6253116db62f1d7c0ad326c2b,T0,True,True,True
fb5830d3a45b1646a07299fbfcfec7df52b57bf6253116db62f1d7c0ad326c2b,T3,True,True,True
fb5830d3a45b1646a07299fbfcfec7df52b57bf6253116db62f1d7c0ad326c2b,T4,True,True,True
fb5830d3a45b1646a07299fbfcfec7df52b57bf6253116db62f1d7c0ad326c2b,T5,True,True,True
fb5af5f7dd217463205da05462b43b882bc5694f0971c8bf093ea12e349625a6,T0,True,True,True
fb5af5f7dd217463205da05462b43b882bc5694f0971c8bf093ea12e349625a6,T3,True,True,True
fb5af5f7dd217463205da05462b43b882bc5694f0971c8bf093ea12e349625a6,T4,True,True,True
fb5af5f7dd217463205da05462b43b882bc5694f0971c8bf093ea12e349625a6,T5,True,True,True
fe8d6ea33b2967974ed5d5bb87deaec20c56d3847aeb51fca31b56797035a3a8,T0,True,True,True
fe8d6ea33b2967974ed5d5bb87deaec20c56d3847aeb51fca31b56797035a3a8,T3,True,True,True
fe8d6ea33b2967974ed5d5bb87deaec20c56d3847aeb51fca31b56797035a3a8,T4,True,True,True
fe8d6ea33b2967974ed5d5bb87deaec20c56d3847aeb51fca31b56797035a3a8,T5,True,True,True
