source_group_id,question,r_o,r_s,OO_correct,OS_correct,SO_correct,SS_correct,OO_d_raw,OS_d_raw,SO_d_raw,SS_d_raw
05677026bd7ad785bb85a02f4258464dc4476b9c08d7f52ac641e994b9b13c2a,What is the creation of a new species called?,speciation,gills,True,True,True,False,16.4531,-21.8750,-13.8750,-14.1250
06efe48e5f13ce79575b3df69ff31f1debe36fda0879f1ee34b6bf34d82a7e75,What kind of muscle cells have a single nucleus and are spindle-shaped?,smooth muscle,fiber optics,True,True,True,False,16.0078,-20.8438,-16.1523,-17.1309
0a10ac3133a9f765768b242af148337eaa1355bf976f5ec1b1904d0d49b74d69,The radioactive gas radon and uv radiation are culprits in different types of what disease?,cancer,alteration,True,True,True,False,16.3782,-19.1562,-4.5625,-3.0000
0e5e53a12a3532a8b292e0da9c32e962c792c48de4cf14ea151217f38da9e546,Purple loosestrife is a european wildflower that was introduced to which continent in the 1800's?,north america,intercellular,True,True,True,False,18.1094,-19.7188,-17.0625,-14.2188
0e6720dd58fc316e965e53fb88c5ce64e44eec09e9871c0869bdb0d5aac8fb45,Which element has the highest electronegativity value?,fluorine,chemosynthesis,True,True,True,False,18.4688,-21.7500,-13.1250,-16.3398
0f7d3b6b43185a49146f9aaa61004619b4a66588a563e78ee9496ebd709b0e37,What is the simplest life cycle?,haploid,suspension feeders,True,True,True,True,13.7656,-20.0938,-18.0000,8.0625
10c688835407c6795fb879cb2535d55f0927bb85029e051e3aa4de6c67c47398,"What planet, covered by a thick layer of clouds, looks smooth and featureless through a telescope?",venus,breed,True,True,True,False,16.8359,-19.1719,-4.0625,-11.0000
10d1ca49154e403b4cc726dc01e324f7682258a89f9d3e5dfcb79cf6f7ae6c5c,"Exotic species, also known as invasive or non-native species often cause _______ when introduced to new environments.",extinction,nervous system,True,True,True,False,14.5938,-21.4062,-18.5781,-15.4375
121e26ee9b46cb89d2b26ca75281dd4a9e3fc03bacd4c01f7791bd5ede17b716,Which law predicts increasing entropy based on living systems?,thermodynamic,fracking,True,True,True,False,13.4531,-21.6875,-15.4531,-10.9375
13fcd9e40a8a4329cdef20721434615139e6b2dc95f180fe2e64a67038331f22,"When you burn wood into ash or burn a marshmallow to become brown and crispy, it is impossible to undo. this change is known as what?",chemical change,the sun,True,True,True,False,18.0000,-20.3125,-12.4062,-13.0312
143ba7a15fe9c68797c08230ee3931a9dfcfe6f873640ca2fd4f8623e0c2972b,What is the most important element to life?,carbon,greater,True,True,True,True,17.3906,-17.1406,-19.5312,7.0625
199078912aef9601d43fbb41eeeb0ec45ab7f752eb6378b83eae3b082379161c,A pigment within plant cells which absorbs light is called?,chlorophyll,cell membrane,True,True,True,False,17.0312,-22.2812,-17.3438,-18.0469
1a07b80e58d0120531bcefee7ba132e3bd77bef834bc592741b579d8a1952ad2,What is the largest known animal?,the blue whale,replace another in a molecule,True,True,True,False,17.4062,-21.9375,-17.8750,-11.8125
1a2ede8310b68c121c2eebd7ad1c6b47b21796df96ea64159dbc9e76f1ae27ba,What is the process by which the nucleus of a eukaryotic cell divides?,mitosis,causation,True,True,True,False,16.9688,-21.7812,-13.7891,-9.3750
1b113718103da2934eb80b31e07a36abff54f00e7334be16390372856a3b6d5c,What do most of the noble gas elements have in common?,eight valence electrons,ice,True,True,True,False,13.7344,-19.7500,-19.0312,-15.1113
1b534c132ccabe1a0e4a1e184b5e57df190c3eef651eeb6d0cce1944eb689ffd,"Distinguished by the great red spot, what planet has an upper atmosphere containing ammonia clouds?",jupiter,oogenesis,True,True,True,False,17.3750,-21.6250,-1.9375,-15.1250
1be6fa12bbdbfbd851812045dffe0981b2fdc90feaecff40cbe7d533433160fb,Research that focuses on understanding basic properties and processes without concern for the usefulness of this understanding is known as what kind of research?,pure research,magnetosphere,True,True,False,False,18.2500,-21.2188,9.2188,-16.4316
1beb2aa5b13171309874a37d5260ebb4e081a26981486965e2d55ecbd0e23e72,What plant structures are the main avenues by which water evaporates from the sporophyte?,stomata,flower,True,True,True,True,16.2695,-20.6250,-18.0938,11.0938
1c35548b29d8511a72048aa2f5760aa0375a344a23b694ddc903a3c3b9d10eb8,What makes the sun glow brightly?,nuclear fusion,global warming,True,True,True,False,16.7109,-22.7500,-19.1875,-6.1250
1e775ec427e192a7277498b2b5f22a189e2fd5e4a7ebe9a5d7ceb04d0edb4bea,What makes nobel gases unreactive?,its electon configuration,connective tissue,True,True,True,False,15.5312,-22.3125,-18.6562,-15.0938
20ca76d8e4f85568513476a52df419d075d3dd5fc5ccecf57f95ac7dd8fc87e6,Epithelial cells are found in what body organ?,skin,entropy,True,True,True,False,18.3906,-20.0312,-18.7188,-15.3906
21b042f63c92b50654186c8fe4187eace9b61ae49c15626476e5b27ce23675bb,"Protozoa that cause malaria are spread by a vector, entering the blood through the bite of what insect?",mosquito,carbon dioxide,True,True,True,False,16.8594,-21.4375,-14.3984,-16.0352
21e85b4efb563c2c7d719cd82eed25f1248ca7f7c8365f703644ce3dc4ad3f31,Bacteria and archaea that survive under extreme conditions are called?,extremophiles,size and direction,True,True,True,False,16.3906,-20.5625,-14.7031,-10.0938
230f4886e25e9c27f1c5aeb6202ef50688d4072ec21a5516491ea31cdf4274d7,Amorphous selenium is a photosensitive what?,semiconductor,mammary,True,True,True,False,17.2344,-19.9062,-16.2422,-11.6250
23b2da192ff61c4753bc05910769816eed0a3667db2a4b773622bce58081ef84,What is the mode of breathing that occurs at rest and does not require the cognitive thought of the individual?,quiet breathing,causes pollution,True,True,True,False,17.3750,-21.8750,-17.2500,-13.1875
24b91442961df4239a123354c44e53dab4a44f7cff6e66fec314c22e1b1540ea,What are the outer planets of the solar system made of?,gases,cancer,True,True,True,False,19.4688,-18.9844,-17.6719,-9.0000
273e7a2bbe79fb45e3da5b01c63233ca2a0293e88be678371d45e6e734eb3687,"In the primary response to infection, what are secreted first from plasma cells?",antibodies,medium,True,True,True,True,15.3398,-19.0625,-16.0312,8.3438
2a20d544ff618b9501d9400c452e6e02e2e866fa2d6a08fb345c2ffb4f633edb,What is the three-dimensional structure of a single polypeptide called?,tertiary structure,electron affinity,True,True,True,False,18.1875,-21.6562,-17.6406,-19.0000
2b8a5200282c3f8748e7a842c78898590dde7c3432e54daf87ca95ce25b4c54e,What phase is pure chlorine present as?,gas,hydrolysis,True,True,True,False,17.7969,-21.3125,-15.6016,-9.6250
2dc8c8368d496987fff43c67a7613468467b611e116687d0980c83a39cd910aa,What is the term for sediment deposited by a glacier?,moraine,salivation,True,True,True,True,17.9062,-22.3125,-19.8750,10.7500
2f4703494c2a9ce69c4a05d3a0f85a95e69e0b7a1564dc0cfba14f55769487d6,What is the term for the interaction of waves with other waves?,wave interference,index fossils,True,True,True,False,16.5156,-22.6250,-11.0938,-17.7539
31bc2caab699df9cd3f29bcee3a64a7be3446b3056011e8d837007ac97aec033,Regular checkups with what type of specialist can detect skin cancers early?,dermatologist,mutation,True,True,True,False,15.7344,-21.2188,-16.3047,-13.4531
32433ec8d7c816d84564c39977c687496178d90300834bb1c8fb5dbe8c496afd,Cardiac muscle normally has what kind of oxygen-using metabolism?,aerobic,metamorphosis,True,True,True,False,18.8750,-21.6562,-14.5801,-11.1250
329dd7e54066ef13a3da213f7f3b6cff598c5899634f90f2aa842bf03bdfe22b,A homogeneous mixture composed of two or more substances is called a what?,solution,excitatory,True,True,True,False,17.7656,-20.9062,-14.4805,-18.6250
32a5842122bca8ce29d1bd38d6bee5bd0cd4ff77f6e85b6df20e866683e9e9d8,Periodic refers to something that does what?,repeat,antheridium,True,True,False,False,14.6953,-21.0625,7.8750,-15.6016
335059d400355094616bc325ef0848eda0060b94b91bf17aa229387a74b6c2fe,"The embryo sac consists of only a few cells, one of which is the what?",egg,light,True,True,True,False,16.4648,-22.5312,-17.0781,-16.1680
37fd7343def15a982f55039a6fd91953c9aec931123a52d0f01f0e4298e0f327,"In myasthenia gravis, antibodies bind to and block certain receptors on muscle cells, preventing what?",muscle contraction,asteroids,True,True,True,False,16.1016,-22.2188,-17.1172,-17.1211
38197b9f21a2cbc6219c9edadf1b00c23fd75944c8ed0462d4fb2984382e2454,What map coordinates correspond to similar climate zones and life zones?,altitude and latitude,nonvascular,True,True,True,True,17.1719,-18.8906,-18.8125,13.1484
3832009ffefb8053acc8f41b409ffc903ba02cb06ee1f396131afe3a64f7f714,What can be used to estimate the energy change of a chemical reaction?,bond energies,activation energy,True,True,True,True,15.5156,-21.7188,-20.7812,15.7969
3975f704337b080024800027d2e29bc96ed1f384966e94429dc7897299354c6c,What type of diseases are diseases that are caused by choices that people make in their daily lives?,lifestyle diseases,hydrogen ions,True,True,True,False,18.8750,-21.6250,-6.1250,-15.7578
398a76fc83c24119abafed142f0472b7bf7450ccca75cac5e41f71c680f8b506,What do you call air flowing over earth’s surface?,wind,concave,True,True,True,True,18.5469,-20.9062,-2.1875,10.2188
39f61c2d75b7fe6d51ef30f35eec36827fd3e075b56c61c3a34d13069985a50f,"The three features that are unique to the large intestine are the teniae coli, haustra, and what?",epiploic appendages,amorphous,True,True,True,True,19.0938,-19.5938,-20.1562,11.8125
3adcd84400767f05f41b0270094c7e4a8e857511c7e63e9255e8ee6eb09c1f2e,The effect of acetylcholine in heart muscle is inhibitory rather than what?,excitatory,downregulation,True,True,True,True,13.4688,-18.6875,-17.6719,13.1484
3d03e1bbfc46d35670f0c6fca59977c81f4a8cdc88a6bca7a3d60ab8063a471e,Pure substances have a constant composition and can only be changed by what?,chemical reactions,carbon dioxide,True,True,True,False,15.1680,-20.2188,-17.8281,-7.2500
3d13ddd9f6cad6c1c863e4fbdaa8409a5c0dfafcc2eea2766fabd1b1c6e015d6,What do plant cells have in addition to a cell wall and a large central vacuole?,plastids,nutrients,True,True,True,True,18.9375,-21.1562,-20.6562,10.0625
3d63d7febc2e16bbd6a1ae6283266aae607bf41661d0ebe4b433e6bbf8b36422,"Color blindness, hemophilia and muscular dystrophy are three x-linked what?",phenotypes,cilia,True,True,True,False,12.9531,-21.2500,-19.6250,-14.3594
3dd056aadf1ba84092fcc9b21ef87dd26564c3486de97f4306b599e30773fdc6,Unsaturated hydrocarbons with at least one triple bond are known as?,alkynes,adhesion,True,True,True,False,18.5938,-23.1250,-13.0781,-16.6211
3eb632ea98f9fce2b2a44308e6ff72c9c6ae3b443f9d0183474b60876eccb773,What forms when one substance dissolves into another?,solution,seeds,True,True,True,False,16.1094,-21.9062,-17.1016,-7.6875
3ee096de72cb3b0dfd08b81812498b3c90600256873b702dfe6c8228f2c9c0a4,What does the aqueous fluid between the chloroplast membrane and the grana known as?,stroma,kinetic,True,True,True,True,18.2500,-20.9062,-19.0000,10.6875
3f4368f134d45f2838ffaafce8c9a314e61a3bcb5d4e22c3fd0f72b73d01aa8a,What can have complex effects on soil nutrient concentrations?,prokaryotes,smooth muscle,True,True,True,False,15.8906,-20.8438,-16.5000,-3.0000
3f7112327a3cfef5de23e93e4a1880826ae70b39c367298aad1f40d9c3d98af2,Both the initiation and inhibition of cell division are triggered by events external to the cell when it is about to begin which process?,replication,interkinesis,True,True,True,True,13.0938,-19.0312,-19.2812,9.9375
406903d1cda4ad5f13b43d25e0af38e781a94521fedb3f39765befa05ecf9299,Earthquakes occur most often at which natural feature?,plate boundaries,fatty acids,True,True,True,False,17.1562,-21.6250,-19.1719,-17.9238
41488a0975678237b0b358441e37e50020b7824ca58dc2ad8b6b05dbf1dce1e4,"What phylum includes sponges, which are aquatic invertebrates?",porifera,volcanic winter,True,True,True,False,17.2969,-22.3438,-0.9375,-18.4844
41972e19b17353b471daa83ca263985b90734a684c6cf04de158ceba557bba20,What is the remarkable ring of light around the sun called?,corona,chordata,True,True,True,False,16.7383,-22.9062,-17.2188,-13.2812
41bd5c2285dcb3536e999fcd7e2cde21de5cfa8bb2e9842810c6ae8f29e05588,Many replication forks develop along a what?,chromosome,population,True,True,True,False,17.8750,-22.5625,-21.3125,-1.8750
41f4f125f31ef8e2c24b2b54d17e9ec1332933a5182bb658df2b71e74210f07a,What kind of feeders are sponges?,filter feeders,equator,True,True,True,False,17.4141,-17.9219,-20.4062,-7.8125
425597e7c6465516510ec8386f5266b416983270bf2da29be80104b652ec25af,Electric motors transform electrical energy into what other form of energy?,kinetic,mutation,True,True,True,False,17.2266,-22.0938,-13.9375,-18.1250
4271cfe8b61a8a3393e85c06aa38d43ea9b075538d57c363e9ce3260328b75b4,Fungi that reproduce sexually create what?,a zygospore,geotropism,True,True,True,False,14.0596,-22.0312,-14.5898,-9.5000
439ffe75992797ee13316de00c9d6aa9971cb83d549d64af220f741dded7b4d2,"What are an important predators of mosquitoes, that can be used to control this pest?",dragonflies,myoglobin,True,True,True,False,15.4546,-21.2188,-17.1562,-12.8125
47ccd792c57b9a4d617bbe4826f0c86753850106491369e516ebbb767746ddec,What law states that matter cannot be created or destroyed even when it changes?,conservation of mass,speed of sound,True,True,True,False,17.5000,-21.6875,-5.1875,-17.4551
4ac100f8d53d9f95785c499a24bff4d96fdeced0966b21ee7403971c9268cd5a,Ionic bonds are formed between which ions?,with opposite charges,gravitational,True,True,True,False,18.4688,-20.2812,-15.6953,-13.5312
4c22a7020fcc075f9f948b5b4c877ceab447932756009ccd5e0296cb1c4146fd,What are atoms of the same element but with different numbers of neutrons called?,isotopes,plucking,True,True,True,False,17.8594,-21.4375,-10.2188,-9.6250
50e89b0ddd95fe081a170155268d88b5637809604696c7a6f1e8c642f2b54c5a,Nitrogen & sulfur oxide combine with rain to form what?,acid rain,cancer,True,True,True,False,17.0000,-22.7188,-12.3750,-11.6562
510f55edebf39d8098e25f20bf735eb0ce82fee4ce7abf755d8d378d0ae4f9c5,What's the name for an organic compound in which halogen atoms are substituted for hydrogen in a hydrocarbon?,alkyl halide,reactions,True,True,True,False,17.3906,-20.6875,-8.3750,-14.4844
52aba3c550dabe11b7e047ff5a4addc223e7b2d24ee14924ca69cfc2dae3b724,"Melting glaciers, rising temperatures and droughts are all impacts of what?",global warming,impulse,True,True,False,False,14.4863,-20.8750,4.1875,-13.3281
53a9a275a436d8bd4aa6f496fd454816a1ff515b21770e062f15a0df2cb4322d,"The classes anthozoa, scyphozoa, cubozoa, and hydrozoa make up what phylum?",cnidaria,rocks,True,True,True,False,16.9688,-20.2500,-1.1875,-8.4375
55bfeb38bb86d674bb85783339e06d4ca643b0f5c853ac48be50f1c5d7d61737,"What do we call the phase of nuclear division, in which one nucleus divides and becomes two nuclei?",mitosis,raise sea levels,True,True,True,False,17.1562,-22.1875,-17.0469,-19.2656
56295692530fff758ebf02124a935e66aace3d3a9b0fb05e6722c4c59406320d,Mutations in what type of regulatory gene can cause misplacement of structures in an animal?,homeotic,lipid-soluble hormones,True,True,True,True,14.1328,-22.2812,-18.5781,1.6875
56b5b5d57e2db717fd38c32b39134d4a952db244beb8ba70c8bb0c9abcfbff87,Bases turn red litmus paper which color?,blue,lifestyle diseases,True,True,True,False,15.3638,-20.1562,-18.7812,-16.5078
58216f6a2c4312095699a92dde2ec6bc05825a71c6fd9a3b626ee32be792f58c,"Cells of what category of organisms can be organized at the level of cells, tissues, organs, and organ systems?",multicellular,filter feeders,True,True,True,True,14.4531,-19.2188,-11.4219,10.0000
5853dac42c8100da6718a861125bb63c48ba2105a68839a98f110fcb506f21e8,What is the term for the transfer of heat by a current?,convection,radioactive,True,True,True,True,15.9375,-20.0312,-19.1094,2.8125
59b21d2adbc8aeb7d1272b57f94d07d961cf8112476bac3dc3965706527a80b5,Mammalian sex determination is determined genetically by the presence of chromosomes identified by what letters?,x and y,torr,True,True,True,False,16.3750,-22.0625,-13.1094,-10.7500
5aebcd3347946c824254e282941f2290d2f5558c9ff4d18b116fe12bc6432466,What is the term for the distance between any two corresponding points on adjacent waves?,wavelength,circulatory system,True,True,False,False,17.0156,-23.4688,3.8750,-17.0625
5af325bc6e29771297a7d9b3b33082db45f759378a47f70408b80e536f8173a8,The seven bones of the ankle are called the what?,tarsals,oxygen,True,True,True,False,16.8906,-20.8125,-18.3281,-17.4336
5c17097227a0fb55737cf52c70ec318d3ba1110d71a8c71b697802393b2c64df,What level is a feeding position in a food chain or web?,trophic,aquatic,True,True,True,True,15.9375,-20.5000,-18.5312,14.5000
5da4110576e81a798a7c9eb3d4e2c0637adfdb17a24836f5997ee49a554c1edd,What mineral is stored and is maintained at normal levels in blood by the skeletal system?,calcium,alkaline earth metals,True,True,False,True,17.6406,-19.9375,6.0000,15.6406
5ffe4a411d668a603219b8508d8727ca5e0d1c9c7ec961398c4324e421f50265,What is a type of plant tissue consisting of undifferentiated cells that can continue to divide and differentiate?,meristem,convection,True,True,True,False,16.7812,-21.9062,-9.5000,-18.0977
615e53d88676086fc33a4ec1643b3b9372f1df9941c8919af9533b858c168cb5,A long strip of sand is referred to as what?,a barrier island,radial symmetry,True,True,True,False,9.2812,-21.2188,-19.2188,-18.8438
61f61c49fa8e53da2fd368165bddd59e5ef621a2b37a36c79954c8346723602e,"The outer ear, or ear canal, carries sound to the recessed protected what?",eardrum,vascular,True,True,True,False,12.4688,-21.3125,-21.0938,-12.7500
6215cf61f682532748483804f0bec679f57e2deeb2019bd3c4e390f10a27f94f,Electronegativities are used to determine the polarity of covalent bonds. the polarity of a covalent bond can be judged by determining the difference of the electronegativities of what involved in the covalent bond?,two atoms,speciation,True,True,True,False,18.9219,-20.7188,-10.5938,-16.0312
6255ffb540c8565db9b69a1e2e888c6be68f9efe8cfe9d8374f3e350a40ab457,"Reduction often involves the gain of hydrogen, the loss of oxygen, or the gain of what?",electrons,long-chain fatty acids,True,True,True,True,16.5166,-22.2500,-18.1875,10.6562
6b2143e219142ba475d18f254b29ea753624c43f12e7092097d953e83ba3000a,Correlation is different from what term that refers to the factor that is producing the effect?,causation,prokaryotes,True,True,True,True,13.9531,-19.9062,-12.2969,3.8125
6b6dae961d88a80107784712b74ddf87ea5065d3083b52d379ae2ec75cebb215,Which type of carbohydrate is glucose?,simple,viruses,True,True,True,False,12.4688,-22.2500,-17.8984,-15.4688
6bc77d7264217b8bfb37ed46f9fc8f6f03293dbe9224c882328d052099453476,What is an area in a body of water where nothing grows because there is too little oxygen known as?,dead zone,denatured proteins,True,True,True,False,15.9766,-22.6875,-18.2500,-17.8672
6bc87279df1f0b1ff747915a2abedad7fcd660bf27fceefe7b6b4be661911960,Fungi are now classified as their own kingdom. what kingdom were they previously a part of?,plants,arterial,True,True,True,False,13.3906,-18.6875,-19.9688,-15.3438
6bebdee54546eedaf50b51ca9d6ae84301d1fc8651a5422c8f161163c5b906dc,Most air pollutants can be traced to what source ?,fossil fuels,suspension,True,True,True,True,18.4844,-19.1250,-22.0000,4.0625
6cdd3522d9eaedecac19afc40a9005f527a589edcb5b98bbe453230b5d0ca2bd,The energy released during an earthquake is called what?,magnitude,x and y,True,True,True,True,15.7734,-20.8438,-18.3750,14.7969
6ce15494c22ddb7450de80c33b37e57d1f5c7c2c4f3608b8e11053de0e9d44f3,What term is used to descibe the movement of molecules from an area of high concentration of the molecules to an area with a lower concentration?,diffusion,friction,True,True,True,False,17.4375,-23.5000,-13.3750,-18.6406
6dd3c98e72585bcf228341dc2750f03d27c670e98803ecd3ede73796a9feeaf1,How do roots and stems grow?,indeterminately,alloys,True,True,True,False,17.4141,-19.5469,-15.6797,-17.5293
6ddeecbc02f2ffe9006070f939bce5fa8999d16a0e6c024b39163206e364e10f,"Ultraviolet light has higher frequencies and shorter wavelengths than visible light, which means it has more what?",energy,periodic table,True,True,True,False,17.1484,-21.8750,-15.7812,-18.3438
6e10294b05a6de9d4e5483961b207eeec4a804817c437c5ffa5577336edac801,What is a threat against civilized people called?,bioterrorism,air pressure,True,True,True,True,15.2988,-19.5625,-19.5000,11.5312
6f17b25ae06b263b38dc906ddf0ee72e91d2235171291091a43585a1c55263a4,Caffeine and alcohol are two examples of what type of drug?,psychoactive,joules,True,True,True,False,12.3125,-20.1875,-18.0781,-13.5000
6f20891d4fbbf36a868ef4d6543496c6ca675d18fb0c79eeb2f864c4a2a65d1a,"What is the horizontal distance between two waves, measured at a common point (crest to crest or trough to trough), called?",wavelength,fossils,True,True,True,False,18.2344,-23.5000,-18.9219,-19.7812
6fe3e27510c2d45cf3bc5f48a43f3f9b0f5bcfd61b08a8167b199bd40fc56c11,"Part of the fossil record, stromatolites belong to what rock group and are formed when minerals are precipitated out of water by prokaryotes in a microbial mat?",sedimentary,different plants,True,True,True,False,18.1641,-19.4062,-8.4062,-16.4258
6ffbd9b9795989778a37dfc5868aeb0b9078a0370e24e5ca96e692ad3a9dbb0a,"A phospholipid bilayer is made up of two layers of phospholipids, in which hydrophobic fatty acids are in the middle of the what?",plasma membrane,human papilloma virus,True,True,True,False,10.9375,-21.2812,-17.4688,-16.9219
71f1274bf08beee7a3769accd9e3c8a51314d5289247f9e114fb8bafa53bb1ac,What prevents an object from moving in a straight line at a constant speed?,force,terminal speed,True,True,True,True,17.7812,-20.3125,-17.2500,14.6641
76da1b679586705525ee875bdc8b0d1767d6ed57efa3f21fdafab78c35f4a084,"What results when volcanic ash encircles the globe, blocking the sun and lowering the temperature of the entire planet?",volcanic winter,a virtual image,True,True,True,False,17.2344,-21.8125,-17.9219,-14.7969
788876e1b5c09ad34b156c2244f70441c80075d509e1527ec22555a72eeb7db6,Living things on the ocean floor are known as?,benthos,biodiversity,True,True,True,True,16.5625,-21.0625,-11.9375,9.3125
788927faccfd32ff6d16678442de476ecad200eae740119b74261dc3094829fb,What is the process in which a substance naturally moves from an area of higher to lower concentration called?,diffusion,motion,True,True,True,False,17.3125,-19.8750,-14.2188,-5.0000
788c34ef73e5ccaf4376fc748a0275e60532beed1cab5c8e3bcc7dd363c8537c,"Sponges are part of what phylum, which gets its name from the latin for ""having pores""?",porifera,population growth,True,True,True,False,15.6406,-22.2812,-7.3750,-16.8906
7ac34260dc94d314d3558af30a19c45350584a3259272e494b7b690422dd661f,Acids are classified based on their what?,ionization in water,reducing and reusing,True,True,True,False,17.4688,-21.2812,-19.1875,-8.3750
7ca502c87aaf48633f254cf4f029007113e462645d89eb77dc5336148736535b,Claw hammers and pulleys are examples of simple machines that do what to the direction of force applied by the user?,reverse it,marine habitat,True,True,True,False,14.9688,-21.0000,-14.4297,-18.1094
7d17895daf33aa644e6b588c7e429b6bfd5bc962e94b358e347c3f915384da54,What part of the plant absorbs water?,roots,metamorphosis,True,True,True,False,16.6250,-21.8125,-15.8828,-11.0938
7e32fa7cf5ca42d16222f5523f4bea95acd53df81ba18e3de93b4e23833406dd,"Protists play critically important ecological roles as producers and, on the other end of food webs, as what?",decomposers,group of atoms,True,True,True,False,17.8906,-19.0625,-18.0781,-15.8359
801ea8780af5ab0b2c3cc77a3f4ac2b6c0bcddac3942f28db77284b3fab8c8b0,What is the protein in red blood cells that transports oxygen in the bloodstream?,hemoglobin,the shell,True,True,False,False,15.9062,-22.6250,2.0000,-17.5156
84ab9cc3d020ac95fe7fca05196e2a35dc0cf1eecf0da504facb46e1881eeb39,Photosynthesis takes the energy of sunlight and combines water and carbon dioxide to produce sugar and oxygen as this?,waste product,asexual reproduction,True,True,True,False,7.6875,-20.1875,-17.4609,-15.0938
84b4aabec1529e21986e9e63913501fc41337699a474a00cf5b119c9a021868e,"Although quite different, beryllium, magnesium, calcium, strontium, barium, and radium are all classified as what type of metals?",alkaline earth metals,reactions,True,True,False,False,18.7656,-20.1562,1.0625,-17.1719
86297af299924f76b8956048c63fa84a663c50aca292898344ed31a1cb48fd71,"Vertebrates - including fish, amphibians, reptiles, birds, and mammals - belong to what phylum?",chordata,surface tension,True,True,True,False,16.8672,-21.1875,-16.2656,-16.4062
86919f6991beb95325ed45558f32834d3d57e83085e8390b259364160ef24e81,Cells may enter a period of rest known as what?,interkinesis,thermal insulators,True,True,True,False,15.6797,-20.3750,-17.4531,-17.9062
87f8c0fd0b06dd3ec294b9dd1326d4154e4e63e85e0d9c6abca67da45ad29605,"What are the substances that the body needs for energy, building materials, and control of body processes?",nutrients,convex,True,True,True,False,17.5625,-19.6875,-16.5625,-16.1250
895b905fe243a9dd7b626e5d8e0985821bbf640290f5d6837b2433b3780ec4a6,"By maintaining a relatively constant internal environment even when the external environment changes significantly, an animal achieves what?",homeostasis,one,True,True,False,True,15.7051,-18.1719,0.1875,13.9219
89e01c538ebbb197fda81d378cfb9526161fa6370e6b72b1af232bc48d51f4a2,"Each hemisphere of the cerebrum consists of four parts, called what?",lobes,solar panels,True,True,True,False,16.9062,-22.7188,-4.1875,-14.7812
8a997b3cc2c043287907667bd7d69ee45a4c50724967de92fba36f9e4a8076d4,"What are arteries, veins, and capillaries examples of?",blood vessels,speed,True,True,True,False,17.9844,-20.3125,-9.5938,-12.5000
8c4e292978fa72f89377d47c958fcb532d76bf1fc00a70f9d4e1966f067c29d5,Glucose that remains in the filtrate of what organ is excreted?,kidney,aldehydes,True,True,True,False,15.5781,-20.9375,-17.1719,-11.8125
8e63f950b177c6f1acee25e35005d2a081fbdc51abe07d934642ad1e7b23256b,What do we call the microflora that aid in the digestion process?,intestinal flora,alloys,True,True,True,False,16.5625,-21.8438,-15.4983,-18.0430
8fce14c379feba472876fb2aa26bac14c2f1373c3764020af2347decdd813f21,What pigment do slow fibers contain?,myoglobin,gas,True,True,True,False,15.5645,-19.9375,-17.1094,-13.8594
9015a63195c2e27cd74439ad9d40649115256058f8218ba88e280ff140087102,What is the volume of air inhaled and exhaled with each breath called?,tidal volume,electric circuit,True,True,True,False,17.8438,-24.0312,-8.7188,-16.3906
9272c3b8d12a64ff6030063a0a5ddeb2ebac32976a533c022723bb2a8743d4d2,What happens to a cell's efficiency as it grows in size?,decreases,face and ears,True,True,True,False,16.7566,-20.4062,-15.5703,-10.6562
92aafe1dda864da442bd8a0884ef9728e8135620225fa175ec14144edffec931,What is the term for the change in momentum vector?,impulse,ethmoid,True,True,True,True,16.7031,-20.6562,-16.4531,1.1250
955271f457a865b6538de58e05ec976217c17a96cc31ccb2c72e86fe77e6cce0,What force makes objects seem lighter in water?,buoyant,glycolysis,True,True,True,False,15.7969,-21.7500,-17.3594,-15.9980
9605a6042a7f9978526d1a45d4d230805e7843b08bcf7d058bbf8d93fcdc7147,"A wheel with a rope wrapped around it, hanging over a building, is an example of what type of machine?",pulley,multicellular female gametophytes,True,True,True,False,17.1719,-22.8125,-16.0703,-17.1523
991e13498e76b0fa28ad7f9a37a2033c1dcd871ee5f9c8a0a038797010bc4e6f,Which scale measures acids and bases and has 7 as a neutral value?,ph,a seed,True,True,True,False,14.3281,-21.2500,-18.2500,-11.8438
996c03db13b8afd1e8707f383cef74de8100202bf05fe3c73c48798528923df0,Most protein antigens require signals from helper t cells (th2) to proceed to make what?,antibody,vesicle coats,True,True,True,True,16.9463,-21.4375,-18.0938,11.7500
9a48b8a8d35c10c9696fa88651a5e839600948a47294a46721caa270613cc5cd,Relative humidity is related to the partial pressure of what in the air?,water vapor,stronger,True,True,True,False,18.1250,-19.9688,-0.3750,-5.3125
9a95b89b7aed4069296c76ff091de2e4b363583c73a648a5c37edbc80ebe97ee,"What kind of model - which includes producers, consumers and decomposers - shows the interactions between organisms across trophic levels?",food web,atomic energy levels,True,True,True,False,15.3008,-22.6562,-13.8438,-19.0625
9cd58e1d566fb4441d8b7dbbbe6746c56c82824181c0896e95ccbc243d4f2626,Cancers are caused by a series of what?,mutations,catabolic and anabolic,True,True,True,True,16.5234,-21.8750,-19.2500,15.3242
9fac6c285cc8c76a315fdb0ebc87d9b13258b066e1a43bf98a0b3f0c4041ec93,What property of materials describes the ease in which they can be molded into thin sheets?,malleability,precipitation,True,True,True,False,15.4492,-21.3750,-19.3281,-14.7500
9fb3ba35b4c9be26de8fe444e1d8057bdc8018f5a3c044b453d270a222474319,What type of tissue makes up the brain and the nerves that connect the brain to all parts of the body?,nervous tissue,plant seeds,True,True,True,False,18.2031,-22.2500,-14.6797,-16.7402
a2aed8ae91384128577f7d97b413b47249fa8eea55b7860ee373095c2671a43d,Esters can be formed by heating carboxylic acids and alcohols in the presence of?,an acid catalyst,heterocyclic compounds,True,True,True,True,16.1914,-22.1562,-19.6250,12.0000
a2c1a94c57d112205546cf50db6313a864cb117283441b2d9ceba73cdfdb5d4c,Body movements help circulate the hemolymph by periodically squeezing what?,the sinuses,kinetic energy,True,True,True,False,15.9375,-21.4375,-19.0625,-0.7500
a3a450f9313ceaddb2009d36def5be6496af9497d6dacd33873b70792a7047d7,"Instead of insects, crustaceans are the dominant arthropods in what environment?",marine habitat,microvilli,True,True,True,False,17.4609,-19.8438,-16.5859,-12.9062
a4ae82dae765d416ea2a087fedfefe60d89e5f7da5262c2d1d12fc40956fc27b,Intraspecific competition occurs between members of the same what?,species,aerobic,True,True,True,False,16.8594,-19.5312,-17.5312,-14.6172
a6f1302baac87b0fda4e2648522e2317160e4b5cb7be118bd813d61557cdc3a8,Which glands produce milk after the birth of offspring?,mammary,thermal,True,True,True,False,17.4297,-22.3438,-18.0625,-15.5703
a928a83babef545b9d62a4e50b0120478ba9b641722f710f84539cbcab78933e,What is the main way that wind causes erosion?,abrasion,biomass,True,True,True,False,18.0469,-21.1875,-19.5938,-17.1445
aa0de654a47e927de2c6a19cd70be9c55ef99ca29bcbffadba1426d74621f407,How did seismologists originally measure the intensity of an earthquake?,mercalli scale,impulse,True,True,True,True,15.3594,-20.6875,-18.2031,11.0000
ad1614a31df5db29c425dece10e5666125bf46471cacda20678e408c7751b55b,What occurs whenever an unbalanced force acts on an object?,acceleration,hypodermis,True,True,True,False,16.6484,-22.2500,-15.4141,-11.2812
ad6dc70331b4074cde617f42131d13f1e3c1af0539732fa3690dfd1b4601c772,Polymers can disassemble by the reverse process called what?,hydrolysis,light,True,True,True,True,16.0938,-21.3125,-21.1875,11.5938
aee813e27e89661fc9afd1439ece3bb24fca269c35c599cc759ff24ddab57bef,What is performed to identify disease-causing genes?,genetic testing,methane,True,True,True,False,16.4688,-21.2500,-18.7344,-12.5312
afc87744cffd489b70b9003f8e95ecaa14bf49486ff5c2ba5e5e3cb6da485feb,What is considered to not be a form of precipitation?,fog,carbon dioxide,True,True,True,True,13.7031,-16.6250,-17.7578,16.2656
b0ca1c666147d22f0df1f657e2ad37f82c2dbd72fbee073ecaf339a15bf590b3,The trachea and bronchi are made of incomplete rings of this?,cartilage,webbed,True,True,True,True,14.8672,-20.4375,-20.5312,12.5000
b10e5786ee75f4f3ceb61466f5ae6502ae2ed584a3774015c01efaaac098caeb,Genetic variation produced in sexual life cycles contributes to what process?,evolution,the mesoglea,True,True,True,False,15.1719,-21.7500,-14.5469,-13.3594
bb16e19b3e8abd378a0f469eb8c62aade0d44c020067925db7aa302329933e1f,Chemical digestion couldn't take place without the help of what?,digestive enzymes,input distance,True,True,True,True,15.9844,-21.8438,-19.8750,0.5000
bc9443215df6e659661924bfd50a16aacd685a79178c8e261d1879090e174438,What do we call the study of life and living things?,life science,alteration,True,True,True,False,16.4844,-20.5625,-18.1250,-11.5000
c05526ecb6806b268e9e1896b8832f5831fbeb2e6e65a2642a6efbf9f043656c,At what temperatures do crystals formed by covalent molecular solids melt at?,low,decreases,True,True,True,True,17.5625,-14.8105,-9.0312,15.9121
c0a4432df2163f61270b31abc1cd02b4d758686d3080aac555dab98e4f269c2a,Plants take in carbon dioxide and give off what?,oxygen,melanin,True,True,True,False,16.9141,-22.5938,-15.2656,-18.1406
c491b430b29ef0c7341dc243289a6432e66d64339e24cb28b235957ddf51ea73,Why does the moon evolve around the earth rather than the sun?,stronger gravitational force,chordata,True,True,True,False,17.1250,-21.3750,-19.6250,-12.0312
c505e2cc19abc2f41063f5d37e09bc1a723e9df14647d24a3299b05ef4dc8215,What does a glacier leave behind when it retreats?,bare rock,radioisotopes,True,True,True,True,16.7656,-22.4688,-21.5312,12.2031
c8ded625a3e1509e8f29407e3829f984e30c7a027c73183e023546d735e6a8b0,What is the cartilaginous structure that extends from the pharynx to the primary bronchi?,trachea,light pollution,True,True,True,False,17.5625,-22.5000,-14.6250,-19.2188
c91329e2685632636eaaab9e0a16a9e716884030ecd7ec704d19ad29fe870db6,Prokaryotic cells lack what key structure and other membrane-bound organelles?,nucleus,tributaries,True,True,True,False,15.8984,-20.9062,-15.9844,-15.5195
cac0fa7214cbe64d0ab89e006dbeb1ae517eefeda15cb3aa8bcd8b699fbf7f54,The largest phylum of the animal kingdom is what?,arthropods,antibodies,True,True,True,False,16.7344,-23.0625,-11.3438,-17.3984
cc50a44f4933ce813b8cb212ba62698d3ce88e09c0bbc97b3982ded33080a34b,What kind of symmetry do most adult echinoderms possess?,radial symmetry,aldehydes,True,True,True,False,17.7969,-22.0000,-16.7344,-15.2812
cdb209dfdd30b70226f07ea3b2a1d66934b12cde4d1418a7e0eb8415102cefbf,Oxygen and glucose are both reactants in the process of,cellular respiration,boiling,True,True,True,False,12.3438,-19.4688,-11.5938,-8.5000
ce418392d0f5b3d30a62289bda84082443e573f72af0cb4e771adddf4912a672,What do different soil horizons show different amounts of?,alteration,north and south,True,True,True,True,14.8945,-19.8438,-15.9141,7.1250
cea8b197e0ac37ba00febf6c4e1bde145a44edf5947f2bfb92cd7b0acb1457db,Each female of a particular species can produce millions of these per year?,eggs,photosynthesis,True,True,True,False,14.8906,-22.5625,-16.5156,-11.8125
d0d48352cdbd19507f0a552246d2a2168bc1dfc2e3863af994305ead2aae7dd3,"Two plates may slide past each other in opposite directions, this is called what?",transform plate boundary,galactic center,True,True,False,False,16.8594,-21.2500,3.7500,-16.6875
d0dedac3786f3c50237add4d7bfb2121d310f476830a81ea6feb08305f5cf3e2,"The insect reaches full size, acquires wings, and becomes sexually mature after what final stage?",molt,plate boundaries,True,True,True,False,13.0312,-21.4688,-20.0312,-17.7305
d31bdff62a5431cefbafc1ddcca80f33a7b9e4e9d9f4bde3097e57f2a64305ba,What is the name of matter that mechanical wave energy can only travel through?,medium,mutations,True,True,False,False,16.1484,-23.3125,4.2500,-11.7812
d35369d23dcfca940802e819edbb63fe588d8bcdb32d728cabfe82a68292ab6a,Amylose and amylopectin are the two most common components of naturally occurring what?,starch,three,True,True,True,True,15.1367,-18.2812,-13.8594,14.7109
d35de5394da8e8af12e0fa779b01cf8497c1cc6f87f64264f948bc187b357d73,What is the pattern of spacing among individuals within the boundaries of the population?,dispersion,dehydration synthesis reaction,True,True,True,False,16.6328,-23.1562,-15.9922,-10.5625
d3f802c5c147cd1fb842715b1ad21f6f8e9faa2d9d00ce60d1fce94c4304ff1e,What are the most abundant source of energy found in most foods?,carbohydrates,darwin,True,True,True,False,17.9688,-21.3125,-20.0000,-9.6875
d4241ccb0b12c49180c5b46a1c5f7c5fe602cec9b4deb75282437541050b5fcb,What do you call the angle at which waves strike a wall?,angle of incidence,bacteria,True,True,False,False,17.3281,-22.2812,0.6875,-12.8125
d716b45450cc92f0207e397647f2e955120b268a9c3a06f632f6beb374da68a3,Excess dietary fat is stored as triglycerides in the body. what type of tissue is used to store the triglycerides?,adipose,electrons,True,True,True,False,17.3438,-23.2188,-15.0342,-17.9531
d7bf00bba92da939b45008d97af6b4c84e6278724e013e42d7b4e27c38110458,What is the term for a partial degradation of glucose without the use of oxygen?,fermentation,myoglobin,True,True,True,True,16.9531,-22.4062,-14.7812,10.9844
d9c7c3a3d62120d82c1b75cbfaa8055c1c35fc78cc555030391d0f1e55c6d7cb,"In projectile motion, the horizontal displacement of an object is called its what?",range,raises it,True,True,True,False,17.0469,-20.9688,-17.4688,-14.9688
db2cc1ea75160c34bce816a645a9c82d6f0612c69f4ddc628944665334960a3c,What do we use to keep track of electric potential energy?,voltage,amino acids,True,True,True,False,17.2188,-21.4688,-18.7031,-11.8750
dbc748607fd562ae9060d46dab8422056efb10dc54a5f2c8b485d3a6bc8711fe,"Radioactive isotopes have the same chemical properties as stable isotopes of the same element. still, how is radioactive isotope different from stable isotopes?",they emit radiation,motion,True,True,True,False,19.3906,-21.1250,-12.5938,-12.4062
df92f58df4cc2c2dbde60b361c69ab0eb8f2334109a3b3b00348f897e9ca68f9,Ammonium nitrate and ammonium sulfate are used in fertilizers as a source of what?,nitrogen,bond energy,True,True,True,False,16.6152,-22.6250,-5.0625,-13.5625
e08e53f8618d77cfcb833bf74cc19624c1264d5c4f951bdc414d285aef892c2a,"Over time, heavy metals build up in the tissues of organisms by what process?",bioaccumulation,density,True,True,True,True,16.3359,-21.6250,-18.7031,2.9375
e13bf18f90782e12eff5b2a82e34a23f4c3da60257463a6615bef523cd15e752,What is another term for flagella?,pseudopods,air pressure,True,True,True,False,13.0625,-19.0000,-19.5625,-10.3125
e4af26a75545582e1ab872948ff9db6323497b6d05be6c0051b7211af10f7fd1,"Fragmentation with subsequent regeneration is a method of what, exhibited by animals such as sea stars?",asexual reproduction,amino acids,True,True,True,False,16.0352,-19.9688,-19.2812,-11.7500
eae655db4698b26b8506484e3d2964ae122201a1fc6e1efb5f1c16cdc3b64049,What is the name for the process of insects transforming from a young insect to an adult?,metamorphosis,matter,True,True,True,False,16.4844,-21.8750,-8.2500,-16.9258
eb6704eeee9a9abba2fc2f51151204c4a573f0e711c727c3beb28b780a34780c,Water waves act as a mix of longitudinal and what other kind of wave?,transverse wave,conducting electricity,True,True,True,False,17.7344,-20.4688,-6.5000,-10.8438
eb7109e266e4b82c5c40e57d34e79d881672c52b72920bfbadaae2073c969552,"Stem cells are unspecialized cells that can reproduce themselves via cell division, sometimes after years of inactivity. under certain conditions, they may differentiate into tissue-specific or organ-specific cells with special these?",functions,carbon,True,True,True,False,12.3750,-19.9531,-17.9453,-13.4062
ec40f07be49219f365f3c31b8e4fc0335a4215a20a4ad5fe8f4ba7470503754c,What term refers to a list of the elements that will replace the ones below them in single-replacement reactions?,activity series,cell membrane,True,True,True,False,16.0625,-22.4375,-16.3438,-16.6367
ec74e741d6422e5050b1abd86d31b39929eb5b8549360b4faa0a63f9262b539d,"What process is the synthesis of glucose from pyruvate, lactate and glycerol?",gluconeogenesis,intestinal flora,True,True,False,True,17.0781,-21.5625,2.8125,5.5000
ec9503c6deb0e6d6538ee9b707aa7fc898aef19d75519ddf35fe549597da80a1,What type of evolution happens when two species evolve the same traits?,convergent,cloacal bladder,True,True,True,True,17.6250,-20.8750,-15.6250,11.4688
eed93994a6adad820f6549e6e20cbe93f64f0060a52d3af8e31077710e1a77fe,What series of reactions is common to fermentation and cellular respiration?,glycolysis,intestinal flora,True,True,True,False,15.7656,-22.3750,-11.6875,-12.6250
ef98391de8f801b35fcec12d7b524a0be5c766b9c84d2e36603c105dbd8f7116,How much of its alleles does a plant pass on when it reproduces sexually?,half,carbon dioxide,True,True,True,False,16.2812,-22.0938,-13.7422,-13.7500
ef9b265b3c0689deea4d6347e77e250fbb72b3d5b45768806264de9005b7c3e8,What part of vertebrates integrates the endocrine and nervous systems?,the hypothalamus,simple machines,True,True,True,False,17.6719,-21.5312,-17.3594,-14.8906
efdaacba8f4a5c0d58c0adb6ee32c5c86d760cdb66eda6c7f7d5f2f338b4caa5,What type of energy is the energy stored in an object due to its position?,potential energy,thermal,True,True,True,False,17.9531,-21.0625,-14.6875,-15.7236
f04c5f9198427ddb50a413ef41e9cf3d877b8ffdfa63e3349044daa372bb226c,What does k stand for on the periodic table?,potassium,suspension feeders,True,True,True,False,17.1172,-21.4688,-16.9062,-16.4521
f1db4d3c9b7d73d26d303534a6845276c17c7181324656367b0f21f9cb9a7bc9,"All the bones of the skull, except for the mandible, are joined to each other by a fibrous joint called what?",suture,population growth,True,True,True,False,17.4375,-22.0938,-14.4277,-18.2344
f20304d9829cd1ebda2d497ee0dd5a79bdc7f93d34b68baddcb228e99b81ebbe,What are all living things on earth formed of?,carbon compounds,termination,True,True,True,False,18.1562,-18.5000,-19.9688,-10.5625
f2a0372b48ecb146721a5a97015730fd57d998767bee00a9570618d5b4a15334,What is the term for a disease in which the immune system makes an inflammatory response to a harmless antigen?,allergy,mosses,True,True,False,False,18.4062,-22.5938,0.8750,-18.2031
f37d2a4996b7b5ce70513d5a92bdd7b0e05be64b6c08b51aa368154fcfad91c4,"Typically, what feature of an angiosperm has four main parts known as the calyx, corolla, androecium, and gynoecium?",flower,raise sea levels,True,True,True,False,14.7656,-21.5312,-13.1406,-18.8438
f524e071bcf08ff1baad251f50a7a97999375742cfa6dd57e94b8aa3a1ceaa04,"When a hypothesis is repeatedly confirmed, what can it then become?",theory,solid,True,True,True,True,15.2539,-18.5469,-20.1562,10.8125
f538e6d9e25af7fa03c2210f1b0ef02f8ee12550bee0b32a4bd212ba68e29d94,What collect sunlight on the roof of a house for energy?,solar panels,cells,True,True,True,True,16.5391,-15.3125,-13.6562,17.1250
f6de5c13ed4fd11307e97176a4d61e5186ee5234eb6a25331341e4aa82d86287,"What organ has four major regions: the cerebrum, the diencephalon, the stem, and the cerebellum?",brain,tidal volume,True,True,False,False,15.5117,-21.6875,3.9375,-18.0664
f6e1ffc35259211e4c898f01fc2d43df8802b8a13c1581735a278c681e67bc92,What two things are excess proteins converted into?,glucose or triglycerides,chemical reactions,True,True,True,True,17.5312,-19.3750,-18.4688,14.7095
f792425150ef401049f0567570e52700cf4a65c670dbc40e2987e227ad7b818c,Protein molecules are made up of chains of small molecules made up of what kinds of acids?,amino acids,light,True,True,True,False,17.6562,-20.9375,-16.8438,-15.4863
f8a29966fb2123d58aa5371a0d5ef847b77b0d3a3efbd0e38dc667d80aa3db54,"Rems, rads, and curies are all used to measure what?",radioactivity,photosphere,True,True,True,False,14.2500,-21.4688,-14.2266,-16.3555
fa86e109c063366a399a71e8f1b5d56e1cd7ca60dcb9782a5c568d18bc8838d8,What is the name of the effect that causes air masses to move on a diagonal?,the coriolis effect,brain,True,True,True,False,16.9531,-20.5000,-19.6875,-1.1250
fb5830d3a45b1646a07299fbfcfec7df52b57bf6253116db62f1d7c0ad326c2b,Cellular innate defenses in vertebrates also involve natural killer what?,cells,greater,True,True,True,True,14.8906,-19.6562,-16.5781,6.0000
fb5af5f7dd217463205da05462b43b882bc5694f0971c8bf093ea12e349625a6,What is the physical breakdown of chunks of food into smaller pieces?,mechanical digestion,tides,True,True,True,False,15.2344,-21.6562,-15.5488,-17.2344
fe8d6ea33b2967974ed5d5bb87deaec20c56d3847aeb51fca31b56797035a3a8,The small amount of energy input necessary for all chemical reactions to occur is called what?,activation energy,exhalation,True,True,True,False,18.0938,-23.1562,-15.4375,-13.8438
