bootstrap_iter,dAUROC1_Mrep_minus_Bknowledge,dAUROC2_Mhybrid_minus_Bknowledge
0,0.204325,0.208811
1,0.209899,0.218205
2,0.188592,0.194245
3,0.087144,0.098037
4,0.149101,0.157952
5,0.239902,0.241585
6,0.276291,0.274707
7,0.235355,0.244861
8,0.117738,0.119755
9,0.146117,0.157880
10,0.223304,0.226339
11,0.153608,0.163097
12,0.196061,0.200909
13,0.095701,0.110083
14,0.135557,0.144164
15,0.252569,0.256423
16,0.135699,0.148926
17,0.244825,0.246262
18,0.169063,0.176826
19,0.191711,0.197442
20,0.134615,0.145239
21,0.166616,0.177303
22,0.072082,0.096826
23,0.197991,0.199698
24,0.239914,0.241393
25,0.140714,0.152615
26,0.277954,0.280646
27,0.219424,0.225719
28,0.200181,0.205148
29,0.146345,0.150897
30,0.172185,0.186183
31,0.154935,0.159740
32,0.148519,0.163926
33,0.140127,0.145994
34,0.072987,0.081169
35,0.199435,0.210866
36,0.186897,0.195923
37,0.266815,0.267704
38,0.210239,0.218718
39,0.211750,0.217870
40,0.167304,0.175666
41,0.205083,0.208498
42,0.098556,0.103224
43,0.167403,0.172078
44,0.177963,0.181420
45,0.135160,0.136364
46,0.128122,0.137188
47,0.247833,0.252586
48,0.096007,0.106514
49,0.185941,0.198271
50,0.235130,0.240455
51,0.192885,0.202664
52,0.163335,0.166691
53,0.195415,0.205340
54,0.069449,0.078635
55,0.223519,0.228042
56,0.124874,0.137613
57,0.155768,0.162192
58,0.197652,0.200447
59,0.124966,0.137379
60,0.290108,0.286848
61,0.169872,0.174145
62,0.214327,0.218850
63,0.189742,0.197847
64,0.189962,0.197403
65,0.083630,0.095778
66,0.136943,0.138786
67,0.209588,0.215506
68,0.134374,0.145900
69,0.129152,0.138188
70,0.218074,0.224741
71,0.183032,0.190765
72,0.182597,0.193247
73,0.252667,0.255926
74,0.165067,0.177281
75,0.160971,0.171634
76,0.193833,0.196628
77,0.239273,0.242960
78,0.244022,0.248679
79,0.190580,0.195608
80,0.175388,0.184014
81,0.161532,0.170403
82,0.189310,0.195379
83,0.240296,0.247556
84,0.057361,0.066274
85,0.271052,0.271576
86,0.169862,0.175931
87,0.220355,0.227669
88,0.193896,0.201429
89,0.191256,0.193665
90,0.197991,0.202587
91,0.202800,0.215193
92,0.266371,0.270196
93,0.145561,0.153322
94,0.176750,0.181185
95,0.144853,0.150516
96,0.203806,0.206899
97,0.225468,0.228404
98,0.123917,0.135519
99,0.201778,0.210519
100,0.214365,0.218166
101,0.197095,0.198299
102,0.133072,0.137058
103,0.197137,0.199632
104,0.182755,0.188534
105,0.187642,0.191893
106,0.137656,0.144066
107,0.183752,0.188188
108,0.217630,0.217630
109,0.277037,0.285185
110,0.108929,0.118393
111,0.071852,0.094519
112,0.119407,0.129037
113,0.079253,0.090422
114,0.128189,0.140519
115,0.218023,0.222307
116,0.172657,0.179270
117,0.195652,0.199591
118,0.124836,0.135080
119,0.161407,0.170296
120,0.177517,0.186483
121,0.172875,0.175968
122,0.229592,0.237280
123,0.227285,0.233995
124,0.123158,0.139598
125,0.208333,0.215561
126,0.133423,0.143480
127,0.103037,0.118889
128,0.161200,0.162980
129,0.164321,0.168758
130,0.055185,0.069111
131,0.138019,0.145846
132,0.089955,0.094871
133,0.185756,0.193330
134,0.177479,0.182069
135,0.222603,0.226656
136,0.142595,0.147644
137,0.186458,0.190914
138,0.161990,0.168651
139,0.266417,0.271408
140,0.259855,0.263908
141,0.341771,0.342501
142,0.140444,0.150222
143,0.144040,0.149759
144,0.268137,0.275211
145,0.262004,0.262723
146,0.118115,0.129437
147,0.152769,0.161949
148,0.162593,0.175185
149,0.162897,0.168690
150,0.100319,0.109221
151,0.149333,0.152148
152,0.316202,0.318103
153,0.155540,0.164099
154,0.140830,0.146002
155,0.211420,0.217101
156,0.155116,0.161777
157,0.211168,0.216837
158,0.177077,0.179786
159,0.156746,0.165816
160,0.195241,0.206966
161,0.131171,0.135686
162,0.237088,0.235483
163,0.218629,0.221210
164,0.275974,0.278831
165,0.218166,0.221809
166,0.229116,0.240438
167,0.212688,0.215611
168,0.211522,0.213223
169,0.156318,0.159314
170,0.151431,0.158234
171,0.146483,0.159448
172,0.128469,0.138489
173,0.144958,0.153673
174,0.242611,0.247662
175,0.207235,0.209521
176,0.202415,0.212047
177,0.210105,0.217049
178,0.162932,0.173203
179,0.103657,0.107482
180,0.199510,0.207925
181,0.191979,0.196417
182,0.154800,0.173475
183,0.161765,0.166900
184,0.227931,0.234552
185,0.206352,0.213877
186,0.206089,0.208384
187,0.216148,0.222074
188,0.160296,0.163259
189,0.224714,0.225768
190,0.179284,0.186094
191,0.141407,0.147458
192,0.175195,0.183247
193,0.247608,0.248538
194,0.248226,0.250323
195,0.132420,0.152616
196,0.259407,0.260593
197,0.258637,0.263420
198,0.114370,0.121037
199,0.205130,0.209463
200,0.209367,0.217683
201,0.270345,0.272552
202,0.173365,0.180982
203,0.207481,0.210889
204,0.137087,0.142136
205,0.177123,0.186169
206,0.181373,0.188181
207,0.225333,0.230370
208,0.113732,0.119846
209,0.098072,0.106793
210,0.185887,0.190580
211,0.095520,0.110635
212,0.223092,0.223092
213,0.336827,0.335430
214,0.232138,0.239724
215,0.177650,0.182752
216,0.140609,0.144885
217,0.244621,0.244621
218,0.204571,0.207506
219,0.230088,0.233773
220,0.179599,0.189416
221,0.252826,0.256680
222,0.183036,0.196358
223,0.129793,0.134345
224,0.198765,0.207654
225,0.121405,0.127524
226,0.200734,0.214657
227,0.149402,0.161074
228,0.193103,0.201241
229,0.236775,0.243269
230,0.154664,0.161175
231,0.168605,0.174572
232,0.171373,0.177942
233,0.209185,0.214046
234,0.237884,0.239151
235,0.164760,0.173405
236,0.065429,0.080311
237,0.235645,0.235968
238,0.267289,0.270043
239,0.126279,0.144642
240,0.207037,0.211778
241,0.124552,0.132690
242,0.250909,0.250629
243,0.019863,0.035954
244,0.099303,0.105480
245,0.135351,0.142539
246,0.108741,0.119852
247,0.013462,0.029933
248,0.089355,0.110645
249,0.299407,0.300593
250,0.224105,0.231391
251,0.199688,0.201531
252,0.199121,0.205215
253,0.182894,0.188273
254,0.163655,0.166000
255,0.207483,0.214002
256,0.116015,0.125072
257,0.154997,0.157627
258,0.166122,0.180750
259,0.089875,0.103006
260,0.176233,0.183177
261,0.227053,0.234300
262,0.107635,0.118804
263,0.213430,0.226813
264,0.258305,0.258703
265,0.159425,0.167465
266,0.097231,0.107315
267,0.204262,0.213983
268,0.148673,0.157604
269,0.078897,0.089517
270,0.097708,0.109170
271,0.198628,0.205621
272,0.196857,0.197790
273,0.220296,0.225049
274,0.191978,0.197998
275,0.195295,0.198271
276,0.242035,0.246660
277,0.188897,0.194966
278,0.110975,0.122549
279,0.101765,0.114167
280,0.122844,0.127588
281,0.186138,0.190831
282,0.233117,0.235325
283,0.196297,0.203947
284,0.182531,0.195043
285,0.142483,0.155796
286,0.310554,0.310725
287,0.132690,0.137517
288,0.165397,0.168703
289,0.189946,0.195816
290,0.205065,0.207925
291,0.179238,0.185358
292,0.095172,0.106345
293,0.179150,0.183646
294,0.171862,0.178897
295,0.208813,0.212982
296,0.172600,0.176685
297,0.239931,0.246000
298,0.239943,0.242792
299,0.131426,0.137546
300,0.169217,0.178244
301,0.197781,0.203760
302,0.176451,0.182624
303,0.236221,0.237963
304,0.204625,0.208109
305,0.251630,0.253756
306,0.226866,0.230640
307,0.285527,0.293405
308,0.207556,0.216436
309,0.171057,0.175572
310,0.080678,0.091213
311,0.251407,0.254519
312,0.162557,0.166383
313,0.241432,0.244951
314,0.182952,0.190833
315,0.157333,0.163259
316,0.190942,0.194716
317,0.125740,0.136364
318,0.222008,0.224355
319,0.070791,0.085530
320,0.254960,0.253685
321,0.157270,0.165347
322,0.161336,0.176674
323,0.226103,0.232911
324,0.122848,0.129268
325,0.127079,0.135249
326,0.170564,0.178784
327,0.117025,0.133520
328,0.123588,0.127891
329,0.141333,0.146370
330,0.080815,0.091037
331,0.117249,0.127634
332,0.211798,0.220188
333,0.151733,0.164034
334,0.061504,0.075342
335,0.106653,0.117450
336,0.290487,0.291071
337,0.161210,0.169758
338,0.207951,0.208742
339,0.064740,0.073701
340,0.168710,0.172742
341,0.212089,0.215632
342,0.231098,0.237179
343,0.137586,0.148483
344,0.215778,0.220222
345,0.188827,0.201914
346,0.147819,0.158163
347,0.244582,0.251806
348,0.193951,0.199540
349,0.118560,0.126416
350,0.189546,0.192336
351,0.224718,0.233386
352,0.142715,0.144983
353,0.232069,0.235103
354,0.124473,0.133353
355,0.170074,0.176741
356,0.217941,0.220801
357,0.111656,0.122277
358,0.173333,0.181630
359,0.181304,0.191789
360,0.122298,0.129545
361,0.190636,0.199510
362,0.170298,0.171807
363,0.182270,0.194461
364,0.141317,0.146636
365,0.177926,0.186667
366,0.269639,0.275341
367,0.250467,0.256692
368,0.162345,0.171586
369,0.266963,0.266815
370,0.152942,0.162661
371,0.204075,0.205420
372,0.196136,0.206959
373,0.211620,0.217038
374,0.173103,0.176690
375,0.179856,0.186408
376,0.150877,0.155477
377,0.171792,0.174588
378,0.129122,0.139043
379,0.150518,0.156268
380,0.072258,0.080484
381,0.300632,0.299556
382,0.215420,0.219104
383,0.170869,0.179406
384,0.266073,0.269567
385,0.187053,0.195300
386,0.101802,0.112561
387,0.158341,0.165811
388,0.194988,0.197396
389,0.100062,0.110644
390,0.181684,0.184018
391,0.196414,0.201241
392,0.165292,0.173959
393,0.168615,0.175392
394,0.213333,0.215852
395,0.109555,0.116869
396,0.169836,0.179856
397,0.063393,0.073750
398,0.274807,0.279668
399,0.194600,0.196934
400,0.233636,0.238052
401,0.222133,0.224030
402,0.209002,0.211774
403,0.148020,0.156524
404,0.180998,0.186047
405,0.203383,0.208694
406,0.104802,0.111990
407,0.145845,0.151596
408,0.151444,0.156843
409,0.224688,0.225884
410,0.279997,0.280490
411,0.138804,0.144555
412,0.266389,0.270989
413,0.152450,0.161616
414,0.205890,0.211001
415,0.175067,0.185466
416,0.102498,0.109422
417,0.245139,0.249330
418,0.195153,0.201814
419,0.153534,0.161374
420,0.194785,0.206904
421,0.287694,0.288711
422,0.101778,0.107852
423,0.228275,0.230268
424,0.121663,0.129799
425,0.289527,0.291239
426,0.180808,0.188496
427,0.143114,0.152171
428,0.185509,0.193474
429,0.175226,0.182228
430,0.214632,0.224718
431,0.176516,0.184028
432,0.198683,0.201249
433,0.185882,0.192203
434,0.174392,0.181295
435,0.171141,0.178874
436,0.140296,0.144148
437,0.163700,0.167202
438,0.148936,0.156987
439,0.254543,0.257199
440,0.238300,0.243410
441,0.105152,0.121981
442,0.144048,0.151955
443,0.144115,0.152362
444,0.236162,0.242172
445,0.165110,0.168690
446,0.234205,0.236301
447,0.124858,0.137330
448,0.199142,0.204997
449,0.217321,0.220414
450,0.149923,0.155576
451,0.135686,0.138367
452,0.160431,0.166525
453,0.063764,0.083333
454,0.154577,0.162179
455,0.122302,0.132451
456,0.231481,0.238593
457,0.185863,0.187643
458,0.153169,0.159653
459,0.183850,0.190322
460,0.190108,0.193464
461,0.118729,0.127266
462,0.216766,0.218608
463,0.199375,0.205886
464,0.241052,0.248020
465,0.070074,0.083111
466,0.255778,0.260370
467,0.259991,0.259850
468,0.259016,0.257478
469,0.234919,0.241695
470,0.115301,0.124036
471,0.195439,0.199955
472,0.101668,0.111766
473,0.257184,0.262829
474,0.078080,0.087108
475,0.216450,0.220436
476,0.188758,0.191489
477,0.227142,0.233899
478,0.211420,0.217571
479,0.018588,0.030178
480,0.243333,0.248222
481,0.184229,0.188399
482,0.077631,0.084531
483,0.097917,0.112874
484,0.123448,0.132966
485,0.060138,0.068414
486,0.237349,0.245687
487,0.144005,0.154474
488,0.292296,0.297333
489,0.131954,0.142997
490,0.261052,0.264706
491,0.148272,0.160741
492,0.190547,0.199050
493,0.083890,0.092112
494,0.124771,0.133797
495,0.161931,0.167448
496,0.163594,0.169293
497,0.280403,0.285403
498,0.175455,0.179870
499,0.174643,0.181062
500,0.166412,0.170862
501,0.119827,0.134850
502,0.119034,0.125517
503,0.167881,0.170257
504,0.206349,0.210240
505,0.061155,0.072197
506,0.112133,0.122772
507,0.146425,0.151557
508,0.264322,0.266474
509,0.203506,0.212338
510,0.091549,0.097927
511,0.262527,0.263928
512,0.168952,0.178436
513,0.264682,0.267074
514,0.273422,0.274573
515,0.134866,0.142971
516,0.197772,0.202051
517,0.174788,0.176102
518,0.171935,0.182419
519,0.188112,0.192855
520,0.279956,0.282544
521,0.153748,0.162929
522,0.207017,0.211909
523,0.205995,0.212231
524,0.132815,0.141704
525,0.215349,0.220026
526,0.111283,0.121503
527,0.139160,0.146061
528,0.218954,0.226113
529,0.217902,0.225051
530,0.188746,0.194354
531,0.218121,0.221039
532,0.224069,0.231655
533,0.237392,0.238968
534,0.192593,0.197333
535,0.182740,0.187409
536,0.215121,0.218974
537,0.187387,0.195063
538,0.192298,0.198280
539,0.224001,0.231549
540,0.202544,0.209533
541,0.160289,0.169785
542,0.176545,0.181996
543,0.150551,0.152846
544,0.110966,0.119793
545,0.174759,0.177871
546,0.140759,0.151163
547,0.143137,0.146749
548,0.230678,0.232895
549,0.232148,0.236593
550,0.236207,0.241172
551,0.169702,0.179205
552,0.074357,0.078794
553,0.201987,0.207405
554,0.181688,0.188052
555,0.281196,0.283209
556,0.243221,0.253844
557,0.158963,0.168148
558,0.118074,0.120000
559,0.209032,0.211256
560,0.065669,0.072235
561,0.142763,0.147229
562,0.177638,0.177326
563,0.187448,0.189684
564,0.213152,0.220663
565,0.243746,0.249497
566,0.254064,0.261288
567,0.219091,0.232461
568,0.193249,0.200098
569,0.193989,0.199637
570,0.093716,0.103946
571,0.267600,0.267472
572,0.125912,0.138022
573,0.225379,0.226759
574,0.182834,0.186812
575,0.197403,0.200905
576,0.124825,0.134890
577,0.226716,0.233115
578,0.136062,0.146293
579,0.213261,0.216583
580,0.146448,0.162703
581,0.174345,0.179724
582,0.216452,0.224677
583,0.187364,0.200436
584,0.193222,0.197414
585,0.177523,0.186190
586,0.222717,0.233659
587,0.274069,0.273931
588,0.225469,0.228475
589,0.191517,0.199793
590,0.257903,0.257903
591,0.085060,0.097899
592,0.110969,0.122166
593,0.211601,0.215005
594,0.140552,0.152966
595,0.278145,0.275726
596,0.156000,0.161778
597,0.146719,0.154922
598,0.109554,0.121339
599,0.315603,0.316391
600,0.202797,0.218397
601,0.140039,0.149408
602,0.195515,0.203492
603,0.203595,0.207713
604,0.146259,0.150935
605,0.217111,0.221556
606,0.192956,0.196358
607,0.082198,0.087439
608,0.107091,0.113364
609,0.099143,0.103427
610,0.200222,0.207926
611,0.269062,0.269487
612,0.204171,0.209462
613,0.210913,0.211085
614,0.181763,0.185435
615,0.134560,0.138442
616,0.174382,0.177976
617,0.091996,0.103197
618,0.146517,0.158721
619,0.210240,0.215745
620,0.163367,0.170177
621,0.152320,0.161803
622,0.190943,0.195300
623,0.208900,0.211451
624,0.199891,0.211096
625,0.215438,0.218263
626,0.209302,0.214657
627,0.081854,0.097460
628,0.111834,0.117633
629,0.171111,0.181481
630,0.238748,0.244339
631,0.257333,0.260889
632,0.214000,0.217586
633,0.183673,0.192060
634,0.289534,0.297585
635,0.310875,0.311400
636,0.194716,0.204501
637,0.195923,0.201681
638,0.179760,0.185910
639,0.235724,0.241241
640,0.121724,0.138138
641,0.190844,0.194610
642,0.240225,0.247374
643,0.154199,0.162171
644,0.120367,0.127653
645,0.140356,0.145900
646,0.172690,0.176138
647,0.203113,0.209680
648,0.077546,0.085279
649,0.165502,0.172491
650,0.163866,0.170713
651,0.167420,0.174132
652,0.154715,0.170869
653,0.218690,0.225862
654,0.131522,0.136229
655,0.165713,0.169627
656,0.192969,0.194926
657,0.189645,0.199880
658,0.202498,0.205554
659,0.129535,0.134779
660,0.223389,0.225724
661,0.100853,0.108121
662,0.189270,0.191585
663,0.246278,0.252296
664,0.177154,0.182398
665,0.208609,0.228627
666,0.139740,0.147403
667,0.216173,0.222183
668,0.169333,0.182963
669,0.110552,0.118000
670,0.091172,0.097793
671,0.080285,0.097902
672,0.177899,0.194492
673,0.209184,0.218821
674,0.214933,0.221605
675,0.217366,0.219235
676,0.212282,0.213821
677,0.034547,0.051043
678,0.221532,0.225081
679,0.175871,0.178172
680,0.168722,0.175666
681,0.193107,0.196568
682,0.263790,0.264919
683,0.193355,0.197090
684,0.210607,0.214984
685,0.233715,0.240984
686,0.184641,0.191176
687,0.168277,0.171761
688,0.176667,0.183778
689,0.106000,0.113586
690,0.251362,0.255719
691,0.109798,0.119779
692,0.224030,0.232054
693,0.209656,0.211135
694,0.153321,0.169422
695,0.222857,0.226494
696,0.143497,0.148064
697,0.130175,0.137363
698,0.245687,0.250431
699,0.237280,0.243989
700,0.101998,0.106024
701,0.134122,0.141354
702,0.165815,0.172808
703,0.052097,0.062581
704,0.207778,0.210864
705,0.111749,0.123937
706,0.163394,0.175901
707,0.101600,0.107301
708,0.197368,0.201346
709,0.255202,0.257650
710,0.003654,0.014615
711,0.139638,0.147263
712,0.238705,0.239362
713,0.205362,0.210825
714,0.206069,0.210207
715,0.236702,0.246478
716,0.188238,0.194532
717,0.132966,0.139172
718,0.115391,0.119759
719,0.216149,0.230280
720,0.158649,0.162672
721,0.263889,0.265387
722,0.259931,0.264897
723,0.130268,0.135837
724,0.117655,0.127310
725,0.238355,0.242237
726,0.197066,0.202594
727,0.183862,0.190897
728,0.102181,0.113782
729,0.180714,0.191883
730,0.207716,0.215264
731,0.176322,0.181106
732,0.389274,0.389597
733,0.148405,0.155780
734,0.155929,0.162465
735,0.098701,0.105121
736,0.181581,0.191242
737,0.159293,0.165904
738,0.171586,0.177793
739,0.148089,0.152612
740,0.078637,0.086975
741,0.153633,0.166326
742,0.197034,0.201586
743,0.228571,0.235893
744,0.224373,0.226057
745,0.136213,0.143258
746,0.099482,0.116302
747,0.141975,0.151702
748,0.232707,0.235975
749,0.144295,0.149256
750,0.221823,0.229298
751,0.195955,0.200946
752,0.192293,0.199770
753,0.169463,0.179093
754,0.068787,0.082504
755,0.198666,0.205202
756,0.206845,0.211664
757,0.222621,0.223862
758,0.130508,0.142136
759,0.220960,0.223548
760,0.241481,0.244148
761,0.202271,0.206153
762,0.187407,0.191407
763,0.200296,0.201778
764,0.297673,0.298211
765,0.092000,0.104741
766,0.147414,0.149250
767,0.192222,0.197852
768,0.113926,0.126963
769,0.150215,0.156805
770,0.283688,0.287891
771,0.078040,0.090984
772,0.167517,0.173469
773,0.170615,0.173747
774,0.186059,0.197240
775,0.118535,0.125944
776,0.233646,0.237097
777,0.159879,0.169643
778,0.208843,0.210985
779,0.243028,0.245615
780,0.232461,0.234330
781,0.222607,0.225316
782,0.199799,0.205833
783,0.202631,0.206800
784,0.170455,0.175421
785,0.207029,0.210792
786,0.210862,0.213508
787,0.248020,0.254039
788,0.138005,0.152387
789,0.136788,0.137938
790,0.200474,0.203493
791,0.132619,0.135638
792,0.203178,0.207512
793,0.225185,0.228148
794,0.051488,0.060524
795,0.189333,0.195371
796,0.192927,0.195515
797,0.196162,0.202517
798,0.221331,0.229355
799,0.125096,0.131039
800,0.137448,0.142276
801,0.199375,0.202830
802,0.145917,0.151668
803,0.209556,0.215185
804,0.176550,0.182420
805,0.183599,0.193390
806,0.237528,0.241071
807,0.243906,0.248724
808,0.119473,0.132511
809,0.107912,0.115600
810,0.269043,0.269741
811,0.197465,0.206002
812,0.125481,0.129926
813,0.133574,0.142361
814,0.149430,0.156874
815,0.182276,0.189405
816,0.284071,0.287885
817,0.243290,0.246505
818,0.175751,0.185884
819,0.134489,0.145390
820,0.123706,0.130175
821,0.195586,0.201655
822,0.213061,0.215645
823,0.245504,0.249872
824,0.204276,0.210059
825,0.284113,0.289274
826,0.211704,0.224889
827,0.124088,0.133134
828,0.201834,0.205687
829,0.159631,0.164943
830,0.098911,0.112090
831,0.142157,0.143927
832,0.156555,0.160006
833,0.169732,0.176161
834,0.133145,0.139597
835,0.159392,0.166466
836,0.296246,0.298464
837,0.157353,0.170776
838,0.173135,0.177083
839,0.154048,0.165613
840,0.230570,0.237280
841,0.199510,0.196450
842,0.188163,0.199795
843,0.128366,0.138617
844,0.185141,0.191012
845,0.261818,0.264736
846,0.220664,0.231953
847,0.200406,0.202213
848,0.195561,0.201077
849,0.222001,0.231793
850,0.147578,0.159980
851,0.228883,0.231293
852,0.124925,0.133654
853,0.123458,0.133652
854,0.235037,0.236963
855,0.196017,0.203020
856,0.175411,0.185803
857,0.143222,0.150888
858,0.196276,0.202207
859,0.145198,0.147499
860,0.223225,0.227356
861,0.192106,0.194657
862,0.188222,0.193704
863,0.179212,0.190179
864,0.222633,0.234961
865,0.187103,0.194414
866,0.199764,0.204886
867,0.217641,0.220242
868,0.150444,0.154593
869,0.222829,0.225561
870,0.170135,0.177632
871,0.136589,0.138847
872,0.109905,0.118675
873,0.113095,0.124150
874,0.243839,0.248125
875,0.159381,0.164961
876,0.180070,0.186525
877,0.207108,0.215550
878,0.204641,0.208415
879,0.150483,0.154345
880,0.322633,0.321783
881,0.233844,0.231718
882,0.236248,0.239968
883,0.193933,0.196090
884,0.097595,0.107959
885,0.204071,0.211598
886,0.216341,0.221726
887,0.115220,0.123614
888,0.210161,0.218065
889,0.204568,0.207037
890,0.245181,0.245465
891,0.253259,0.253259
892,0.108039,0.116793
893,0.125567,0.130102
894,0.198000,0.200519
895,0.181037,0.189333
896,0.158376,0.171414
897,0.151290,0.167021
898,0.196952,0.200259
899,0.141294,0.152769
900,0.293949,0.297712
901,0.139188,0.146853
902,0.288297,0.286160
903,0.197815,0.201840
904,0.106444,0.122148
905,0.157878,0.166939
906,0.102041,0.110402
907,0.142369,0.151563
908,0.244456,0.244602
909,0.219822,0.228402
910,0.206954,0.209211
911,0.097097,0.104516
912,0.180207,0.188483
913,0.219671,0.223639
914,0.252177,0.255242
915,0.115553,0.118617
916,0.175645,0.176290
917,0.187937,0.196275
918,0.128115,0.130883
919,0.154597,0.158629
920,0.251081,0.258200
921,0.117668,0.126725
922,0.223886,0.229004
923,0.162477,0.165939
924,0.203704,0.211173
925,0.151241,0.158828
926,0.085272,0.097075
927,0.180323,0.182742
928,0.214657,0.216646
929,0.274516,0.278710
930,0.219171,0.224067
931,0.192390,0.195020
932,0.121312,0.127032
933,0.278321,0.282202
934,0.173665,0.180840
935,0.260414,0.264966
936,0.223931,0.229586
937,0.147642,0.156268
938,0.168442,0.175195
939,0.157171,0.162273
940,0.201672,0.205215
941,0.148518,0.156626
942,0.196889,0.201778
943,0.111340,0.118309
944,0.101688,0.113506
945,0.117174,0.123674
946,0.188015,0.193064
947,0.160897,0.169175
948,0.264119,0.271474
949,0.134889,0.147630
950,0.175172,0.182207
951,0.251890,0.258958
952,0.092474,0.101403
953,0.147335,0.149011
954,0.193589,0.202303
955,0.252338,0.255882
956,0.327487,0.328062
957,0.172194,0.182540
958,0.191296,0.199568
959,0.270741,0.272667
960,0.131698,0.138019
961,0.161352,0.166171
962,0.262699,0.268054
963,0.339857,0.339479
964,0.158188,0.165563
965,0.181926,0.183111
966,0.230960,0.231106
967,0.136288,0.144567
968,0.156379,0.160138
969,0.251656,0.251957
970,0.120256,0.130750
971,0.206089,0.212209
972,0.262245,0.262574
973,0.185645,0.190504
974,0.175039,0.178122
975,0.139630,0.152718
976,0.196394,0.203243
977,0.195439,0.197181
978,0.188533,0.197051
979,0.164138,0.175034
980,0.308370,0.312667
981,0.158156,0.162645
982,0.195834,0.205200
983,0.175848,0.182073
984,0.081066,0.085459
985,0.184076,0.186936
986,0.142001,0.160053
987,0.223486,0.226736
988,0.118667,0.129778
989,0.240196,0.244087
990,0.151851,0.164091
991,0.163791,0.168423
992,0.164667,0.171333
993,0.181688,0.187532
994,0.233895,0.238110
995,0.221072,0.231427
996,0.217497,0.220195
997,0.210491,0.218016
998,0.200095,0.202955
999,0.129712,0.134938
1000,0.215649,0.231623
1001,0.078565,0.089122
1002,0.244148,0.245406
1003,0.167913,0.173951
1004,0.270798,0.274223
1005,0.209218,0.216028
1006,0.154605,0.165315
1007,0.230345,0.238621
1008,0.178105,0.184329
1009,0.192588,0.198132
1010,0.164488,0.176937
1011,0.234677,0.240161
1012,0.259517,0.264207
1013,0.203093,0.209804
1014,0.048615,0.065172
1015,0.183775,0.189494
1016,0.150390,0.151558
1017,0.297581,0.297258
1018,0.245807,0.245108
1019,0.169829,0.176408
1020,0.259379,0.266000
1021,0.257497,0.259639
1022,0.190051,0.194586
1023,0.179014,0.183708
1024,0.133300,0.141519
1025,0.090909,0.098442
1026,0.227933,0.233971
1027,0.128614,0.140802
1028,0.182432,0.188614
1029,0.259103,0.263693
1030,0.133034,0.140795
1031,0.135566,0.145630
1032,0.130872,0.136708
1033,0.113333,0.122370
1034,0.156888,0.165391
1035,0.132338,0.147013
1036,0.162718,0.165986
1037,0.243037,0.244963
1038,0.157068,0.165332
1039,0.090089,0.096939
1040,0.201512,0.206279
1041,0.175658,0.184162
1042,0.171228,0.183619
1043,0.164074,0.170247
1044,0.205428,0.211239
1045,0.017834,0.030654
1046,0.123588,0.131468
1047,0.055880,0.063758
1048,0.128887,0.139649
1049,0.130889,0.140519
1050,0.195429,0.198971
1051,0.201912,0.204068
1052,0.244296,0.249333
1053,0.211980,0.217947
1054,0.171694,0.174113
1055,0.179570,0.180206
1056,0.162332,0.173654
1057,0.157171,0.159580
1058,0.162718,0.169526
1059,0.161290,0.169194
1060,0.208052,0.211558
1061,0.164721,0.173329
1062,0.139668,0.144062
1063,0.255647,0.261295
1064,0.179644,0.182434
1065,0.164444,0.169630
1066,0.227138,0.231845
1067,0.142174,0.150279
1068,0.248522,0.254746
1069,0.201956,0.209325
1070,0.240530,0.255783
1071,0.057724,0.066552
1072,0.158185,0.164829
1073,0.120089,0.131161
1074,0.153341,0.161169
1075,0.053994,0.076512
1076,0.114483,0.118207
1077,0.103738,0.114289
1078,0.122509,0.133803
1079,0.099947,0.106120
1080,0.160643,0.165320
1081,0.260000,0.262258
1082,0.157271,0.165033
1083,0.182827,0.187668
1084,0.158345,0.164690
1085,0.182097,0.194032
1086,0.186353,0.187729
1087,0.213907,0.224512
1088,0.224828,0.234236
1089,0.124126,0.139850
1090,0.243056,0.245181
1091,0.182702,0.185887
1092,0.176408,0.183599
1093,0.221299,0.224805
1094,0.154684,0.162309
1095,0.236828,0.245517
1096,0.139223,0.147889
1097,0.218487,0.223156
1098,0.285856,0.289966
1099,0.258961,0.260519
1100,0.166545,0.174278
1101,0.186409,0.198299
1102,0.234554,0.240145
1103,0.142901,0.146420
1104,0.277931,0.279724
1105,0.178249,0.184095
1106,0.097847,0.107492
1107,0.231487,0.242023
1108,0.043393,0.057199
1109,0.165259,0.171481
1110,0.161169,0.172211
1111,0.199516,0.200968
1112,0.232214,0.238875
1113,0.216305,0.224852
1114,0.109618,0.112637
1115,0.260811,0.261146
1116,0.192472,0.196910
1117,0.149724,0.156028
1118,0.200181,0.209663
1119,0.153049,0.157280
1120,0.286179,0.288231
1121,0.143570,0.147529
1122,0.188787,0.198448
1123,0.114526,0.127266
1124,0.181259,0.191037
1125,0.181210,0.188629
1126,0.108970,0.120259
1127,0.152387,0.164933
1128,0.164519,0.165259
1129,0.194868,0.200906
1130,0.311434,0.316187
1131,0.170732,0.171999
1132,0.158281,0.164894
1133,0.222946,0.227054
1134,0.168505,0.172862
1135,0.164410,0.164099
1136,0.160053,0.166900
1137,0.257127,0.255543
1138,0.270876,0.274859
1139,0.227273,0.236494
1140,0.253428,0.253012
1141,0.148104,0.150211
1142,0.112890,0.124455
1143,0.274758,0.275081
1144,0.185293,0.192005
1145,0.155403,0.164919
1146,0.082984,0.093641
1147,0.198830,0.208111
1148,0.201724,0.203517
1149,0.289201,0.293803
1150,0.124858,0.134354
1151,0.139638,0.144131
1152,0.158447,0.172477
1153,0.132573,0.140988
1154,0.172258,0.180161
1155,0.197038,0.200686
1156,0.210657,0.213736
1157,0.195185,0.203630
1158,0.244788,0.252288
1159,0.106434,0.115930
1160,0.098585,0.105659
1161,0.152690,0.160138
1162,0.138922,0.150211
1163,0.115034,0.130621
1164,0.266184,0.273498
1165,0.219458,0.223232
1166,0.128118,0.140590
1167,0.208614,0.215346
1168,0.210517,0.220126
1169,0.199481,0.207013
1170,0.069461,0.086620
1171,0.228404,0.238468
1172,0.086876,0.101332
1173,0.185379,0.190897
1174,0.183726,0.190771
1175,0.213734,0.219093
1176,0.142901,0.154376
1177,0.268414,0.273241
1178,0.187931,0.194690
1179,0.225020,0.229272
1180,0.197781,0.198461
1181,0.150593,0.156074
1182,0.134009,0.143396
1183,0.190077,0.191300
1184,0.116782,0.130260
1185,0.170336,0.178571
1186,0.318815,0.318182
1187,0.111578,0.124961
1188,0.153896,0.162208
1189,0.279668,0.278830
1190,0.239938,0.240505
1191,0.222840,0.233333
1192,0.225988,0.231567
1193,0.222533,0.223000
1194,0.193130,0.196581
1195,0.172897,0.178414
1196,0.166667,0.176036
1197,0.156398,0.165268
1198,0.128967,0.132464
1199,0.178206,0.181353
1200,0.239749,0.241279
1201,0.164483,0.171103
1202,0.218873,0.224915
1203,0.154910,0.160145
1204,0.205953,0.211002
1205,0.234462,0.237817
1206,0.245961,0.245169
1207,0.216184,0.222667
1208,0.241597,0.243464
1209,0.165822,0.172474
1210,0.176117,0.180710
1211,0.120181,0.125709
1212,0.153061,0.158233
1213,0.136480,0.147817
1214,0.187788,0.193869
1215,0.227465,0.231277
1216,0.177096,0.180309
1217,0.146420,0.153152
1218,0.164839,0.176129
1219,0.157435,0.167971
1220,0.198516,0.203113
1221,0.259855,0.262510
1222,0.094859,0.104192
1223,0.190019,0.196691
1224,0.138546,0.147878
1225,0.140377,0.149447
1226,0.246126,0.251248
1227,0.041953,0.055428
1228,0.154543,0.162737
1229,0.143707,0.149235
1230,0.149271,0.151647
1231,0.146598,0.154275
1232,0.359956,0.359956
1233,0.223339,0.227279
1234,0.229692,0.230626
1235,0.158292,0.162922
1236,0.161333,0.170222
1237,0.202897,0.209793
1238,0.236539,0.240585
1239,0.158777,0.169954
1240,0.138733,0.146073
1241,0.202621,0.215448
1242,0.308482,0.311518
1243,0.141532,0.148721
1244,0.152540,0.156824
1245,0.201269,0.207835
1246,0.284032,0.283065
1247,0.163907,0.166014
1248,0.211914,0.216852
1249,0.163462,0.166913
1250,0.199684,0.206009
1251,0.191707,0.194614
1252,0.161210,0.169714
1253,0.252601,0.256885
1254,0.174887,0.181973
1255,0.186308,0.191648
1256,0.127975,0.139038
1257,0.120137,0.129785
1258,0.241441,0.252957
1259,0.178584,0.184913
1260,0.116000,0.126963
1261,0.147929,0.160032
1262,0.177593,0.184163
1263,0.191310,0.194345
1264,0.173501,0.174878
1265,0.185164,0.189333
1266,0.178831,0.183377
1267,0.243379,0.247402
1268,0.191239,0.196598
1269,0.140382,0.149152
1270,0.254609,0.253101
1271,0.212730,0.223467
1272,0.165680,0.178994
1273,0.178315,0.180441
1274,0.266865,0.279337
1275,0.155517,0.165310
1276,0.202962,0.209191
1277,0.241453,0.243918
1278,0.251724,0.256690
1279,0.147929,0.151425
1280,0.163997,0.178108
1281,0.127037,0.133111
1282,0.061838,0.068962
1283,0.189448,0.194414
1284,0.145714,0.149464
1285,0.267094,0.267423
1286,0.137977,0.143491
1287,0.176414,0.179448
1288,0.195385,0.204497
1289,0.114577,0.119465
1290,0.145708,0.156794
1291,0.178695,0.183726
1292,0.257441,0.262573
1293,0.180614,0.186936
1294,0.193390,0.200734
1295,0.199210,0.203976
1296,0.011204,0.019763
1297,0.175161,0.187097
1298,0.146923,0.151688
1299,0.250503,0.255531
1300,0.200175,0.202999
1301,0.187468,0.191234
1302,0.226169,0.231234
1303,0.225323,0.231452
1304,0.169064,0.175796
1305,0.181280,0.193115
1306,0.172774,0.181836
1307,0.197980,0.200581
1308,0.212000,0.220296
1309,0.114535,0.129163
1310,0.252500,0.258929
1311,0.214780,0.219296
1312,0.095522,0.108277
1313,0.153105,0.160006
1314,0.143246,0.153459
1315,0.161728,0.164104
1316,0.190821,0.193999
1317,0.213739,0.216340
1318,0.165583,0.176360
1319,0.177604,0.185731
1320,0.221235,0.227037
1321,0.038169,0.046405
1322,0.169682,0.179165
1323,0.230999,0.234853
1324,0.158030,0.163788
1325,0.134792,0.138617
1326,0.153871,0.156290
1327,0.125889,0.135241
1328,0.103175,0.118622
1329,0.250657,0.258973
1330,0.075310,0.085517
1331,0.154483,0.164138
1332,0.198667,0.206815
1333,0.248812,0.250554
1334,0.099348,0.105584
1335,0.110586,0.122537
1336,0.185293,0.192588
1337,0.294494,0.294350
1338,0.079467,0.088966
1339,0.161453,0.172814
1340,0.239556,0.241481
1341,0.120643,0.130855
1342,0.235207,0.236955
1343,0.212574,0.215998
1344,0.120786,0.129515
1345,0.189413,0.195649
1346,0.067679,0.077679
1347,0.221793,0.222897
1348,0.203772,0.207040
1349,0.154529,0.159425
1350,0.214563,0.221607
1351,0.128918,0.135984
1352,0.168808,0.179856
1353,0.221103,0.224276
1354,0.169486,0.178851
1355,0.126009,0.135288
1356,0.165292,0.171582
1357,0.158958,0.167275
1358,0.097659,0.105870
1359,0.131034,0.138897
1360,0.130308,0.143786
1361,0.259699,0.263810
1362,0.149430,0.152439
1363,0.172336,0.183474
1364,0.268830,0.270230
1365,0.191397,0.193382
1366,0.197304,0.200980
1367,0.254403,0.258736
1368,0.117884,0.126653
1369,0.187579,0.189486
1370,0.222863,0.224905
1371,0.128276,0.134897
1372,0.279584,0.281763
1373,0.089665,0.095929
1374,0.155753,0.168605
1375,0.239936,0.246366
1376,0.197229,0.205098
1377,0.216162,0.225657
1378,0.144341,0.153221
1379,0.145363,0.147887
1380,0.194856,0.202684
1381,0.220452,0.225719
1382,0.165259,0.173556
1383,0.127693,0.136338
1384,0.200345,0.207793
1385,0.212860,0.219987
1386,0.261364,0.266030
1387,0.202416,0.218853
1388,0.227358,0.231715
1389,0.190103,0.194996
1390,0.112344,0.124507
1391,0.095668,0.110284
1392,0.201566,0.206178
1393,0.277210,0.277794
1394,0.160147,0.170493
1395,0.261027,0.263583
1396,0.212321,0.216607
1397,0.139091,0.152208
1398,0.110828,0.121315
1399,0.178146,0.187500
1400,0.000081,0.012823
1401,0.198696,0.202192
1402,0.155787,0.161798
1403,0.188531,0.193978
1404,0.228812,0.234623
1405,0.210271,0.212796
1406,0.165181,0.170357
1407,0.198830,0.211068
1408,0.137046,0.145182
1409,0.190370,0.194222
1410,0.104945,0.118603
1411,0.260480,0.264458
1412,0.142679,0.153571
1413,0.142792,0.150584
1414,0.205136,0.204990
1415,0.221514,0.226474
1416,0.291774,0.297258
1417,0.112282,0.116045
1418,0.253235,0.255535
1419,0.115862,0.127310
1420,0.174113,0.178468
1421,0.351064,0.355233
1422,0.202667,0.205481
1423,0.155852,0.166963
1424,0.179091,0.182597
1425,0.099897,0.107595
1426,0.145002,0.153851
1427,0.190141,0.193330
1428,0.219194,0.225806
1429,0.172157,0.181343
1430,0.259970,0.263584
1431,0.194373,0.196686
1432,0.177938,0.181763
1433,0.068821,0.077620
1434,0.104530,0.113082
1435,0.073347,0.089057
1436,0.246531,0.249743
1437,0.126787,0.137584
1438,0.300260,0.303117
1439,0.204276,0.208828
1440,0.136439,0.143513
1441,0.249787,0.255456
1442,0.144964,0.154531
1443,0.264735,0.265454
1444,0.161349,0.170981
1445,0.248000,0.250963
1446,0.199839,0.210484
1447,0.156732,0.158659
1448,0.155832,0.164311
1449,0.294430,0.298115
1450,0.109618,0.118531
1451,0.109185,0.114370
1452,0.268750,0.274643
1453,0.186683,0.191585
1454,0.172973,0.176516
1455,0.136338,0.145125
1456,0.177424,0.183007
1457,0.203943,0.206352
1458,0.166547,0.173304
1459,0.162471,0.166031
1460,0.209730,0.218113
1461,0.213308,0.221177
1462,0.260759,0.264483
1463,0.189265,0.197093
1464,0.186026,0.189333
1465,0.244685,0.246280
1466,0.221100,0.222429
1467,0.173345,0.180472
1468,0.169715,0.176304
1469,0.130945,0.140277
1470,0.272059,0.275735
1471,0.178413,0.181321
1472,0.113778,0.120000
1473,0.084111,0.098556
1474,0.196415,0.198068
1475,0.091128,0.103741
1476,0.216728,0.218907
1477,0.179561,0.188290
1478,0.228302,0.232420
1479,0.108683,0.116878
1480,0.085901,0.096794
1481,0.181727,0.184621
1482,0.119962,0.130719
1483,0.160138,0.163310
1484,0.214370,0.222963
1485,0.285785,0.290462
1486,0.155530,0.158010
1487,0.179705,0.188492
1488,0.157553,0.165224
1489,0.093556,0.102296
1490,0.167662,0.174545
1491,0.225977,0.228170
1492,0.200504,0.206495
1493,0.162477,0.164886
1494,0.215564,0.221593
1495,0.292242,0.291913
1496,0.210526,0.213892
1497,0.267185,0.273259
1498,0.216552,0.218759
1499,0.156555,0.158999
1500,0.169627,0.173691
1501,0.093410,0.111746
1502,0.166131,0.175356
1503,0.169662,0.179175
1504,0.193610,0.202801
1505,0.172892,0.186169
1506,0.221459,0.226545
1507,0.214381,0.224438
1508,0.110637,0.119583
1509,0.332300,0.331294
1510,0.217414,0.217585
1511,0.148340,0.158531
1512,0.163974,0.174603
1513,0.181870,0.189596
1514,0.193182,0.195289
1515,0.169206,0.173959
1516,0.277502,0.283046
1517,0.160779,0.167073
1518,0.135449,0.141459
1519,0.152963,0.159037
1520,0.211420,0.220506
1521,0.145550,0.151644
1522,0.153734,0.167287
1523,0.167179,0.171512
1524,0.237667,0.240236
1525,0.117110,0.130424
1526,0.257048,0.263225
1527,0.245296,0.248888
1528,0.188896,0.196688
1529,0.073057,0.084685
1530,0.255066,0.256464
1531,0.196779,0.200358
1532,0.217037,0.224296
1533,0.252258,0.254839
1534,0.378930,0.375479
1535,0.210667,0.212593
1536,0.129520,0.138560
1537,0.101926,0.109630
1538,0.235775,0.239568
1539,0.162552,0.174000
1540,0.222259,0.226115
1541,0.160323,0.170645
1542,0.279605,0.289550
1543,0.118546,0.129633
1544,0.274382,0.282620
1545,0.162840,0.168226
1546,0.182115,0.192885
1547,0.276189,0.279837
1548,0.230158,0.233805
1549,0.216935,0.220385
1550,0.114608,0.120424
1551,0.177841,0.186725
1552,0.163408,0.163408
1553,0.156843,0.164575
1554,0.165028,0.167685
1555,0.151239,0.169140
1556,0.195556,0.202222
1557,0.164541,0.171060
1558,0.093853,0.102071
1559,0.215401,0.221976
1560,0.155926,0.159630
1561,0.233899,0.236486
1562,0.239194,0.247419
1563,0.148217,0.152961
1564,0.123059,0.134129
1565,0.214963,0.220889
1566,0.039745,0.050052
1567,0.221366,0.229925
1568,0.188742,0.197772
1569,0.195791,0.199476
1570,0.151236,0.162593
1571,0.164133,0.172358
1572,0.194376,0.204044
1573,0.221865,0.228289
1574,0.130343,0.137869
1575,0.196953,0.201286
1576,0.175654,0.178922
1577,0.213196,0.214908
1578,0.241297,0.246612
1579,0.155238,0.164138
1580,0.185594,0.190496
1581,0.123158,0.128968
1582,0.158886,0.169623
1583,0.210726,0.213145
1584,0.174934,0.183688
1585,0.114712,0.128160
1586,0.230116,0.234143
1587,0.194897,0.199172
1588,0.116149,0.124319
1589,0.189336,0.191478
1590,0.165108,0.170635
1591,0.233156,0.236791
1592,0.146234,0.151948
1593,0.150714,0.156071
1594,0.209877,0.216837
1595,0.104963,0.115630
1596,0.230584,0.231939
1597,0.188692,0.198389
1598,0.073332,0.088585
1599,0.172277,0.180692
1600,0.171127,0.177179
1601,0.149862,0.154911
1602,0.135586,0.142345
1603,0.155088,0.163755
1604,0.110552,0.118746
1605,0.210969,0.211832
1606,0.129788,0.135379
1607,0.150249,0.160209
1608,0.144465,0.157325
1609,0.186519,0.189185
1610,0.228364,0.237421
1611,0.176714,0.180391
1612,0.208188,0.212464
1613,0.251017,0.255339
1614,0.098296,0.107037
1615,0.218176,0.218799
1616,0.125887,0.129919
1617,0.186828,0.190966
1618,0.055089,0.067411
1619,0.189487,0.198092
1620,0.142581,0.149194
1621,0.224654,0.227460
1622,0.262852,0.267442
1623,0.164119,0.176775
1624,0.224790,0.227124
1625,0.136328,0.144471
1626,0.221960,0.222484
1627,0.178235,0.181414
1628,0.210373,0.214657
1629,0.174885,0.182117
1630,0.196090,0.199252
1631,0.136704,0.147720
1632,0.213413,0.216576
1633,0.163091,0.169386
1634,0.190963,0.195111
1635,0.123310,0.130983
1636,0.169781,0.175532
1637,0.184995,0.185123
1638,0.221974,0.223092
1639,0.185586,0.187241
1640,0.186592,0.194527
1641,0.125379,0.133103
1642,0.153447,0.163531
1643,0.211847,0.217391
1644,0.223992,0.227805
1645,0.150512,0.161800
1646,0.211753,0.224481
1647,0.272069,0.274414
1648,0.208704,0.215741
1649,0.160503,0.168721
1650,0.138586,0.148950
1651,0.238862,0.244431
1652,0.219163,0.219882
1653,0.139076,0.142748
1654,0.250950,0.252059
1655,0.180755,0.188720
1656,0.190054,0.193063
1657,0.132066,0.138618
1658,0.204690,0.209655
1659,0.080766,0.087768
1660,0.253326,0.254435
1661,0.257708,0.258350
1662,0.183551,0.186352
1663,0.197037,0.199877
1664,0.147260,0.160400
1665,0.294521,0.304445
1666,0.153254,0.164965
1667,0.148997,0.159845
1668,0.176519,0.176667
1669,0.053571,0.058957
1670,0.196809,0.201840
1671,0.288832,0.290488
1672,0.241683,0.244339
1673,0.137245,0.147815
1674,0.201956,0.200964
1675,0.240292,0.241496
1676,0.102340,0.113905
1677,0.237630,0.243407
1678,0.060741,0.076000
1679,0.244827,0.251063
1680,0.300316,0.302760
1681,0.269192,0.272377
1682,0.171657,0.177436
1683,0.150086,0.154543
1684,0.200897,0.205448
1685,0.268276,0.270207
1686,0.135729,0.146094
1687,0.254403,0.257339
1688,0.139076,0.146879
1689,0.131234,0.137468
1690,0.133832,0.145521
1691,0.216667,0.224667
1692,0.233529,0.241289
1693,0.214168,0.221893
1694,0.167319,0.172491
1695,0.195298,0.200552
1696,0.126581,0.138801
1697,0.147502,0.149007
1698,0.173469,0.177383
1699,0.175586,0.175724
1700,0.245247,0.252312
1701,0.157921,0.162234
1702,0.130882,0.143070
1703,0.358667,0.359407
1704,0.153443,0.158956
1705,0.199081,0.205733
1706,0.107037,0.124963
1707,0.101838,0.122994
1708,0.095575,0.102348
1709,0.171818,0.180080
1710,0.228276,0.230759
1711,0.104420,0.119359
1712,0.189931,0.192552
1713,0.203313,0.215334
1714,0.146561,0.153411
1715,0.163481,0.165259
1716,0.256828,0.262897
1717,0.163531,0.172562
1718,0.212078,0.219839
1719,0.190564,0.193832
1720,0.118197,0.127976
1721,0.130446,0.137708
1722,0.181034,0.185310
1723,0.185037,0.188000
1724,0.233702,0.232568
1725,0.272321,0.273571
1726,0.184199,0.194266
1727,0.216690,0.218207
1728,0.274914,0.279033
1729,0.188327,0.193358
1730,0.269695,0.275158
1731,0.229355,0.234024
1732,0.106298,0.118788
1733,0.217941,0.222607
1734,0.171241,0.180345
1735,0.149376,0.151644
1736,0.183310,0.185793
1737,0.129857,0.138803
1738,0.125175,0.133560
1739,0.116694,0.127859
1740,0.256885,0.255967
1741,0.075926,0.088815
1742,0.132593,0.139259
1743,0.085753,0.101711
1744,0.243197,0.246032
1745,0.121960,0.127411
1746,0.232339,0.237661
1747,0.148728,0.155298
1748,0.185741,0.188647
1749,0.198770,0.203802
1750,0.196105,0.200236
1751,0.245748,0.248671
1752,0.164732,0.171339
1753,0.292384,0.294864
1754,0.143723,0.151484
1755,0.229155,0.232030
1756,0.249003,0.250731
1757,0.224865,0.227423
1758,0.128698,0.132643
1759,0.191248,0.194461
1760,0.158284,0.162722
1761,0.215561,0.219104
1762,0.189677,0.194677
1763,0.196477,0.201587
1764,0.199748,0.205060
1765,0.218850,0.222060
1766,0.273265,0.272176
1767,0.138145,0.145242
1768,0.224178,0.227518
1769,0.205496,0.216107
1770,0.121190,0.127803
1771,0.156148,0.168000
1772,0.263448,0.271724
1773,0.224593,0.228593
1774,0.172148,0.178963
1775,0.209675,0.215130
1776,0.145558,0.149583
1777,0.264148,0.263259
1778,0.106148,0.114296
1779,0.176573,0.183701
1780,0.145845,0.151596
1781,0.231866,0.232182
1782,0.082029,0.096177
1783,0.129666,0.142671
1784,0.115042,0.121608
1785,0.209136,0.212593
1786,0.236169,0.239026
1787,0.218176,0.220977
1788,0.238676,0.239151
1789,0.095123,0.104907
1790,0.338621,0.339034
1791,0.221893,0.225793
1792,0.161042,0.167818
1793,0.184163,0.189055
1794,0.234088,0.237760
1795,0.182823,0.192177
1796,0.217187,0.223507
1797,0.083214,0.090536
1798,0.252586,0.258177
1799,0.134180,0.137393
1800,0.234064,0.238098
1801,0.103517,0.110000
1802,0.239379,0.242102
1803,0.138952,0.141114
1804,0.141677,0.148868
1805,0.182768,0.182927
1806,0.234889,0.238889
1807,0.094000,0.099630
1808,0.288155,0.289183
1809,0.146771,0.152362
1810,0.166157,0.175031
1811,0.183211,0.190155
1812,0.128977,0.143688
1813,0.209689,0.211373
1814,0.220157,0.224210
1815,0.186586,0.191721
1816,0.111897,0.119934
1817,0.164667,0.170148
1818,0.180414,0.185232
1819,0.258415,0.265759
1820,0.141290,0.149516
1821,0.149007,0.155479
1822,0.112222,0.125407
1823,0.227609,0.233392
1824,0.258406,0.262083
1825,0.176125,0.185770
1826,0.099306,0.109841
1827,0.269686,0.271553
1828,0.134204,0.141930
1829,0.214073,0.220876
1830,0.110428,0.122729
1831,0.217640,0.227705
1832,0.265377,0.265094
1833,0.149660,0.158447
1834,0.161012,0.164175
1835,0.169458,0.175722
1836,0.271736,0.273312
1837,0.157115,0.168577
1838,0.265125,0.268609
1839,0.245465,0.248158
1840,0.154040,0.161079
1841,0.150966,0.159241
1842,0.214690,0.220621
1843,0.116233,0.122143
1844,0.191517,0.194000
1845,0.165172,0.176483
1846,0.141180,0.144943
1847,0.218373,0.218085
1848,0.198174,0.208237
1849,0.121175,0.127754
1850,0.137146,0.153341
1851,0.063470,0.079140
1852,0.190034,0.191571
1853,0.181376,0.190964
1854,0.134138,0.142966
1855,0.141159,0.151831
1856,0.139289,0.145994
1857,0.098817,0.108310
1858,0.177586,0.188483
1859,0.187729,0.192623
1860,0.142905,0.147954
1861,0.192744,0.194870
1862,0.166483,0.167586
1863,0.129237,0.139531
1864,0.201984,0.206297
1865,0.104011,0.112205
1866,0.175034,0.181793
1867,0.162021,0.172632
1868,0.162759,0.168000
1869,0.164488,0.168028
1870,0.126222,0.132000
1871,0.264006,0.263539
1872,0.173279,0.185247
1873,0.237805,0.240022
1874,0.182802,0.189338
1875,0.233899,0.237780
1876,0.126215,0.133590
1877,0.235602,0.237000
1878,0.201818,0.203377
1879,0.189406,0.191449
1880,0.076865,0.089257
1881,0.173556,0.179333
1882,0.137566,0.146436
1883,0.256494,0.257602
1884,0.112337,0.119009
1885,0.074468,0.084819
1886,0.173210,0.176790
1887,0.151189,0.163380
1888,0.205599,0.206201
1889,0.121862,0.126690
1890,0.107001,0.111820
1891,0.197914,0.203604
1892,0.164741,0.172148
1893,0.232208,0.234416
1894,0.305145,0.310076
1895,0.164284,0.170756
1896,0.173636,0.178831
1897,0.114592,0.124704
1898,0.173965,0.180465
1899,0.151983,0.161710
1900,0.218935,0.225390
1901,0.220444,0.221926
1902,0.173734,0.182939
1903,0.144740,0.150195
1904,0.104229,0.113862
1905,0.236004,0.235166
1906,0.104886,0.112979
1907,0.221557,0.222230
1908,0.139845,0.146994
1909,0.207344,0.212459
1910,0.062534,0.077864
1911,0.185251,0.188009
1912,0.168056,0.182432
1913,0.183310,0.186483
1914,0.187111,0.192444
1915,0.253481,0.258370
1916,0.232426,0.236678
1917,0.202684,0.210512
1918,0.153215,0.157757
1919,0.187661,0.196855
1920,0.155704,0.172000
1921,0.249259,0.252519
1922,0.162038,0.173067
1923,0.057485,0.062737
1924,0.118315,0.122053
1925,0.123517,0.136207
1926,0.185584,0.193921
1927,0.224469,0.228282
1928,0.242370,0.245333
1929,0.241702,0.242051
1930,0.220484,0.228226
1931,0.196140,0.199771
1932,0.176935,0.181774
1933,0.270550,0.272534
1934,0.167552,0.175923
1935,0.239448,0.241241
1936,0.165037,0.177481
1937,0.122966,0.128621
1938,0.198675,0.204545
1939,0.174744,0.176099
1940,0.136000,0.144000
1941,0.083427,0.096521
1942,0.047407,0.055309
1943,0.162234,0.169710
1944,0.197491,0.202027
1945,0.116759,0.129310
1946,0.148870,0.153846
1947,0.142370,0.154222
1948,0.222508,0.228289
1949,0.255323,0.255968
1950,0.128989,0.133955
1951,0.232711,0.234899
1952,0.191176,0.197576
1953,0.187483,0.202498
1954,0.203872,0.210442
1955,0.101774,0.114223
1956,0.249351,0.249091
1957,0.274207,0.276552
1958,0.175196,0.181969
1959,0.203003,0.208606
1960,0.218654,0.225364
1961,0.161281,0.168226
1962,0.216561,0.226282
1963,0.141464,0.148991
1964,0.200514,0.207049
1965,0.181992,0.186582
1966,0.211628,0.217756
1967,0.205829,0.207646
1968,0.147681,0.158730
1969,0.265725,0.270758
1970,0.044429,0.051408
1971,0.151172,0.161793
1972,0.199032,0.208548
1973,0.147251,0.154620
1974,0.062105,0.075618
1975,0.115009,0.123634
1976,0.180508,0.190074
1977,0.241567,0.247095
1978,0.091524,0.095725
1979,0.170756,0.181743
1980,0.099632,0.110261
1981,0.158093,0.164104
1982,0.215793,0.215241
1983,0.248330,0.254496
1984,0.169645,0.179084
1985,0.246457,0.249291
1986,0.134201,0.141908
1987,0.185129,0.191150
1988,0.143276,0.156696
1989,0.134667,0.142074
1990,0.075428,0.091493
1991,0.201318,0.207773
1992,0.096095,0.112667
1993,0.215785,0.221366
1994,0.201926,0.204844
1995,0.175094,0.179263
1996,0.255049,0.258109
1997,0.223911,0.225659
1998,0.156250,0.163053
1999,0.146073,0.156839
