group_id,split,full_prompt_len,r_end_pos,prefix_len,r_end_token_id,T0_prefix_sha,T1_prefix_sha,T2_prefix_sha,prefix_ids_identical,repeat_max_abs_hidden_diff
05677026bd7ad785bb85a02f4258464dc4476b9c08d7f52ac641e994b9b13c2a,dev,116,98,99,3305,44e827db0c3c4d645282d7c54a80ddbe3b9024f7919cb4bce458e35ddcd1ffc1,44e827db0c3c4d645282d7c54a80ddbe3b9024f7919cb4bce458e35ddcd1ffc1,44e827db0c3c4d645282d7c54a80ddbe3b9024f7919cb4bce458e35ddcd1ffc1,1,0.0
06efe48e5f13ce79575b3df69ff31f1debe36fda0879f1ee34b6bf34d82a7e75,dev,120,102,103,69885,5654c82ca877578240b042a7bbfa91c80a38eb857222516fefbaaf27baf36e0a,5654c82ca877578240b042a7bbfa91c80a38eb857222516fefbaaf27baf36e0a,5654c82ca877578240b042a7bbfa91c80a38eb857222516fefbaaf27baf36e0a,1,0.0
0a10ac3133a9f765768b242af148337eaa1355bf976f5ec1b1904d0d49b74d69,dev,123,106,107,72581,08492856b86b68ad4f1273795c542a9a214a1d2d51a4248675db542f7dcf8f51,08492856b86b68ad4f1273795c542a9a214a1d2d51a4248675db542f7dcf8f51,08492856b86b68ad4f1273795c542a9a214a1d2d51a4248675db542f7dcf8f51,1,0.0
0e5e53a12a3532a8b292e0da9c32e962c792c48de4cf14ea151217f38da9e546,dev,132,113,114,1276,d91d52ed20889bd95d64657204e76df3116852d61859dcafb0f636239824fc7a,d91d52ed20889bd95d64657204e76df3116852d61859dcafb0f636239824fc7a,d91d52ed20889bd95d64657204e76df3116852d61859dcafb0f636239824fc7a,1,0.0
0e6720dd58fc316e965e53fb88c5ce64e44eec09e9871c0869bdb0d5aac8fb45,dev,119,100,101,73667,fa342f5d4dc85526187bca6d6d81066d938d43b8716e6c80fc06ad8bcaa289be,fa342f5d4dc85526187bca6d6d81066d938d43b8716e6c80fc06ad8bcaa289be,fa342f5d4dc85526187bca6d6d81066d938d43b8716e6c80fc06ad8bcaa289be,1,0.0
0f7d3b6b43185a49146f9aaa61004619b4a66588a563e78ee9496ebd709b0e37,dev,115,96,97,388,84fc577d6f4459ed97a1b50a0c4f6dccfa610ea89e9421c7fadf66154fb28c67,84fc577d6f4459ed97a1b50a0c4f6dccfa610ea89e9421c7fadf66154fb28c67,84fc577d6f4459ed97a1b50a0c4f6dccfa610ea89e9421c7fadf66154fb28c67,1,0.0
10c688835407c6795fb879cb2535d55f0927bb85029e051e3aa4de6c67c47398,dev,124,107,108,27775,6fe6e216cfda110852ff5c99bee78a36d42f0c061f4c2822aac79ffc7955d98d,6fe6e216cfda110852ff5c99bee78a36d42f0c061f4c2822aac79ffc7955d98d,6fe6e216cfda110852ff5c99bee78a36d42f0c061f4c2822aac79ffc7955d98d,1,0.0
10d1ca49154e403b4cc726dc01e324f7682258a89f9d3e5dfcb79cf6f7ae6c5c,dev,128,110,111,1849,9c093e4843d604b6f66bb179f5c1cb382f1440cc83aaf245ea6e5c56e3fcba4c,9c093e4843d604b6f66bb179f5c1cb382f1440cc83aaf245ea6e5c56e3fcba4c,9c093e4843d604b6f66bb179f5c1cb382f1440cc83aaf245ea6e5c56e3fcba4c,1,0.0
121e26ee9b46cb89d2b26ca75281dd4a9e3fc03bacd4c01f7791bd5ede17b716,dev,114,97,98,70054,d4e1c89dcd07710af01c5c00abc1f959270b82c75f4b62b9ff20f62d4fc844df,d4e1c89dcd07710af01c5c00abc1f959270b82c75f4b62b9ff20f62d4fc844df,d4e1c89dcd07710af01c5c00abc1f959270b82c75f4b62b9ff20f62d4fc844df,1,0.0
13fcd9e40a8a4329cdef20721434615139e6b2dc95f180fe2e64a67038331f22,dev,136,118,119,7015,411502cab64bba7d03ec0a9e839938b0676cf6dc2ee2be54b0c4d7d4eb5c75ec,411502cab64bba7d03ec0a9e839938b0676cf6dc2ee2be54b0c4d7d4eb5c75ec,411502cab64bba7d03ec0a9e839938b0676cf6dc2ee2be54b0c4d7d4eb5c75ec,1,0.0
143ba7a15fe9c68797c08230ee3931a9dfcfe6f873640ca2fd4f8623e0c2972b,dev,113,96,97,7046,8430a80a619b2b0b21227a7d698d2db35e7ba59fdc1bbb71c3df0e5ebbf5bba7,8430a80a619b2b0b21227a7d698d2db35e7ba59fdc1bbb71c3df0e5ebbf5bba7,8430a80a619b2b0b21227a7d698d2db35e7ba59fdc1bbb71c3df0e5ebbf5bba7,1,0.0
199078912aef9601d43fbb41eeeb0ec45ab7f752eb6378b83eae3b082379161c,dev,117,99,100,38554,a56acc87230e4151e22b2d443c6e9cd92db794a8b8c38bba8ebb41753faae1d1,a56acc87230e4151e22b2d443c6e9cd92db794a8b8c38bba8ebb41753faae1d1,a56acc87230e4151e22b2d443c6e9cd92db794a8b8c38bba8ebb41753faae1d1,1,0.0
1a07b80e58d0120531bcefee7ba132e3bd77bef834bc592741b579d8a1952ad2,dev,119,98,99,41930,1b46306868af2f2806f6c6ee727378d6672d1dd44019a27d739a6628f9632a05,1b46306868af2f2806f6c6ee727378d6672d1dd44019a27d739a6628f9632a05,1b46306868af2f2806f6c6ee727378d6672d1dd44019a27d739a6628f9632a05,1,0.0
1a2ede8310b68c121c2eebd7ad1c6b47b21796df96ea64159dbc9e76f1ae27ba,dev,123,105,106,367,482b5d46f73b4143ecc01491a009fe71085a8c33e3ed8c257185b49840f7ae28,482b5d46f73b4143ecc01491a009fe71085a8c33e3ed8c257185b49840f7ae28,482b5d46f73b4143ecc01491a009fe71085a8c33e3ed8c257185b49840f7ae28,1,0.0
1b113718103da2934eb80b31e07a36abff54f00e7334be16390372856a3b6d5c,dev,116,99,100,9853,a817756e30321893ffd5b6043ff43d8b886c4ff5736aea2f3fff70b96796f44c,a817756e30321893ffd5b6043ff43d8b886c4ff5736aea2f3fff70b96796f44c,a817756e30321893ffd5b6043ff43d8b886c4ff5736aea2f3fff70b96796f44c,1,0.0
1b534c132ccabe1a0e4a1e184b5e57df190c3eef651eeb6d0cce1944eb689ffd,dev,124,106,107,51279,3652a46bcaef2145e4b866ce603886d780bf098430f844ce91792aa0f8fb0035,3652a46bcaef2145e4b866ce603886d780bf098430f844ce91792aa0f8fb0035,3652a46bcaef2145e4b866ce603886d780bf098430f844ce91792aa0f8fb0035,1,0.0
1be6fa12bbdbfbd851812045dffe0981b2fdc90feaecff40cbe7d533433160fb,dev,131,113,114,65122,b7d1da0e66a0435bc442556aa1e2ece014daac22714a28e1d9dcc4751e25570c,b7d1da0e66a0435bc442556aa1e2ece014daac22714a28e1d9dcc4751e25570c,b7d1da0e66a0435bc442556aa1e2ece014daac22714a28e1d9dcc4751e25570c,1,0.0
1beb2aa5b13171309874a37d5260ebb4e081a26981486965e2d55ecbd0e23e72,dev,122,105,106,22351,4ec6377e5c3482f2d2b9a273ca7b9f9c40621f5b9857ccf66c3d5cf132174b1f,4ec6377e5c3482f2d2b9a273ca7b9f9c40621f5b9857ccf66c3d5cf132174b1f,4ec6377e5c3482f2d2b9a273ca7b9f9c40621f5b9857ccf66c3d5cf132174b1f,1,0.0
1c35548b29d8511a72048aa2f5760aa0375a344a23b694ddc903a3c3b9d10eb8,dev,113,95,96,23867,5ca637a981a30589e3725e86adff09add3d3024510834610acf0e3c9d464fc2a,5ca637a981a30589e3725e86adff09add3d3024510834610acf0e3c9d464fc2a,5ca637a981a30589e3725e86adff09add3d3024510834610acf0e3c9d464fc2a,1,0.0
1e775ec427e192a7277498b2b5f22a189e2fd5e4a7ebe9a5d7ceb04d0edb4bea,dev,117,98,99,19847,4d186fd1dcb51d6a15c6b0d2be4ef4fb89996fc861c9cc4ceb0e86da5b70991c,4d186fd1dcb51d6a15c6b0d2be4ef4fb89996fc861c9cc4ceb0e86da5b70991c,4d186fd1dcb51d6a15c6b0d2be4ef4fb89996fc861c9cc4ceb0e86da5b70991c,1,0.0
20ca76d8e4f85568513476a52df419d075d3dd5fc5ccecf57f95ac7dd8fc87e6,dev,115,98,99,47502,80768f2bf554a58119acde318ac85a4ab171be55b6edf9269ed5705d7b5e7e8d,80768f2bf554a58119acde318ac85a4ab171be55b6edf9269ed5705d7b5e7e8d,80768f2bf554a58119acde318ac85a4ab171be55b6edf9269ed5705d7b5e7e8d,1,0.0
21b042f63c92b50654186c8fe4187eace9b61ae49c15626476e5b27ce23675bb,dev,128,110,111,39489,4f3e493bd67e571d32fb4d80a5d2254dc7a9754915de82cbff98865c88cbd273,4f3e493bd67e571d32fb4d80a5d2254dc7a9754915de82cbff98865c88cbd273,4f3e493bd67e571d32fb4d80a5d2254dc7a9754915de82cbff98865c88cbd273,1,0.0
21e85b4efb563c2c7d719cd82eed25f1248ca7f7c8365f703644ce3dc4ad3f31,dev,121,102,103,5106,b2de386c917e546ea6c4c852b856c9670c23a5b16b20fb2e25279ff13acd8b85,b2de386c917e546ea6c4c852b856c9670c23a5b16b20fb2e25279ff13acd8b85,b2de386c917e546ea6c4c852b856c9670c23a5b16b20fb2e25279ff13acd8b85,1,0.0
230f4886e25e9c27f1c5aeb6202ef50688d4072ec21a5516491ea31cdf4274d7,dev,116,98,99,1534,a4db163ac207c6420234d68169ec7c37cc955e6a52a8ff7ada8732e1a5957a64,a4db163ac207c6420234d68169ec7c37cc955e6a52a8ff7ada8732e1a5957a64,a4db163ac207c6420234d68169ec7c37cc955e6a52a8ff7ada8732e1a5957a64,1,0.0
23b2da192ff61c4753bc05910769816eed0a3667db2a4b773622bce58081ef84,dev,127,109,110,24761,16af08f53d0899b5c6343ac975a81b039a6efdb0a09213bfb89887d629a294c8,16af08f53d0899b5c6343ac975a81b039a6efdb0a09213bfb89887d629a294c8,16af08f53d0899b5c6343ac975a81b039a6efdb0a09213bfb89887d629a294c8,1,0.0
24b91442961df4239a123354c44e53dab4a44f7cff6e66fec314c22e1b1540ea,dev,116,99,100,9387,cd94ddf514d584e9496730d28c3cee64b89bb9588060bc964931077805df5c1f,cd94ddf514d584e9496730d28c3cee64b89bb9588060bc964931077805df5c1f,cd94ddf514d584e9496730d28c3cee64b89bb9588060bc964931077805df5c1f,1,0.0
273e7a2bbe79fb45e3da5b01c63233ca2a0293e88be678371d45e6e734eb3687,dev,120,103,104,11051,3e9d8dfe754749a5e61192e2044de08e8357dc0909f6a09521312751eca4949c,3e9d8dfe754749a5e61192e2044de08e8357dc0909f6a09521312751eca4949c,3e9d8dfe754749a5e61192e2044de08e8357dc0909f6a09521312751eca4949c,1,0.0
2a20d544ff618b9501d9400c452e6e02e2e866fa2d6a08fb345c2ffb4f633edb,dev,120,102,103,50452,1ac8a35a1947596eca522bcbcdf88d4c7b45561499cff22b6f1d27538f77dbc0,1ac8a35a1947596eca522bcbcdf88d4c7b45561499cff22b6f1d27538f77dbc0,1ac8a35a1947596eca522bcbcdf88d4c7b45561499cff22b6f1d27538f77dbc0,1,0.0
2b8a5200282c3f8748e7a842c78898590dde7c3432e54daf87ca95ce25b4c54e,dev,116,97,98,14406,d15aad5f0a1ef7da911b7cf9022bf516d10f73f739baab8d5be992879260d624,d15aad5f0a1ef7da911b7cf9022bf516d10f73f739baab8d5be992879260d624,d15aad5f0a1ef7da911b7cf9022bf516d10f73f739baab8d5be992879260d624,1,0.0
2dc8c8368d496987fff43c67a7613468467b611e116687d0980c83a39cd910aa,dev,117,99,100,39127,ef6312d75857439690b57c7501fd54b7493b7197c9b49cd54b70e42983d4e05f,ef6312d75857439690b57c7501fd54b7493b7197c9b49cd54b70e42983d4e05f,ef6312d75857439690b57c7501fd54b7493b7197c9b49cd54b70e42983d4e05f,1,0.0
2f4703494c2a9ce69c4a05d3a0f85a95e69e0b7a1564dc0cfba14f55769487d6,dev,119,101,102,80373,7e8fef0764528d9f5fb97d7c2c406f8eeae534d6c11dc7f875b8d6a687221510,7e8fef0764528d9f5fb97d7c2c406f8eeae534d6c11dc7f875b8d6a687221510,7e8fef0764528d9f5fb97d7c2c406f8eeae534d6c11dc7f875b8d6a687221510,1,0.0
31bc2caab699df9cd3f29bcee3a64a7be3446b3056011e8d837007ac97aec033,dev,118,101,102,26374,be2f8dd01cc654c2d6d97c32f9322792ea829afe1ef40536d583a294435af78d,be2f8dd01cc654c2d6d97c32f9322792ea829afe1ef40536d583a294435af78d,be2f8dd01cc654c2d6d97c32f9322792ea829afe1ef40536d583a294435af78d,1,0.0
32433ec8d7c816d84564c39977c687496178d90300834bb1c8fb5dbe8c496afd,dev,120,101,102,10704,5e9f7c79ca9785706f5a15a9b4801b8f6f9757ad92b807f1b55e09e8c6565abe,5e9f7c79ca9785706f5a15a9b4801b8f6f9757ad92b807f1b55e09e8c6565abe,5e9f7c79ca9785706f5a15a9b4801b8f6f9757ad92b807f1b55e09e8c6565abe,1,0.0
329dd7e54066ef13a3da213f7f3b6cff598c5899634f90f2aa842bf03bdfe22b,dev,120,102,103,5269,2e3b0f32e6a4dc4416e5e8169deb6cb94dd7ce445085fb41bb004c015071849d,2e3b0f32e6a4dc4416e5e8169deb6cb94dd7ce445085fb41bb004c015071849d,2e3b0f32e6a4dc4416e5e8169deb6cb94dd7ce445085fb41bb004c015071849d,1,0.0
32a5842122bca8ce29d1bd38d6bee5bd0cd4ff77f6e85b6df20e866683e9e9d8,dev,119,99,100,2356,c46a89595fb3a5e9ed23abdb7d9fea87500cf1c0c7814bc33f553c11c607636c,c46a89595fb3a5e9ed23abdb7d9fea87500cf1c0c7814bc33f553c11c607636c,c46a89595fb3a5e9ed23abdb7d9fea87500cf1c0c7814bc33f553c11c607636c,1,0.0
335059d400355094616bc325ef0848eda0060b94b91bf17aa229387a74b6c2fe,dev,121,104,105,3100,54c6b1cbe3d9b3e514626eeeec4fd5d46a2abededf15ebcfe3c15e3fcc959640,54c6b1cbe3d9b3e514626eeeec4fd5d46a2abededf15ebcfe3c15e3fcc959640,54c6b1cbe3d9b3e514626eeeec4fd5d46a2abededf15ebcfe3c15e3fcc959640,1,0.0
37fd7343def15a982f55039a6fd91953c9aec931123a52d0f01f0e4298e0f327,dev,126,109,110,84222,8bbbe26d697e1ccc74d3c3c25c99ef6a72d21a3b4e8ca2d745ffb5113aa02269,8bbbe26d697e1ccc74d3c3c25c99ef6a72d21a3b4e8ca2d745ffb5113aa02269,8bbbe26d697e1ccc74d3c3c25c99ef6a72d21a3b4e8ca2d745ffb5113aa02269,1,0.0
38197b9f21a2cbc6219c9edadf1b00c23fd75944c8ed0462d4fb2984382e2454,dev,118,100,101,32845,0daa60c0557c2768f68b2bf90894f12e8b4e0bc394a25314f9a3d1310138a17c,0daa60c0557c2768f68b2bf90894f12e8b4e0bc394a25314f9a3d1310138a17c,0daa60c0557c2768f68b2bf90894f12e8b4e0bc394a25314f9a3d1310138a17c,1,0.0
3832009ffefb8053acc8f41b409ffc903ba02cb06ee1f396131afe3a64f7f714,dev,120,102,103,4802,13d6244c2fe5e6c04214d77d03fa416b8cba2b05597a6c2b983fa6427170aaa8,13d6244c2fe5e6c04214d77d03fa416b8cba2b05597a6c2b983fa6427170aaa8,13d6244c2fe5e6c04214d77d03fa416b8cba2b05597a6c2b983fa6427170aaa8,1,0.0
3975f704337b080024800027d2e29bc96ed1f384966e94429dc7897299354c6c,dev,125,107,108,64025,ab340c5df1fe13152578343e81de21f5e1b659bb81ee9500ef89ba079c1d3611,ab340c5df1fe13152578343e81de21f5e1b659bb81ee9500ef89ba079c1d3611,ab340c5df1fe13152578343e81de21f5e1b659bb81ee9500ef89ba079c1d3611,1,0.0
398a76fc83c24119abafed142f0472b7bf7450ccca75cac5e41f71c680f8b506,dev,117,99,100,523,14247c1909d9dd82ee9615e0257c6510c32f22ab35ba17b2fcd9adfa802739ee,14247c1909d9dd82ee9615e0257c6510c32f22ab35ba17b2fcd9adfa802739ee,14247c1909d9dd82ee9615e0257c6510c32f22ab35ba17b2fcd9adfa802739ee,1,0.0
39f61c2d75b7fe6d51ef30f35eec36827fd3e075b56c61c3a34d13069985a50f,dev,131,112,113,782,3d219124d2d663c3f95a6dac57a36a0052ee76624fa34d0dca4f9d7ddfaf09cc,3d219124d2d663c3f95a6dac57a36a0052ee76624fa34d0dca4f9d7ddfaf09cc,3d219124d2d663c3f95a6dac57a36a0052ee76624fa34d0dca4f9d7ddfaf09cc,1,0.0
3adcd84400767f05f41b0270094c7e4a8e857511c7e63e9255e8ee6eb09c1f2e,dev,125,106,107,2914,71e7cdf502d79c0aa2ebd08d69e91db1c0fafdc8ec6bd07a200c6b431b8a2c2c,71e7cdf502d79c0aa2ebd08d69e91db1c0fafdc8ec6bd07a200c6b431b8a2c2c,71e7cdf502d79c0aa2ebd08d69e91db1c0fafdc8ec6bd07a200c6b431b8a2c2c,1,0.0
3d03e1bbfc46d35670f0c6fca59977c81f4a8cdc88a6bca7a3d60ab8063a471e,dev,120,102,103,39489,cef9e2497f89c14e1f98b903028f95602e6fa8afb264c96d2c6683c3e6867bc3,cef9e2497f89c14e1f98b903028f95602e6fa8afb264c96d2c6683c3e6867bc3,cef9e2497f89c14e1f98b903028f95602e6fa8afb264c96d2c6683c3e6867bc3,1,0.0
3d13ddd9f6cad6c1c863e4fbdaa8409a5c0dfafcc2eea2766fabd1b1c6e015d6,dev,123,106,107,36393,6dea079a7bae1997de016f6b73e4c42b97a39087bccfc76891265c25aa0734de,6dea079a7bae1997de016f6b73e4c42b97a39087bccfc76891265c25aa0734de,6dea079a7bae1997de016f6b73e4c42b97a39087bccfc76891265c25aa0734de,1,0.0
3d63d7febc2e16bbd6a1ae6283266aae607bf41661d0ebe4b433e6bbf8b36422,dev,121,103,104,24078,5ebe3992c8a0b6b5b6b01502f24315f9f88a48fa17c9a759d293c09cf32bf816,5ebe3992c8a0b6b5b6b01502f24315f9f88a48fa17c9a759d293c09cf32bf816,5ebe3992c8a0b6b5b6b01502f24315f9f88a48fa17c9a759d293c09cf32bf816,1,0.0
3dd056aadf1ba84092fcc9b21ef87dd26564c3486de97f4306b599e30773fdc6,dev,121,103,104,58638,dea91c6c2ed8b9cc1ad17a87d5f193f7459005e22ecee9b97957aa526010a079,dea91c6c2ed8b9cc1ad17a87d5f193f7459005e22ecee9b97957aa526010a079,dea91c6c2ed8b9cc1ad17a87d5f193f7459005e22ecee9b97957aa526010a079,1,0.0
3eb632ea98f9fce2b2a44308e6ff72c9c6ae3b443f9d0183474b60876eccb773,dev,114,97,98,19056,326ed852f2f2e152e26bd91f7749f2e8bb73cac72d9872eded1bc8d534f4cafe,326ed852f2f2e152e26bd91f7749f2e8bb73cac72d9872eded1bc8d534f4cafe,326ed852f2f2e152e26bd91f7749f2e8bb73cac72d9872eded1bc8d534f4cafe,1,0.0
3ee096de72cb3b0dfd08b81812498b3c90600256873b702dfe6c8228f2c9c0a4,dev,122,105,106,70323,2b733a3298ce148c60a1c6a1b2ba80b5eb3b5790fc7746a84b9ba346fe7eb8a4,2b733a3298ce148c60a1c6a1b2ba80b5eb3b5790fc7746a84b9ba346fe7eb8a4,2b733a3298ce148c60a1c6a1b2ba80b5eb3b5790fc7746a84b9ba346fe7eb8a4,1,0.0
3f4368f134d45f2838ffaafce8c9a314e61a3bcb5d4e22c3fd0f72b73d01aa8a,dev,116,98,99,15747,44d7e7f6f020dc2867a705c236d868b0686d71fe3865228fc1be493ae2111725,44d7e7f6f020dc2867a705c236d868b0686d71fe3865228fc1be493ae2111725,44d7e7f6f020dc2867a705c236d868b0686d71fe3865228fc1be493ae2111725,1,0.0
3f7112327a3cfef5de23e93e4a1880826ae70b39c367298aad1f40d9c3d98af2,dev,133,114,115,82789,74eda98d9ea2a860d33df5dcfe93198129fb8b9736718233dcd16b99457c4dab,74eda98d9ea2a860d33df5dcfe93198129fb8b9736718233dcd16b99457c4dab,74eda98d9ea2a860d33df5dcfe93198129fb8b9736718233dcd16b99457c4dab,1,0.0
406903d1cda4ad5f13b43d25e0af38e781a94521fedb3f39765befa05ecf9299,dev,117,99,100,32869,05447dcc8bf97b67770c25b2f20f0aa7053fc72c19b9088ee5ce6a11a0a480be,05447dcc8bf97b67770c25b2f20f0aa7053fc72c19b9088ee5ce6a11a0a480be,05447dcc8bf97b67770c25b2f20f0aa7053fc72c19b9088ee5ce6a11a0a480be,1,0.0
41488a0975678237b0b358441e37e50020b7824ca58dc2ad8b6b05dbf1dce1e4,dev,121,103,104,12406,c7350eb701796284a15bab8b36d89f4cddec7b5360a9e975ba00b53bc5152ea1,c7350eb701796284a15bab8b36d89f4cddec7b5360a9e975ba00b53bc5152ea1,c7350eb701796284a15bab8b36d89f4cddec7b5360a9e975ba00b53bc5152ea1,1,0.0
41972e19b17353b471daa83ca263985b90734a684c6cf04de158ceba557bba20,dev,118,100,101,459,a8bfa31649dd7a3688cdb585afb14f396018e907d6f356e373a76002727f1d0b,a8bfa31649dd7a3688cdb585afb14f396018e907d6f356e373a76002727f1d0b,a8bfa31649dd7a3688cdb585afb14f396018e907d6f356e373a76002727f1d0b,1,0.0
41bd5c2285dcb3536e999fcd7e2cde21de5cfa8bb2e9842810c6ae8f29e05588,dev,112,95,96,7042,b880ab8d824429f723b91a9a1ac22c1fb9392f0072738135cb8fa6c10e5bcbad,b880ab8d824429f723b91a9a1ac22c1fb9392f0072738135cb8fa6c10e5bcbad,b880ab8d824429f723b91a9a1ac22c1fb9392f0072738135cb8fa6c10e5bcbad,1,0.0
41f4f125f31ef8e2c24b2b54d17e9ec1332933a5182bb658df2b71e74210f07a,dev,116,98,99,850,c5797f55f4d2b72fdc5f6ce6112d3fab7cf947a7e430698b2a46fdc95c7a422e,c5797f55f4d2b72fdc5f6ce6112d3fab7cf947a7e430698b2a46fdc95c7a422e,c5797f55f4d2b72fdc5f6ce6112d3fab7cf947a7e430698b2a46fdc95c7a422e,1,0.0
425597e7c6465516510ec8386f5266b416983270bf2da29be80104b652ec25af,dev,116,99,100,26374,0dcd89f1846f570405fbdbd21efbc594e19d8d7a4992e5bc2ef381e4572f1600,0dcd89f1846f570405fbdbd21efbc594e19d8d7a4992e5bc2ef381e4572f1600,0dcd89f1846f570405fbdbd21efbc594e19d8d7a4992e5bc2ef381e4572f1600,1,0.0
4271cfe8b61a8a3393e85c06aa38d43ea9b075538d57c363e9ce3260328b75b4,dev,118,98,99,2142,8c94665c7a060c3db4c42c9fa633cef590ad1be877a32f37a13f2c03be8cc743,8c94665c7a060c3db4c42c9fa633cef590ad1be877a32f37a13f2c03be8cc743,8c94665c7a060c3db4c42c9fa633cef590ad1be877a32f37a13f2c03be8cc743,1,0.0
439ffe75992797ee13316de00c9d6aa9971cb83d549d64af220f741dded7b4d2,dev,123,105,106,93755,82f8dd0db84e8e23183a863829aa4d8ccaab528dbdc149d550381919f864f7f4,82f8dd0db84e8e23183a863829aa4d8ccaab528dbdc149d550381919f864f7f4,82f8dd0db84e8e23183a863829aa4d8ccaab528dbdc149d550381919f864f7f4,1,0.0
47ccd792c57b9a4d617bbe4826f0c86753850106491369e516ebbb767746ddec,dev,123,104,105,5112,0e052cac92b85d4c88d47e1dc1c7cfd9febed5f5bc37de8066509001484b5dd6,0e052cac92b85d4c88d47e1dc1c7cfd9febed5f5bc37de8066509001484b5dd6,0e052cac92b85d4c88d47e1dc1c7cfd9febed5f5bc37de8066509001484b5dd6,1,0.0
4ac100f8d53d9f95785c499a24bff4d96fdeced0966b21ee7403971c9268cd5a,dev,112,95,96,69919,1f8ed3672ecef838098743018a42f1aa603e17d46117a4ccef94b7bc0a0896a3,1f8ed3672ecef838098743018a42f1aa603e17d46117a4ccef94b7bc0a0896a3,1f8ed3672ecef838098743018a42f1aa603e17d46117a4ccef94b7bc0a0896a3,1,0.0
4c22a7020fcc075f9f948b5b4c877ceab447932756009ccd5e0296cb1c4146fd,dev,122,104,105,46170,423aec6c08eabe236e52e3557f25c04bdaf00f4a4c6baada57da56439d92fb2d,423aec6c08eabe236e52e3557f25c04bdaf00f4a4c6baada57da56439d92fb2d,423aec6c08eabe236e52e3557f25c04bdaf00f4a4c6baada57da56439d92fb2d,1,0.0
50e89b0ddd95fe081a170155268d88b5637809604696c7a6f1e8c642f2b54c5a,dev,116,99,100,9387,176da28223b63cdfccb3ed027f6f638497faeaa99159596a49c1d8f57ea0b173,176da28223b63cdfccb3ed027f6f638497faeaa99159596a49c1d8f57ea0b173,176da28223b63cdfccb3ed027f6f638497faeaa99159596a49c1d8f57ea0b173,1,0.0
510f55edebf39d8098e25f20bf735eb0ce82fee4ce7abf755d8d378d0ae4f9c5,dev,126,109,110,24473,d15a00342a8ca76bdece4b3925395fd813ca32942f91528e0893323e8f23632b,d15a00342a8ca76bdece4b3925395fd813ca32942f91528e0893323e8f23632b,d15a00342a8ca76bdece4b3925395fd813ca32942f91528e0893323e8f23632b,1,0.0
52aba3c550dabe11b7e047ff5a4addc223e7b2d24ee14924ca69cfc2dae3b724,dev,119,102,103,48867,326f9bb71450a60d8e6f4e4f326633a76aa2d0fe8662edc6ff8dbdf71eb14332,326f9bb71450a60d8e6f4e4f326633a76aa2d0fe8662edc6ff8dbdf71eb14332,326f9bb71450a60d8e6f4e4f326633a76aa2d0fe8662edc6ff8dbdf71eb14332,1,0.0
53a9a275a436d8bd4aa6f496fd454816a1ff515b21770e062f15a0df2cb4322d,dev,130,113,114,23035,639946710d1375d419b501671cc5852d8927716653c3785edc08c0ac72b86ec1,639946710d1375d419b501671cc5852d8927716653c3785edc08c0ac72b86ec1,639946710d1375d419b501671cc5852d8927716653c3785edc08c0ac72b86ec1,1,0.0
55bfeb38bb86d674bb85783339e06d4ca643b0f5c853ac48be50f1c5d7d61737,dev,128,109,110,5866,c2c8f9174a6e00cf844c8a409dfb94700a49e44374331d9d29dfbce4f507fe03,c2c8f9174a6e00cf844c8a409dfb94700a49e44374331d9d29dfbce4f507fe03,c2c8f9174a6e00cf844c8a409dfb94700a49e44374331d9d29dfbce4f507fe03,1,0.0
56295692530fff758ebf02124a935e66aace3d3a9b0fb05e6722c4c59406320d,dev,130,109,110,43215,ddb6b4e4770ffc1bb466480dbf8f3cce5e8b15248745b96e042572cc5f97d4b7,ddb6b4e4770ffc1bb466480dbf8f3cce5e8b15248745b96e042572cc5f97d4b7,ddb6b4e4770ffc1bb466480dbf8f3cce5e8b15248745b96e042572cc5f97d4b7,1,0.0
56b5b5d57e2db717fd38c32b39134d4a952db244beb8ba70c8bb0c9abcfbff87,dev,116,98,99,18808,afc4a0217c1a60102d4e68074aa4749a9de310dcc52951bc6937bd8a661c51c8,afc4a0217c1a60102d4e68074aa4749a9de310dcc52951bc6937bd8a661c51c8,afc4a0217c1a60102d4e68074aa4749a9de310dcc52951bc6937bd8a661c51c8,1,0.0
58216f6a2c4312095699a92dde2ec6bc05825a71c6fd9a3b626ee32be792f58c,dev,131,112,113,388,b91fcbf090fbbfb66fde98d0d065f1dd2943de837c2155501e0041f5e78057d7,b91fcbf090fbbfb66fde98d0d065f1dd2943de837c2155501e0041f5e78057d7,b91fcbf090fbbfb66fde98d0d065f1dd2943de837c2155501e0041f5e78057d7,1,0.0
5853dac42c8100da6718a861125bb63c48ba2105a68839a98f110fcb506f21e8,dev,117,100,101,58762,9e8dcdf984c51ae07907388c5224a2282946ef6cadb62f1900405f9768698308,9e8dcdf984c51ae07907388c5224a2282946ef6cadb62f1900405f9768698308,9e8dcdf984c51ae07907388c5224a2282946ef6cadb62f1900405f9768698308,1,0.0
59b21d2adbc8aeb7d1272b57f94d07d961cf8112476bac3dc3965706527a80b5,dev,124,106,107,81,1fb16b5049282ca8c79a53766e21e4fa1f43d5916d8de2db9c369b5db708c198,1fb16b5049282ca8c79a53766e21e4fa1f43d5916d8de2db9c369b5db708c198,1fb16b5049282ca8c79a53766e21e4fa1f43d5916d8de2db9c369b5db708c198,1,0.0
5aebcd3347946c824254e282941f2290d2f5558c9ff4d18b116fe12bc6432466,dev,124,105,106,1849,1091850580ef90cf49909031899ec74c1c775cf73939d49aa1f913f901820f22,1091850580ef90cf49909031899ec74c1c775cf73939d49aa1f913f901820f22,1091850580ef90cf49909031899ec74c1c775cf73939d49aa1f913f901820f22,1,0.0
5af325bc6e29771297a7d9b3b33082db45f759378a47f70408b80e536f8173a8,dev,115,98,99,23552,1704225a2de1ac61e55008ca68b83f3bc22e42da374fd4b078ce854382b5de44,1704225a2de1ac61e55008ca68b83f3bc22e42da374fd4b078ce854382b5de44,1704225a2de1ac61e55008ca68b83f3bc22e42da374fd4b078ce854382b5de44,1,0.0
5c17097227a0fb55737cf52c70ec318d3ba1110d71a8c71b697802393b2c64df,dev,117,100,101,71391,e5b57a4c5eba3b98245cde57c0e9befc97256b136e4c5ecf600e789faf4decd8,e5b57a4c5eba3b98245cde57c0e9befc97256b136e4c5ecf600e789faf4decd8,e5b57a4c5eba3b98245cde57c0e9befc97256b136e4c5ecf600e789faf4decd8,1,0.0
5da4110576e81a798a7c9eb3d4e2c0637adfdb17a24836f5997ee49a554c1edd,dev,127,107,108,36082,a483f1c32eacdf5bb1f5369246e78f7a3eab5ce7bb5cf3d59c697b9e5b2c1552,a483f1c32eacdf5bb1f5369246e78f7a3eab5ce7bb5cf3d59c697b9e5b2c1552,a483f1c32eacdf5bb1f5369246e78f7a3eab5ce7bb5cf3d59c697b9e5b2c1552,1,0.0
5ffe4a411d668a603219b8508d8727ca5e0d1c9c7ec961398c4324e421f50265,dev,127,109,110,79198,974e87ad5ddfacb414040edd17e58709d94ec2f3dfa1d8d0c81fe8f2a1a4a386,974e87ad5ddfacb414040edd17e58709d94ec2f3dfa1d8d0c81fe8f2a1a4a386,974e87ad5ddfacb414040edd17e58709d94ec2f3dfa1d8d0c81fe8f2a1a4a386,1,0.0
615e53d88676086fc33a4ec1643b3b9372f1df9941c8919af9533b858c168cb5,dev,117,99,100,45120,6349c3fefc6565bc259fc963e81cb81d1a9c1eaaae3f9cf34dd806d02348bd4f,6349c3fefc6565bc259fc963e81cb81d1a9c1eaaae3f9cf34dd806d02348bd4f,6349c3fefc6565bc259fc963e81cb81d1a9c1eaaae3f9cf34dd806d02348bd4f,1,0.0
61f61c49fa8e53da2fd368165bddd59e5ef621a2b37a36c79954c8346723602e,dev,121,104,105,63503,f38b6448285c7c4f8651e4711af16aaea7e1579a890cf1eb7aee31c9614e67dd,f38b6448285c7c4f8651e4711af16aaea7e1579a890cf1eb7aee31c9614e67dd,f38b6448285c7c4f8651e4711af16aaea7e1579a890cf1eb7aee31c9614e67dd,1,0.0
6215cf61f682532748483804f0bec679f57e2deeb2019bd3c4e390f10a27f94f,dev,155,137,138,7101,b017982de6c573442d2b7ccad8c3372b5fc41b1c969c6457514c9138462e864f,b017982de6c573442d2b7ccad8c3372b5fc41b1c969c6457514c9138462e864f,b017982de6c573442d2b7ccad8c3372b5fc41b1c969c6457514c9138462e864f,1,0.0
6255ffb540c8565db9b69a1e2e888c6be68f9efe8cfe9d8374f3e350a40ab457,dev,129,109,110,32869,8bc1d7de8a285e0fcc9b3d143db0fcbf4a8ed1ed6d1be67d0c3171a8b317232a,8bc1d7de8a285e0fcc9b3d143db0fcbf4a8ed1ed6d1be67d0c3171a8b317232a,8bc1d7de8a285e0fcc9b3d143db0fcbf4a8ed1ed6d1be67d0c3171a8b317232a,1,0.0
6b2143e219142ba475d18f254b29ea753624c43f12e7092097d953e83ba3000a,dev,128,108,109,6295,d516215997fe44ce7b01b363a8cd7bc87cb977b1058b74333d97cd5d623c6d1c,d516215997fe44ce7b01b363a8cd7bc87cb977b1058b74333d97cd5d623c6d1c,d516215997fe44ce7b01b363a8cd7bc87cb977b1058b74333d97cd5d623c6d1c,1,0.0
6b6dae961d88a80107784712b74ddf87ea5065d3083b52d379ae2ec75cebb215,dev,111,94,95,40968,2defc5b089b934c9192972a5848b388520e13355b517e925e06bdc605c78422a,2defc5b089b934c9192972a5848b388520e13355b517e925e06bdc605c78422a,2defc5b089b934c9192972a5848b388520e13355b517e925e06bdc605c78422a,1,0.0
6bc77d7264217b8bfb37ed46f9fc8f6f03293dbe9224c882328d052099453476,dev,131,111,112,27796,824f7fd9da7d5a7d3b8bba6f71d6370923dab496e5015a7f213a20ef42300f63,824f7fd9da7d5a7d3b8bba6f71d6370923dab496e5015a7f213a20ef42300f63,824f7fd9da7d5a7d3b8bba6f71d6370923dab496e5015a7f213a20ef42300f63,1,0.0
6bc87279df1f0b1ff747915a2abedad7fcd660bf27fceefe7b6b4be661911960,dev,123,106,107,79835,eca44425e039e7a0dd0fb8080dceb46dad5539e13059f1e69c5b9a1bc99b3ac4,eca44425e039e7a0dd0fb8080dceb46dad5539e13059f1e69c5b9a1bc99b3ac4,eca44425e039e7a0dd0fb8080dceb46dad5539e13059f1e69c5b9a1bc99b3ac4,1,0.0
6bebdee54546eedaf50b51ca9d6ae84301d1fc8651a5422c8f161163c5b906dc,dev,114,97,98,24301,4d6fc289f62d42180d27809d33620ec454345054982a4af18a6868dac983e9a4,4d6fc289f62d42180d27809d33620ec454345054982a4af18a6868dac983e9a4,4d6fc289f62d42180d27809d33620ec454345054982a4af18a6868dac983e9a4,1,0.0
6cdd3522d9eaedecac19afc40a9005f527a589edcb5b98bbe453230b5d0ca2bd,dev,118,99,100,379,d35bb20302d13efba9752b8d29473fda2a69bf89103988250838efe4a5e3dfe4,d35bb20302d13efba9752b8d29473fda2a69bf89103988250838efe4a5e3dfe4,d35bb20302d13efba9752b8d29473fda2a69bf89103988250838efe4a5e3dfe4,1,0.0
6ce15494c22ddb7450de80c33b37e57d1f5c7c2c4f3608b8e11053de0e9d44f3,dev,132,115,116,38576,bec94596e5d0bba167f4b114fd168e3a0e5c6931cb472f481006814bcdbcc7aa,bec94596e5d0bba167f4b114fd168e3a0e5c6931cb472f481006814bcdbcc7aa,bec94596e5d0bba167f4b114fd168e3a0e5c6931cb472f481006814bcdbcc7aa,1,0.0
6dd3c98e72585bcf228341dc2750f03d27c670e98803ecd3ede73796a9feeaf1,dev,111,94,95,94751,fd2afd4db14b2f4dfe0ccd68d07676501a3ca76122426bea091f0605b96de134,fd2afd4db14b2f4dfe0ccd68d07676501a3ca76122426bea091f0605b96de134,fd2afd4db14b2f4dfe0ccd68d07676501a3ca76122426bea091f0605b96de134,1,0.0
6ddeecbc02f2ffe9006070f939bce5fa8999d16a0e6c024b39163206e364e10f,dev,126,108,109,1965,2a026805c5bd8049a96c1808dc257d009aedc519159fbde6574fe70f0a8916fc,2a026805c5bd8049a96c1808dc257d009aedc519159fbde6574fe70f0a8916fc,2a026805c5bd8049a96c1808dc257d009aedc519159fbde6574fe70f0a8916fc,1,0.0
6e10294b05a6de9d4e5483961b207eeec4a804817c437c5ffa5577336edac801,dev,115,97,98,7262,0e5ef1bec58671d15e1bf312eafb5b7a1fb278fce0993f99b84f204ede2d61fb,0e5ef1bec58671d15e1bf312eafb5b7a1fb278fce0993f99b84f204ede2d61fb,0e5ef1bec58671d15e1bf312eafb5b7a1fb278fce0993f99b84f204ede2d61fb,1,0.0
6f17b25ae06b263b38dc906ddf0ee72e91d2235171291091a43585a1c55263a4,dev,120,102,103,642,64ca06987b7685779c55d4101a3397c22785883b5436a502c03e127afd92c6d1,64ca06987b7685779c55d4101a3397c22785883b5436a502c03e127afd92c6d1,64ca06987b7685779c55d4101a3397c22785883b5436a502c03e127afd92c6d1,1,0.0
6f20891d4fbbf36a868ef4d6543496c6ca675d18fb0c79eeb2f864c4a2a65d1a,dev,129,112,113,80373,da59906c465ebb1c7d545ac7bf6bf1c4d1eb06e5f42fec3a90458bcc3f9fc351,da59906c465ebb1c7d545ac7bf6bf1c4d1eb06e5f42fec3a90458bcc3f9fc351,da59906c465ebb1c7d545ac7bf6bf1c4d1eb06e5f42fec3a90458bcc3f9fc351,1,0.0
6fe3e27510c2d45cf3bc5f48a43f3f9b0f5bcfd61b08a8167b199bd40fc56c11,dev,143,125,126,10779,762ada37754dae25adbf43aec32d9a4fe4e597fa327e4e9d91a94c95ac0cc9d9,762ada37754dae25adbf43aec32d9a4fe4e597fa327e4e9d91a94c95ac0cc9d9,762ada37754dae25adbf43aec32d9a4fe4e597fa327e4e9d91a94c95ac0cc9d9,1,0.0
6ffbd9b9795989778a37dfc5868aeb0b9078a0370e24e5ca96e692ad3a9dbb0a,dev,146,125,126,16770,fa476b45c718cf1dabc984aec907838f5068f1de2d5d16a036f4da0adf1eb624,fa476b45c718cf1dabc984aec907838f5068f1de2d5d16a036f4da0adf1eb624,fa476b45c718cf1dabc984aec907838f5068f1de2d5d16a036f4da0adf1eb624,1,0.0
71f1274bf08beee7a3769accd9e3c8a51314d5289247f9e114fb8bafa53bb1ac,dev,121,103,104,4628,b0661b3199d3d503e6e46952f3988f4fa9b814a9abd0881079ca4d755a6fd152,b0661b3199d3d503e6e46952f3988f4fa9b814a9abd0881079ca4d755a6fd152,b0661b3199d3d503e6e46952f3988f4fa9b814a9abd0881079ca4d755a6fd152,1,0.0
76da1b679586705525ee875bdc8b0d1767d6ed57efa3f21fdafab78c35f4a084,dev,130,111,112,2168,19dc53357dbd8ea9b5b5001b54e31fefc7764dda61b470a740f3d47f71b3c2db,19dc53357dbd8ea9b5b5001b54e31fefc7764dda61b470a740f3d47f71b3c2db,19dc53357dbd8ea9b5b5001b54e31fefc7764dda61b470a740f3d47f71b3c2db,1,0.0
788876e1b5c09ad34b156c2244f70441c80075d509e1527ec22555a72eeb7db6,dev,114,97,98,72019,608361b012889bb5e7ad9c5e28f7561c51e571adc088a7d24f94d9009fba9323,608361b012889bb5e7ad9c5e28f7561c51e571adc088a7d24f94d9009fba9323,608361b012889bb5e7ad9c5e28f7561c51e571adc088a7d24f94d9009fba9323,1,0.0
788927faccfd32ff6d16678442de476ecad200eae740119b74261dc3094829fb,dev,124,107,108,11379,09a0f02bca65d2ef5ccec950f2e63abd9bcc514ce9dab531320fbf5f3d495483,09a0f02bca65d2ef5ccec950f2e63abd9bcc514ce9dab531320fbf5f3d495483,09a0f02bca65d2ef5ccec950f2e63abd9bcc514ce9dab531320fbf5f3d495483,1,0.0
788c34ef73e5ccaf4376fc748a0275e60532beed1cab5c8e3bcc7dd363c8537c,dev,128,110,111,6513,229fe62f2aba0574fdc4c5573795056223f9ffcd429c26e9459d92497fcfa6f3,229fe62f2aba0574fdc4c5573795056223f9ffcd429c26e9459d92497fcfa6f3,229fe62f2aba0574fdc4c5573795056223f9ffcd429c26e9459d92497fcfa6f3,1,0.0
7ac34260dc94d314d3558af30a19c45350584a3259272e494b7b690422dd661f,dev,119,99,100,970,5f1f61eae4d7d9eb70702e5502a40d9a59164de7aeda0e563eb638f1f306f831,5f1f61eae4d7d9eb70702e5502a40d9a59164de7aeda0e563eb638f1f306f831,5f1f61eae4d7d9eb70702e5502a40d9a59164de7aeda0e563eb638f1f306f831,1,0.0
7ca502c87aaf48633f254cf4f029007113e462645d89eb77dc5336148736535b,dev,130,112,113,38546,03449732a3b0152aa9f2d3a6adf045e875d2a175f7c04f96a894654f03cfa407,03449732a3b0152aa9f2d3a6adf045e875d2a175f7c04f96a894654f03cfa407,03449732a3b0152aa9f2d3a6adf045e875d2a175f7c04f96a894654f03cfa407,1,0.0
7d17895daf33aa644e6b588c7e429b6bfd5bc962e94b358e347c3f915384da54,dev,116,97,98,10704,7f3c3e4432532d31fa3d6c21556cdfe1e2665fabe09abbff33bc91f7f6d8049f,7f3c3e4432532d31fa3d6c21556cdfe1e2665fabe09abbff33bc91f7f6d8049f,7f3c3e4432532d31fa3d6c21556cdfe1e2665fabe09abbff33bc91f7f6d8049f,1,0.0
7e32fa7cf5ca42d16222f5523f4bea95acd53df81ba18e3de93b4e23833406dd,dev,130,111,112,32199,755e2090137f6c43c5bd4f79ba9368e1a59712a8ec9aae734d466a8c8fefb990,755e2090137f6c43c5bd4f79ba9368e1a59712a8ec9aae734d466a8c8fefb990,755e2090137f6c43c5bd4f79ba9368e1a59712a8ec9aae734d466a8c8fefb990,1,0.0
801ea8780af5ab0b2c3cc77a3f4ac2b6c0bcddac3942f28db77284b3fab8c8b0,dev,121,103,104,12528,14f68e7c9d71da3fa3fe89cab6df2aa934b4155fbeadec2d47a384a4db072b4b,14f68e7c9d71da3fa3fe89cab6df2aa934b4155fbeadec2d47a384a4db072b4b,14f68e7c9d71da3fa3fe89cab6df2aa934b4155fbeadec2d47a384a4db072b4b,1,0.0
84ab9cc3d020ac95fe7fca05196e2a35dc0cf1eecf0da504facb46e1881eeb39,dev,129,110,111,38556,26a1d5762a307d46f934fd0c44f0b2c1c98504da779226ab0d15b0120459e14f,26a1d5762a307d46f934fd0c44f0b2c1c98504da779226ab0d15b0120459e14f,26a1d5762a307d46f934fd0c44f0b2c1c98504da779226ab0d15b0120459e14f,1,0.0
84b4aabec1529e21986e9e63913501fc41337699a474a00cf5b119c9a021868e,dev,136,119,120,24473,cd0dcf96ae2b90e6addcf555211970a3365d5c3429a89159b03e00915eeec586,cd0dcf96ae2b90e6addcf555211970a3365d5c3429a89159b03e00915eeec586,cd0dcf96ae2b90e6addcf555211970a3365d5c3429a89159b03e00915eeec586,1,0.0
86297af299924f76b8956048c63fa84a663c50aca292898344ed31a1cb48fd71,dev,130,112,113,23504,826419cf979f886d97f972f33cac34bf6330a0fdf39656bb2416d0b41db0bdcf,826419cf979f886d97f972f33cac34bf6330a0fdf39656bb2416d0b41db0bdcf,826419cf979f886d97f972f33cac34bf6330a0fdf39656bb2416d0b41db0bdcf,1,0.0
86919f6991beb95325ed45558f32834d3d57e83085e8390b259364160ef24e81,dev,119,100,101,41291,a310b013a14a2c7a649cc35a5e9f980fcacdcec11dd2dac10c2b203f990b5f88,a310b013a14a2c7a649cc35a5e9f980fcacdcec11dd2dac10c2b203f990b5f88,a310b013a14a2c7a649cc35a5e9f980fcacdcec11dd2dac10c2b203f990b5f88,1,0.0
87f8c0fd0b06dd3ec294b9dd1326d4154e4e63e85e0d9c6abca67da45ad29605,dev,124,107,108,65930,18944dd22779f97e5e9fe482928f50799e694250e86730c42cc6204f998f182a,18944dd22779f97e5e9fe482928f50799e694250e86730c42cc6204f998f182a,18944dd22779f97e5e9fe482928f50799e694250e86730c42cc6204f998f182a,1,0.0
895b905fe243a9dd7b626e5d8e0985821bbf640290f5d6837b2433b3780ec4a6,dev,124,107,108,825,7d5aef2e48d2491a8c7774492131526e5af0a3fea2096ab12ccef89237dc2a14,7d5aef2e48d2491a8c7774492131526e5af0a3fea2096ab12ccef89237dc2a14,7d5aef2e48d2491a8c7774492131526e5af0a3fea2096ab12ccef89237dc2a14,1,0.0
89e01c538ebbb197fda81d378cfb9526161fa6370e6b72b1af232bc48d51f4a2,dev,121,103,104,21285,a8f253c0a0967d9fd8708637a89b087ca812c01ce80231a35743db4ea580600c,a8f253c0a0967d9fd8708637a89b087ca812c01ce80231a35743db4ea580600c,a8f253c0a0967d9fd8708637a89b087ca812c01ce80231a35743db4ea580600c,1,0.0
8a997b3cc2c043287907667bd7d69ee45a4c50724967de92fba36f9e4a8076d4,dev,117,100,101,4628,03040e4e196c91580bffa130993d2b14f5f9669b2ff38c2fe4c4f193338aa63e,03040e4e196c91580bffa130993d2b14f5f9669b2ff38c2fe4c4f193338aa63e,03040e4e196c91580bffa130993d2b14f5f9669b2ff38c2fe4c4f193338aa63e,1,0.0
8c4e292978fa72f89377d47c958fcb532d76bf1fc00a70f9d4e1966f067c29d5,dev,124,105,106,5799,b0de7d39dbfe5db2bb34fc52831c409ceae55f8bf494b30bdc95aee7684b00b7,b0de7d39dbfe5db2bb34fc52831c409ceae55f8bf494b30bdc95aee7684b00b7,b0de7d39dbfe5db2bb34fc52831c409ceae55f8bf494b30bdc95aee7684b00b7,1,0.0
8e63f950b177c6f1acee25e35005d2a081fbdc51abe07d934642ad1e7b23256b,dev,119,102,103,94751,9b418164faf8feadac6b21399c1e8d8f9b6cdddef7133e57dcd647b64c8fb061,9b418164faf8feadac6b21399c1e8d8f9b6cdddef7133e57dcd647b64c8fb061,9b418164faf8feadac6b21399c1e8d8f9b6cdddef7133e57dcd647b64c8fb061,1,0.0
8fce14c379feba472876fb2aa26bac14c2f1373c3764020af2347decdd813f21,dev,111,94,95,6819,24f58fd3eba54867c4285f3ead8123d32ced6028f42d3f38840fa2cb44109e40,24f58fd3eba54867c4285f3ead8123d32ced6028f42d3f38840fa2cb44109e40,24f58fd3eba54867c4285f3ead8123d32ced6028f42d3f38840fa2cb44109e40,1,0.0
9015a63195c2e27cd74439ad9d40649115256058f8218ba88e280ff140087102,dev,122,104,105,16224,291c45711a8d1ab5e684663c31693879275b21ce13adb2c784e7a9e7b6bc78ff,291c45711a8d1ab5e684663c31693879275b21ce13adb2c784e7a9e7b6bc78ff,291c45711a8d1ab5e684663c31693879275b21ce13adb2c784e7a9e7b6bc78ff,1,0.0
9272c3b8d12a64ff6030063a0a5ddeb2ebac32976a533c022723bb2a8743d4d2,dev,121,102,103,24230,0b9a85b3e59d5a7d6fee6bfa4b30a6709466c514f3de8eb1a745f92b16b8b90a,0b9a85b3e59d5a7d6fee6bfa4b30a6709466c514f3de8eb1a745f92b16b8b90a,0b9a85b3e59d5a7d6fee6bfa4b30a6709466c514f3de8eb1a745f92b16b8b90a,1,0.0
92aafe1dda864da442bd8a0884ef9728e8135620225fa175ec14144edffec931,dev,117,99,100,45059,12ba61f9666a4f9fc9996c27150366518f96e2f546a54785cdab162f1f35c042,12ba61f9666a4f9fc9996c27150366518f96e2f546a54785cdab162f1f35c042,12ba61f9666a4f9fc9996c27150366518f96e2f546a54785cdab162f1f35c042,1,0.0
955271f457a865b6538de58e05ec976217c17a96cc31ccb2c72e86fe77e6cce0,dev,117,98,99,4448,87bbdf7c0638eb83477917b4cb2bc358a8fda18097191b68db71c078a8831656,87bbdf7c0638eb83477917b4cb2bc358a8fda18097191b68db71c078a8831656,87bbdf7c0638eb83477917b4cb2bc358a8fda18097191b68db71c078a8831656,1,0.0
9605a6042a7f9978526d1a45d4d230805e7843b08bcf7d058bbf8d93fcdc7147,dev,141,117,118,2338,b30811e20fb6415700ce808036fe9cfe0034b4a20501ab7a79b3e81b7c723536,b30811e20fb6415700ce808036fe9cfe0034b4a20501ab7a79b3e81b7c723536,b30811e20fb6415700ce808036fe9cfe0034b4a20501ab7a79b3e81b7c723536,1,0.0
991e13498e76b0fa28ad7f9a37a2033c1dcd871ee5f9c8a0a038797010bc4e6f,dev,121,103,104,10320,e9b9ddb0ab217ce3632f0300fb7bad1d2c431bf9569848ecf471a7c938a15e6a,e9b9ddb0ab217ce3632f0300fb7bad1d2c431bf9569848ecf471a7c938a15e6a,e9b9ddb0ab217ce3632f0300fb7bad1d2c431bf9569848ecf471a7c938a15e6a,1,0.0
996c03db13b8afd1e8707f383cef74de8100202bf05fe3c73c48798528923df0,dev,128,109,110,55637,57fce021846ecfd1e177861c1b0a456c43c65d588b04f44a640d12799170b182,57fce021846ecfd1e177861c1b0a456c43c65d588b04f44a640d12799170b182,57fce021846ecfd1e177861c1b0a456c43c65d588b04f44a640d12799170b182,1,0.0
9a48b8a8d35c10c9696fa88651a5e839600948a47294a46721caa270613cc5cd,dev,118,101,102,16245,d2edccda8a71a1bc35471644f4e0587a627862c5383d630d7cb9118819a3d0b6,d2edccda8a71a1bc35471644f4e0587a627862c5383d630d7cb9118819a3d0b6,d2edccda8a71a1bc35471644f4e0587a627862c5383d630d7cb9118819a3d0b6,1,0.0
9a95b89b7aed4069296c76ff091de2e4b363583c73a648a5c37edbc80ebe97ee,dev,134,115,116,5866,3fd0a441c294b778be260b37f9567a323882e46988c931f88f267a74483b246b,3fd0a441c294b778be260b37f9567a323882e46988c931f88f267a74483b246b,3fd0a441c294b778be260b37f9567a323882e46988c931f88f267a74483b246b,1,0.0
9cd58e1d566fb4441d8b7dbbbe6746c56c82824181c0896e95ccbc243d4f2626,dev,124,102,103,56465,f98562f4cc6a76e7a2f79c954848570904e725c1ced2cbc3a67c09952e83e490,f98562f4cc6a76e7a2f79c954848570904e725c1ced2cbc3a67c09952e83e490,f98562f4cc6a76e7a2f79c954848570904e725c1ced2cbc3a67c09952e83e490,1,0.0
9fac6c285cc8c76a315fdb0ebc87d9b13258b066e1a43bf98a0b3f0c4041ec93,dev,121,104,105,59950,95cf396da4960b8d1eb15aa955f8d2e5267445933271fd7a8369fe8cc8007f19,95cf396da4960b8d1eb15aa955f8d2e5267445933271fd7a8369fe8cc8007f19,95cf396da4960b8d1eb15aa955f8d2e5267445933271fd7a8369fe8cc8007f19,1,0.0
9fb3ba35b4c9be26de8fe444e1d8057bdc8018f5a3c044b453d270a222474319,dev,128,110,111,19056,9a067d480937ea8bd10bc1448d46894a39ac1f4d5ee35eb747b293eaad2658f5,9a067d480937ea8bd10bc1448d46894a39ac1f4d5ee35eb747b293eaad2658f5,9a067d480937ea8bd10bc1448d46894a39ac1f4d5ee35eb747b293eaad2658f5,1,0.0
a2aed8ae91384128577f7d97b413b47249fa8eea55b7860ee373095c2671a43d,dev,131,111,112,31146,cb92451758b3e16326c68fb466761d9956ce1e3fa2eeb80f1f9f4421105002c0,cb92451758b3e16326c68fb466761d9956ce1e3fa2eeb80f1f9f4421105002c0,cb92451758b3e16326c68fb466761d9956ce1e3fa2eeb80f1f9f4421105002c0,1,0.0
a2c1a94c57d112205546cf50db6313a864cb117283441b2d9ceba73cdfdb5d4c,dev,120,102,103,4802,54dc3feadc0410155bb6d8e4b8908b9cb5bcece123c306d1ada17d84af509a69,54dc3feadc0410155bb6d8e4b8908b9cb5bcece123c306d1ada17d84af509a69,54dc3feadc0410155bb6d8e4b8908b9cb5bcece123c306d1ada17d84af509a69,1,0.0
a3a450f9313ceaddb2009d36def5be6496af9497d6dacd33873b70792a7047d7,dev,125,106,107,57168,9c7d4d9c923edaa31cb2e106ef9f958514c53e0e92e3615b955a084f64570710,9c7d4d9c923edaa31cb2e106ef9f958514c53e0e92e3615b955a084f64570710,9c7d4d9c923edaa31cb2e106ef9f958514c53e0e92e3615b955a084f64570710,1,0.0
a4ae82dae765d416ea2a087fedfefe60d89e5f7da5262c2d1d12fc40956fc27b,dev,116,99,100,90390,1229bb933958d38fd41ec5cb33d0a06c1e693ab6cb2d4fa24f5130d0d6c2c3af,1229bb933958d38fd41ec5cb33d0a06c1e693ab6cb2d4fa24f5130d0d6c2c3af,1229bb933958d38fd41ec5cb33d0a06c1e693ab6cb2d4fa24f5130d0d6c2c3af,1,0.0
a6f1302baac87b0fda4e2648522e2317160e4b5cb7be118bd813d61557cdc3a8,dev,114,97,98,28387,13b1e9571dda382b994bf1f9da63e1c1559cba131743c7e383061e78acbfefa9,13b1e9571dda382b994bf1f9da63e1c1559cba131743c7e383061e78acbfefa9,13b1e9571dda382b994bf1f9da63e1c1559cba131743c7e383061e78acbfefa9,1,0.0
a928a83babef545b9d62a4e50b0120478ba9b641722f710f84539cbcab78933e,dev,114,97,98,57658,effdf9f711f44e6a5059b64238f459c628647921887f70a4070b4a9c5bea1172,effdf9f711f44e6a5059b64238f459c628647921887f70a4070b4a9c5bea1172,effdf9f711f44e6a5059b64238f459c628647921887f70a4070b4a9c5bea1172,1,0.0
aa0de654a47e927de2c6a19cd70be9c55ef99ca29bcbffadba1426d74621f407,dev,117,100,101,48867,1f80ba1b1981413fac46bace4cea753fbce2dcff1cb8af2d053ac3f878a1b7ff,1f80ba1b1981413fac46bace4cea753fbce2dcff1cb8af2d053ac3f878a1b7ff,1f80ba1b1981413fac46bace4cea753fbce2dcff1cb8af2d053ac3f878a1b7ff,1,0.0
ad1614a31df5db29c425dece10e5666125bf46471cacda20678e408c7751b55b,dev,122,102,103,285,95cf350985bb0adefa3b3ffa32e35303afc82efaf86fb1d7442965801d8a1012,95cf350985bb0adefa3b3ffa32e35303afc82efaf86fb1d7442965801d8a1012,95cf350985bb0adefa3b3ffa32e35303afc82efaf86fb1d7442965801d8a1012,1,0.0
ad6dc70331b4074cde617f42131d13f1e3c1af0539732fa3690dfd1b4601c772,dev,117,100,101,3100,b0e194dbc3c0169e323c2f854efbe2c3bcd0d024d4842656d9e49a3b461b6ee1,b0e194dbc3c0169e323c2f854efbe2c3bcd0d024d4842656d9e49a3b461b6ee1,b0e194dbc3c0169e323c2f854efbe2c3bcd0d024d4842656d9e49a3b461b6ee1,1,0.0
aee813e27e89661fc9afd1439ece3bb24fca269c35c599cc759ff24ddab57bef,dev,114,97,98,59983,24bf2ec93f8f1290b781bfba9c9322677f3b709fece644c78aa213c8b253e8de,24bf2ec93f8f1290b781bfba9c9322677f3b709fece644c78aa213c8b253e8de,24bf2ec93f8f1290b781bfba9c9322677f3b709fece644c78aa213c8b253e8de,1,0.0
afc87744cffd489b70b9003f8e95ecaa14bf49486ff5c2ba5e5e3cb6da485feb,dev,117,99,100,39489,66cc3dc71f33bb483d432d3bc09acdfd456d3437886df69addd707f791aacb9d,66cc3dc71f33bb483d432d3bc09acdfd456d3437886df69addd707f791aacb9d,66cc3dc71f33bb483d432d3bc09acdfd456d3437886df69addd707f791aacb9d,1,0.0
b0ca1c666147d22f0df1f657e2ad37f82c2dbd72fbee073ecaf339a15bf590b3,dev,121,103,104,2721,efa30e53337fd148cb0e211d87cde506c8f4852253724adb742b8262a97e4dba,efa30e53337fd148cb0e211d87cde506c8f4852253724adb742b8262a97e4dba,efa30e53337fd148cb0e211d87cde506c8f4852253724adb742b8262a97e4dba,1,0.0
b10e5786ee75f4f3ceb61466f5ae6502ae2ed584a3774015c01efaaac098caeb,dev,122,102,103,64,cda6dec8c2eb48dcaba8cdd07741cd86c7821065af97f84e5cd20c8b4db29575,cda6dec8c2eb48dcaba8cdd07741cd86c7821065af97f84e5cd20c8b4db29575,cda6dec8c2eb48dcaba8cdd07741cd86c7821065af97f84e5cd20c8b4db29575,1,0.0
bb16e19b3e8abd378a0f469eb8c62aade0d44c020067925db7aa302329933e1f,dev,118,100,101,6010,1062e478b791d94ed28efcaba610dc19c415c792cd8e6a7d98c28511d3cd0ced,1062e478b791d94ed28efcaba610dc19c415c792cd8e6a7d98c28511d3cd0ced,1062e478b791d94ed28efcaba610dc19c415c792cd8e6a7d98c28511d3cd0ced,1,0.0
bc9443215df6e659661924bfd50a16aacd685a79178c8e261d1879090e174438,dev,116,99,100,72581,2ea438e35f2f58e5f70102b3b035fd4497e9506056dc702a0bf9c1f4c51940b8,2ea438e35f2f58e5f70102b3b035fd4497e9506056dc702a0bf9c1f4c51940b8,2ea438e35f2f58e5f70102b3b035fd4497e9506056dc702a0bf9c1f4c51940b8,1,0.0
c05526ecb6806b268e9e1896b8832f5831fbeb2e6e65a2642a6efbf9f043656c,dev,119,102,103,42054,cfba441c401d10ac63e22030c04245f63910e9b7f9393a6e321fbb8a5a02961b,cfba441c401d10ac63e22030c04245f63910e9b7f9393a6e321fbb8a5a02961b,cfba441c401d10ac63e22030c04245f63910e9b7f9393a6e321fbb8a5a02961b,1,0.0
c0a4432df2163f61270b31abc1cd02b4d758686d3080aac555dab98e4f269c2a,dev,116,98,99,258,56b3fc8fbdd0ae936c540394c8defc77e5d9d9288b2ef6e98001e59b3778b35f,56b3fc8fbdd0ae936c540394c8defc77e5d9d9288b2ef6e98001e59b3778b35f,56b3fc8fbdd0ae936c540394c8defc77e5d9d9288b2ef6e98001e59b3778b35f,1,0.0
c491b430b29ef0c7341dc243289a6432e66d64339e24cb28b235957ddf51ea73,dev,119,101,102,459,3380444e0edf1a8e48138ef460ca6c52e616d7f47129d69d25cb0cd1d94144f7,3380444e0edf1a8e48138ef460ca6c52e616d7f47129d69d25cb0cd1d94144f7,3380444e0edf1a8e48138ef460ca6c52e616d7f47129d69d25cb0cd1d94144f7,1,0.0
c505e2cc19abc2f41063f5d37e09bc1a723e9df14647d24a3299b05ef4dc8215,dev,121,101,102,18523,820e8d22856f4c3e1e177b6f9bf050c62dab44ba09e89f4fdcc865510ca2bdeb,820e8d22856f4c3e1e177b6f9bf050c62dab44ba09e89f4fdcc865510ca2bdeb,820e8d22856f4c3e1e177b6f9bf050c62dab44ba09e89f4fdcc865510ca2bdeb,1,0.0
c8ded625a3e1509e8f29407e3829f984e30c7a027c73183e023546d735e6a8b0,dev,127,109,110,24761,84c67bb34875d8e43a15b0be3c21422fc5c1a3915db5745a6d63bf5fae18adfc,84c67bb34875d8e43a15b0be3c21422fc5c1a3915db5745a6d63bf5fae18adfc,84c67bb34875d8e43a15b0be3c21422fc5c1a3915db5745a6d63bf5fae18adfc,1,0.0
c91329e2685632636eaaab9e0a16a9e716884030ecd7ec704d19ad29fe870db6,dev,125,106,107,5431,7f68f465a957717316067c8ada7cd4963badcda5bd1e27467fa94fc754eeb7b7,7f68f465a957717316067c8ada7cd4963badcda5bd1e27467fa94fc754eeb7b7,7f68f465a957717316067c8ada7cd4963badcda5bd1e27467fa94fc754eeb7b7,1,0.0
cac0fa7214cbe64d0ab89e006dbeb1ae517eefeda15cb3aa8bcd8b699fbf7f54,dev,115,98,99,58754,a786de75900d13016bd0a0c2cbaa15db5eb74ec738361f8b0f8d2da372132ae0,a786de75900d13016bd0a0c2cbaa15db5eb74ec738361f8b0f8d2da372132ae0,a786de75900d13016bd0a0c2cbaa15db5eb74ec738361f8b0f8d2da372132ae0,1,0.0
cc50a44f4933ce813b8cb212ba62698d3ce88e09c0bbc97b3982ded33080a34b,dev,121,102,103,5799,0d28a89d1762c987b3ad331b7eb1cc74bebf54860756acb43058ae37fac3e0c5,0d28a89d1762c987b3ad331b7eb1cc74bebf54860756acb43058ae37fac3e0c5,0d28a89d1762c987b3ad331b7eb1cc74bebf54860756acb43058ae37fac3e0c5,1,0.0
cdb209dfdd30b70226f07ea3b2a1d66934b12cde4d1418a7e0eb8415102cefbf,dev,116,99,100,49837,b004541948306bf84169de2a9a64735125e73bd3a1983c8f6bf46f9783f95ac9,b004541948306bf84169de2a9a64735125e73bd3a1983c8f6bf46f9783f95ac9,b004541948306bf84169de2a9a64735125e73bd3a1983c8f6bf46f9783f95ac9,1,0.0
ce418392d0f5b3d30a62289bda84082443e573f72af0cb4e771adddf4912a672,dev,119,100,101,9806,2c1cc656718f5eae420bb19f98c600e1234fe85c9bf03cbafa66d155de54339a,2c1cc656718f5eae420bb19f98c600e1234fe85c9bf03cbafa66d155de54339a,2c1cc656718f5eae420bb19f98c600e1234fe85c9bf03cbafa66d155de54339a,1,0.0
cea8b197e0ac37ba00febf6c4e1bde145a44edf5947f2bfb92cd7b0acb1457db,dev,120,102,103,73667,77376fb353536052fc64aa17c92caf6d82501ed9ba8a00c4ed32216029d1856c,77376fb353536052fc64aa17c92caf6d82501ed9ba8a00c4ed32216029d1856c,77376fb353536052fc64aa17c92caf6d82501ed9ba8a00c4ed32216029d1856c,1,0.0
d0d48352cdbd19507f0a552246d2a2168bc1dfc2e3863af994305ead2aae7dd3,dev,124,105,106,4126,260a6debc66e498471ad5c9a49a14cad5b20ece6498aa9f94bda46cf79ab6196,260a6debc66e498471ad5c9a49a14cad5b20ece6498aa9f94bda46cf79ab6196,260a6debc66e498471ad5c9a49a14cad5b20ece6498aa9f94bda46cf79ab6196,1,0.0
d0dedac3786f3c50237add4d7bfb2121d310f476830a81ea6feb08305f5cf3e2,dev,125,107,108,22711,520da5f972d60d40f2e8498c5580effa455ce8d55d525d6f227b302c96fb1476,520da5f972d60d40f2e8498c5580effa455ce8d55d525d6f227b302c96fb1476,520da5f972d60d40f2e8498c5580effa455ce8d55d525d6f227b302c96fb1476,1,0.0
d31bdff62a5431cefbafc1ddcca80f33a7b9e4e9d9f4bde3097e57f2a64305ba,dev,119,102,103,33584,133b4997acde96a10d9bfddfebd7ea3ce9f1a76b2fe7aff04f728ec8c9aa69b5,133b4997acde96a10d9bfddfebd7ea3ce9f1a76b2fe7aff04f728ec8c9aa69b5,133b4997acde96a10d9bfddfebd7ea3ce9f1a76b2fe7aff04f728ec8c9aa69b5,1,0.0
d35369d23dcfca940802e819edbb63fe588d8bcdb32d728cabfe82a68292ab6a,dev,122,105,106,2326,c3fb10b111b016a68b75e95869dc1d70dd590feeffc265f295e94efbdb2d5b9d,c3fb10b111b016a68b75e95869dc1d70dd590feeffc265f295e94efbdb2d5b9d,c3fb10b111b016a68b75e95869dc1d70dd590feeffc265f295e94efbdb2d5b9d,1,0.0
d35de5394da8e8af12e0fa779b01cf8497c1cc6f87f64264f948bc187b357d73,dev,123,104,105,12720,fb34164cfdfd9b00c743d55230d7bf7a2957bcc8eab9bc73f665c17796029f36,fb34164cfdfd9b00c743d55230d7bf7a2957bcc8eab9bc73f665c17796029f36,fb34164cfdfd9b00c743d55230d7bf7a2957bcc8eab9bc73f665c17796029f36,1,0.0
d3f802c5c147cd1fb842715b1ad21f6f8e9faa2d9d00ce60d1fce94c4304ff1e,dev,119,101,102,7526,47993ad1251fe410f47f22f5b443700de255d880486a95e3f31b8ad2719daa45,47993ad1251fe410f47f22f5b443700de255d880486a95e3f31b8ad2719daa45,47993ad1251fe410f47f22f5b443700de255d880486a95e3f31b8ad2719daa45,1,0.0
d4241ccb0b12c49180c5b46a1c5f7c5fe602cec9b4deb75282437541050b5fcb,dev,117,100,101,23157,2cdb770b439af625a6568c39d391903a5149867f3fb1a936249e97d831c2a43d,2cdb770b439af625a6568c39d391903a5149867f3fb1a936249e97d831c2a43d,2cdb770b439af625a6568c39d391903a5149867f3fb1a936249e97d831c2a43d,1,0.0
d716b45450cc92f0207e397647f2e955120b268a9c3a06f632f6beb374da68a3,dev,131,114,115,56578,e2be1353a6a2296febf9b8b590e473e166235b993370df5cb694ee91d5a3b3bc,e2be1353a6a2296febf9b8b590e473e166235b993370df5cb694ee91d5a3b3bc,e2be1353a6a2296febf9b8b590e473e166235b993370df5cb694ee91d5a3b3bc,1,0.0
d7bf00bba92da939b45008d97af6b4c84e6278724e013e42d7b4e27c38110458,dev,122,104,105,93755,7f330c83a53390a1393d080261f8784fe3d5a087a25e6ba65fb2b7209a80192c,7f330c83a53390a1393d080261f8784fe3d5a087a25e6ba65fb2b7209a80192c,7f330c83a53390a1393d080261f8784fe3d5a087a25e6ba65fb2b7209a80192c,1,0.0
d9c7c3a3d62120d82c1b75cbfaa8055c1c35fc78cc555030391d0f1e55c6d7cb,dev,121,103,104,432,5a02ba99f0dbb06074647ab1cd7f2fe438c53cbece49a12205328445b4e463bb,5a02ba99f0dbb06074647ab1cd7f2fe438c53cbece49a12205328445b4e463bb,5a02ba99f0dbb06074647ab1cd7f2fe438c53cbece49a12205328445b4e463bb,1,0.0
db2cc1ea75160c34bce816a645a9c82d6f0612c69f4ddc628944665334960a3c,dev,118,100,101,32869,b59a72c906106549990f7a6c14fe391145130a81485de6f31d7ea2189f1e9dbc,b59a72c906106549990f7a6c14fe391145130a81485de6f31d7ea2189f1e9dbc,b59a72c906106549990f7a6c14fe391145130a81485de6f31d7ea2189f1e9dbc,1,0.0
dbc748607fd562ae9060d46dab8422056efb10dc54a5f2c8b485d3a6bc8711fe,dev,135,118,119,11379,c01191d66726be8a7a8cfcc48d4b3b20c4e58af0be1d4ca4894985bf7f08f04b,c01191d66726be8a7a8cfcc48d4b3b20c4e58af0be1d4ca4894985bf7f08f04b,c01191d66726be8a7a8cfcc48d4b3b20c4e58af0be1d4ca4894985bf7f08f04b,1,0.0
df92f58df4cc2c2dbde60b361c69ab0eb8f2334109a3b3b00348f897e9ca68f9,dev,126,108,109,4802,fb7c4c3dd3cb63a17a5e65cef950b08e3960eef1583678d3b3060969700b63bf,fb7c4c3dd3cb63a17a5e65cef950b08e3960eef1583678d3b3060969700b63bf,fb7c4c3dd3cb63a17a5e65cef950b08e3960eef1583678d3b3060969700b63bf,1,0.0
e08e53f8618d77cfcb833bf74cc19624c1264d5c4f951bdc414d285aef892c2a,dev,120,103,104,17457,05ae2904ba500846e306e8b8bdae7b69658e97f6e88d96df44d416f750f14f61,05ae2904ba500846e306e8b8bdae7b69658e97f6e88d96df44d416f750f14f61,05ae2904ba500846e306e8b8bdae7b69658e97f6e88d96df44d416f750f14f61,1,0.0
e13bf18f90782e12eff5b2a82e34a23f4c3da60257463a6615bef523cd15e752,dev,114,96,97,7262,814930680f187ef5841073b52644600d185aed4f3c2cd5ab23623ad050ae929e,814930680f187ef5841073b52644600d185aed4f3c2cd5ab23623ad050ae929e,814930680f187ef5841073b52644600d185aed4f3c2cd5ab23623ad050ae929e,1,0.0
e4af26a75545582e1ab872948ff9db6323497b6d05be6c0051b7211af10f7fd1,dev,125,107,108,32869,05bfb48fa1c74bef3e1edc9cbca62a67ce8a21b8e10a996dd6c9ff7c1fe1c920,05bfb48fa1c74bef3e1edc9cbca62a67ce8a21b8e10a996dd6c9ff7c1fe1c920,05bfb48fa1c74bef3e1edc9cbca62a67ce8a21b8e10a996dd6c9ff7c1fe1c920,1,0.0
eae655db4698b26b8506484e3d2964ae122201a1fc6e1efb5f1c16cdc3b64049,dev,122,105,106,4925,55c7c19953344910011cfd2e982cf20fed0d676f415a79bf29095169fdf343c8,55c7c19953344910011cfd2e982cf20fed0d676f415a79bf29095169fdf343c8,55c7c19953344910011cfd2e982cf20fed0d676f415a79bf29095169fdf343c8,1,0.0
eb6704eeee9a9abba2fc2f51151204c4a573f0e711c727c3beb28b780a34780c,dev,121,103,104,17728,a797bf0cf3d5bdeca26628ee75fd106059e35c99cecd5b4478f01470495c5e44,a797bf0cf3d5bdeca26628ee75fd106059e35c99cecd5b4478f01470495c5e44,a797bf0cf3d5bdeca26628ee75fd106059e35c99cecd5b4478f01470495c5e44,1,0.0
eb7109e266e4b82c5c40e57d34e79d881672c52b72920bfbadaae2073c969552,dev,144,127,128,12499,49cef67f7193dce9f979a469cf6c16ee17c084a3983c274f43eecab23448b3b4,49cef67f7193dce9f979a469cf6c16ee17c084a3983c274f43eecab23448b3b4,49cef67f7193dce9f979a469cf6c16ee17c084a3983c274f43eecab23448b3b4,1,0.0
ec40f07be49219f365f3c31b8e4fc0335a4215a20a4ad5fe8f4ba7470503754c,dev,128,110,111,38554,02451bd216579add04cf41696c7ec7f1b1a6cbd52c59b485d4d493f7e5090405,02451bd216579add04cf41696c7ec7f1b1a6cbd52c59b485d4d493f7e5090405,02451bd216579add04cf41696c7ec7f1b1a6cbd52c59b485d4d493f7e5090405,1,0.0
ec74e741d6422e5050b1abd86d31b39929eb5b8549360b4faa0a63f9262b539d,dev,126,108,109,80988,a8e4e2967b6197f4de03b4e10e2e673fa1f4b4ccb8dc75cf32b3decc23f4106b,a8e4e2967b6197f4de03b4e10e2e673fa1f4b4ccb8dc75cf32b3decc23f4106b,a8e4e2967b6197f4de03b4e10e2e673fa1f4b4ccb8dc75cf32b3decc23f4106b,1,0.0
ec9503c6deb0e6d6538ee9b707aa7fc898aef19d75519ddf35fe549597da80a1,dev,123,103,104,61464,198bc1f6bed44e3ae0c08e7b16bf3a63574a367832e6e929e8947c123c5142a2,198bc1f6bed44e3ae0c08e7b16bf3a63574a367832e6e929e8947c123c5142a2,198bc1f6bed44e3ae0c08e7b16bf3a63574a367832e6e929e8947c123c5142a2,1,0.0
eed93994a6adad820f6549e6e20cbe93f64f0060a52d3af8e31077710e1a77fe,dev,119,101,102,80988,98376021fb5d1acb4553815acb6634f1a86ac44f45d17792b0f836f283ead49c,98376021fb5d1acb4553815acb6634f1a86ac44f45d17792b0f836f283ead49c,98376021fb5d1acb4553815acb6634f1a86ac44f45d17792b0f836f283ead49c,1,0.0
ef98391de8f801b35fcec12d7b524a0be5c766b9c84d2e36603c105dbd8f7116,dev,122,104,105,39489,f0d93c541d57d2920f6fb78bfb53348121734f6df115b279a6f2cba8a1bab559,f0d93c541d57d2920f6fb78bfb53348121734f6df115b279a6f2cba8a1bab559,f0d93c541d57d2920f6fb78bfb53348121734f6df115b279a6f2cba8a1bab559,1,0.0
ef9b265b3c0689deea4d6347e77e250fbb72b3d5b45768806264de9005b7c3e8,dev,119,101,102,12645,503b5fea559558441fc4601c40545d26088b6999c9279b8f1000cdaa4a76f86a,503b5fea559558441fc4601c40545d26088b6999c9279b8f1000cdaa4a76f86a,503b5fea559558441fc4601c40545d26088b6999c9279b8f1000cdaa4a76f86a,1,0.0
efdaacba8f4a5c0d58c0adb6ee32c5c86d760cdb66eda6c7f7d5f2f338b4caa5,dev,120,103,104,28387,ee9d53e9c6a42c82e001693b3ac0961a2dea938709edaf29c30c25f910e48b93,ee9d53e9c6a42c82e001693b3ac0961a2dea938709edaf29c30c25f910e48b93,ee9d53e9c6a42c82e001693b3ac0961a2dea938709edaf29c30c25f910e48b93,1,0.0
f04c5f9198427ddb50a413ef41e9cf3d877b8ffdfa63e3349044daa372bb226c,dev,118,99,100,388,1e245322c53cbaed2149e8c04c914d448690ab08427e2774b21063df12ef4f3a,1e245322c53cbaed2149e8c04c914d448690ab08427e2774b21063df12ef4f3a,1e245322c53cbaed2149e8c04c914d448690ab08427e2774b21063df12ef4f3a,1,0.0
f1db4d3c9b7d73d26d303534a6845276c17c7181324656367b0f21f9cb9a7bc9,dev,132,114,115,6513,e351babd6a95b5182f2f3bd166d2995a7ee9a2b904e1bbb993d989b5d0b9d6d3,e351babd6a95b5182f2f3bd166d2995a7ee9a2b904e1bbb993d989b5d0b9d6d3,e351babd6a95b5182f2f3bd166d2995a7ee9a2b904e1bbb993d989b5d0b9d6d3,1,0.0
f20304d9829cd1ebda2d497ee0dd5a79bdc7f93d34b68baddcb228e99b81ebbe,dev,114,97,98,34408,081ea2e1c1229634dedc68bba386cb10f35d927a8f03b805472c14c8051d89cc,081ea2e1c1229634dedc68bba386cb10f35d927a8f03b805472c14c8051d89cc,081ea2e1c1229634dedc68bba386cb10f35d927a8f03b805472c14c8051d89cc,1,0.0
f2a0372b48ecb146721a5a97015730fd57d998767bee00a9570618d5b4a15334,dev,127,109,110,288,3feb48f854a8fdd4e4081279f96e57e359ed7c7bd7dd257c884e7e7051d4e818,3feb48f854a8fdd4e4081279f96e57e359ed7c7bd7dd257c884e7e7051d4e818,3feb48f854a8fdd4e4081279f96e57e359ed7c7bd7dd257c884e7e7051d4e818,1,0.0
f37d2a4996b7b5ce70513d5a92bdd7b0e05be64b6c08b51aa368154fcfad91c4,dev,142,123,124,5866,3649b04ad6316693042cf79697c6cf50c094c5055f5f81752282a80567ca120f,3649b04ad6316693042cf79697c6cf50c094c5055f5f81752282a80567ca120f,3649b04ad6316693042cf79697c6cf50c094c5055f5f81752282a80567ca120f,1,0.0
f524e071bcf08ff1baad251f50a7a97999375742cfa6dd57e94b8aa3a1ceaa04,dev,117,100,101,6437,f78d8263ac0df69ac35e617d7983912667e2ec1cb045c9e7967a8056ae46c314,f78d8263ac0df69ac35e617d7983912667e2ec1cb045c9e7967a8056ae46c314,f78d8263ac0df69ac35e617d7983912667e2ec1cb045c9e7967a8056ae46c314,1,0.0
f538e6d9e25af7fa03c2210f1b0ef02f8ee12550bee0b32a4bd212ba68e29d94,dev,116,99,100,7761,e9963ead99af21c282693d98e8e921aa61c1bdbf05b3dde386c0737e85d4e086,e9963ead99af21c282693d98e8e921aa61c1bdbf05b3dde386c0737e85d4e086,e9963ead99af21c282693d98e8e921aa61c1bdbf05b3dde386c0737e85d4e086,1,0.0
f6de5c13ed4fd11307e97176a4d61e5186ee5234eb6a25331341e4aa82d86287,dev,133,115,116,8123,0bd5b2e8bca1f45bd23a3423ad051d6ec9599535f50bc6b4325de6c7bbea3d61,0bd5b2e8bca1f45bd23a3423ad051d6ec9599535f50bc6b4325de6c7bbea3d61,0bd5b2e8bca1f45bd23a3423ad051d6ec9599535f50bc6b4325de6c7bbea3d61,1,0.0
f6e1ffc35259211e4c898f01fc2d43df8802b8a13c1581735a278c681e67bc92,dev,115,97,98,24473,d8b9b6776140fa9180485502a4eacea1b9dc88a4dc5ab68dcefdca9318801371,d8b9b6776140fa9180485502a4eacea1b9dc88a4dc5ab68dcefdca9318801371,d8b9b6776140fa9180485502a4eacea1b9dc88a4dc5ab68dcefdca9318801371,1,0.0
f792425150ef401049f0567570e52700cf4a65c670dbc40e2987e227ad7b818c,dev,122,105,106,3100,b287378c9fc86706b5543e5972b77a1ca960fa5093f98de57fe2efe768241f63,b287378c9fc86706b5543e5972b77a1ca960fa5093f98de57fe2efe768241f63,b287378c9fc86706b5543e5972b77a1ca960fa5093f98de57fe2efe768241f63,1,0.0
f8a29966fb2123d58aa5371a0d5ef847b77b0d3a3efbd0e38dc667d80aa3db54,dev,122,104,105,8023,440d3a96f4c494eb307159cc86419a8b2d807a6e36e2c3dfad6d842d8ec1f7e8,440d3a96f4c494eb307159cc86419a8b2d807a6e36e2c3dfad6d842d8ec1f7e8,440d3a96f4c494eb307159cc86419a8b2d807a6e36e2c3dfad6d842d8ec1f7e8,1,0.0
fa86e109c063366a399a71e8f1b5d56e1cd7ca60dcb9782a5c568d18bc8838d8,dev,121,104,105,8109,6c577f36ab9673a4ba3a20ca1fd61114a8e97282b8bdd0e0467995774e0bc054,6c577f36ab9673a4ba3a20ca1fd61114a8e97282b8bdd0e0467995774e0bc054,6c577f36ab9673a4ba3a20ca1fd61114a8e97282b8bdd0e0467995774e0bc054,1,0.0
fb5830d3a45b1646a07299fbfcfec7df52b57bf6253116db62f1d7c0ad326c2b,dev,116,99,100,7046,3b85e329164e877f839c613ea5fa0054bf0fec4d0149e61d5fece4c0ec89f86c,3b85e329164e877f839c613ea5fa0054bf0fec4d0149e61d5fece4c0ec89f86c,3b85e329164e877f839c613ea5fa0054bf0fec4d0149e61d5fece4c0ec89f86c,1,0.0
fb5af5f7dd217463205da05462b43b882bc5694f0971c8bf093ea12e349625a6,dev,119,101,102,3341,19c0c629912d7dc2eb088baa36c438c0636e82ac1b2e751019b359c58ab2c7fa,19c0c629912d7dc2eb088baa36c438c0636e82ac1b2e751019b359c58ab2c7fa,19c0c629912d7dc2eb088baa36c438c0636e82ac1b2e751019b359c58ab2c7fa,1,0.0
fe8d6ea33b2967974ed5d5bb87deaec20c56d3847aeb51fca31b56797035a3a8,dev,125,106,107,367,0ddafcbc04fba496121a5c036a6db476de56da4c59dcfa234c6a7a21212482cf,0ddafcbc04fba496121a5c036a6db476de56da4c59dcfa234c6a7a21212482cf,0ddafcbc04fba496121a5c036a6db476de56da4c59dcfa234c6a7a21212482cf,1,0.0
66a16985e598782ccf5bfdee58fcbee8a57286d32126cd89dd5cb6afb4c44074,train,125,108,109,40968,14bcda4f419d24c0a1b56f97baf1c99cb5ae9257b28c50fafdb8cd0526d4d894,14bcda4f419d24c0a1b56f97baf1c99cb5ae9257b28c50fafdb8cd0526d4d894,14bcda4f419d24c0a1b56f97baf1c99cb5ae9257b28c50fafdb8cd0526d4d894,1,0.0
f57b91ca2d8c2293773128d0870ac5bcc7a4ed55f3ea0fddff1a5127568053ab,train,116,99,100,24473,56285995b898f5574f646598de9113d263f4c2fad055652a63209c02afdf934d,56285995b898f5574f646598de9113d263f4c2fad055652a63209c02afdf934d,56285995b898f5574f646598de9113d263f4c2fad055652a63209c02afdf934d,1,0.0
07f1f5d1b77ba44200d47550ecdccc4c98adcce76cf38ebcd85c58ce38c3df00,train,123,106,107,69081,6517d9193c14f718ab383e89eacd7f3807f01d2774529a4aa5da067e710ef232,6517d9193c14f718ab383e89eacd7f3807f01d2774529a4aa5da067e710ef232,6517d9193c14f718ab383e89eacd7f3807f01d2774529a4aa5da067e710ef232,1,0.0
5b8d3321f4dda8fdefd9cc3d5a89469825e9f9c8acc68a3b6e2d962963ab7196,train,122,104,105,28611,9129b547f616861e3329388a9aa3abb0a7f23ee7937ca5b1ba1763a527a909f7,9129b547f616861e3329388a9aa3abb0a7f23ee7937ca5b1ba1763a527a909f7,9129b547f616861e3329388a9aa3abb0a7f23ee7937ca5b1ba1763a527a909f7,1,0.0
60d08bd25e3e5a8f99b1f070e731916223dae991f70134fc2594f12e6c000233,train,121,103,104,729,0eac3742099333619471db48db70f2df46ff8996368fa0910ddc0618603b0084,0eac3742099333619471db48db70f2df46ff8996368fa0910ddc0618603b0084,0eac3742099333619471db48db70f2df46ff8996368fa0910ddc0618603b0084,1,0.0
8b2ab7edf637bb31d444161f24fbceb63aab60f4fc24eaed34db234c507b9a0a,train,119,101,102,6174,8f104b95d612ad3c8ba224623c5af37e6b9b9326cafb337a6e90e3d7501fa620,8f104b95d612ad3c8ba224623c5af37e6b9b9326cafb337a6e90e3d7501fa620,8f104b95d612ad3c8ba224623c5af37e6b9b9326cafb337a6e90e3d7501fa620,1,0.0
d78873431cc1e21ebf72792c545a4ff05ea2dbc106ff8bbcfe92baf4578cb11f,train,123,106,107,6010,e01ffef43a9accaad5673676d130a26230e8f69eb87fba432ae0ced56ae161ef,e01ffef43a9accaad5673676d130a26230e8f69eb87fba432ae0ced56ae161ef,e01ffef43a9accaad5673676d130a26230e8f69eb87fba432ae0ced56ae161ef,1,0.0
75d78d4b792089b8f8330b886d34547e1105ff12d68736328ff3d4ea882dd3a0,train,119,101,102,40016,ab56ed8efe2b0445263e34c631c728f066f0fc57a3a267d66b3b25778fac2e59,ab56ed8efe2b0445263e34c631c728f066f0fc57a3a267d66b3b25778fac2e59,ab56ed8efe2b0445263e34c631c728f066f0fc57a3a267d66b3b25778fac2e59,1,0.0
8543d2837f66516d6f2d3886d206a1d06f10c04b6e66eae19bd8da6c0a2132e9,train,126,109,110,61837,4f3cec93bc3abd0ca1781aff311a5948d376955e2aa03d878430e372a3595246,4f3cec93bc3abd0ca1781aff311a5948d376955e2aa03d878430e372a3595246,4f3cec93bc3abd0ca1781aff311a5948d376955e2aa03d878430e372a3595246,1,0.0
2e2585844451a52a272f300dff1d31eab7b461f8e9924edc55dadefccd548ddc,train,123,106,107,35154,a70f1c90a62b8482f064c40451541c51bd90e887778c86fdf169087d79e3725d,a70f1c90a62b8482f064c40451541c51bd90e887778c86fdf169087d79e3725d,a70f1c90a62b8482f064c40451541c51bd90e887778c86fdf169087d79e3725d,1,0.0
8bb39a804b0687b86e7cc6d2818e408ab0b5281b9577c28cd177c77d5a4c13de,train,120,102,103,63086,feb4a7d026e8b1233e7859e31b5b7cb8c7f95ee4d1701f58d1f78a94250406c2,feb4a7d026e8b1233e7859e31b5b7cb8c7f95ee4d1701f58d1f78a94250406c2,feb4a7d026e8b1233e7859e31b5b7cb8c7f95ee4d1701f58d1f78a94250406c2,1,0.0
5749544235e83cd0939897d694c4099ee9dc54aefd1cddb56babd37fb11c9000,train,116,98,99,14285,de1061b9b75722e4029af044d960f3ae611847b608ab2c3b9e76eaa889879e13,de1061b9b75722e4029af044d960f3ae611847b608ab2c3b9e76eaa889879e13,de1061b9b75722e4029af044d960f3ae611847b608ab2c3b9e76eaa889879e13,1,0.0
9da01b9bc66f998596300d28f8fdef5b089a1db0cd3f2c12bbcc5e8527694fe6,train,126,108,109,7002,ac82aa510141bb75b3f322e36d9d7e9672aebaeca02b3430a5f0d40e479d5d04,ac82aa510141bb75b3f322e36d9d7e9672aebaeca02b3430a5f0d40e479d5d04,ac82aa510141bb75b3f322e36d9d7e9672aebaeca02b3430a5f0d40e479d5d04,1,0.0
2d21a06c889e29b4e9cccdca2a77bc9edd041e6f3f6d4ef744f4a520e2133371,train,125,106,107,23552,2ac9839fec55575566806b5f450a8d8ab5d593251a1e79543a1d3b5920df8907,2ac9839fec55575566806b5f450a8d8ab5d593251a1e79543a1d3b5920df8907,2ac9839fec55575566806b5f450a8d8ab5d593251a1e79543a1d3b5920df8907,1,0.0
627bc69ec79443a8e2e75d8a43ec3728cf93750a614bcba61efe083d18485f86,train,119,101,102,7262,22b30e82ef2abe883fcf12500ed0064d60ad71f50b19a65e7ac0bc44f42f3ef6,22b30e82ef2abe883fcf12500ed0064d60ad71f50b19a65e7ac0bc44f42f3ef6,22b30e82ef2abe883fcf12500ed0064d60ad71f50b19a65e7ac0bc44f42f3ef6,1,0.0
dfccfc1257ac89f037a950008c822d6990fa8c9778bfbdd175a04bf2f5422302,train,124,107,108,61952,e180f1d247f8f598a2d7e678f48649066577c633422fce4ad4af26af97a9efcc,e180f1d247f8f598a2d7e678f48649066577c633422fce4ad4af26af97a9efcc,e180f1d247f8f598a2d7e678f48649066577c633422fce4ad4af26af97a9efcc,1,0.0
ba52ac49ae4bcfe74bb9fdfacb9da5f6e9b015a9fa18d33cda95f1cb2e7e6f85,train,118,100,101,19879,f16974e7ba381324b48823b9410b7317145a11ef0ea4412ae4bf0d3744f2ad10,f16974e7ba381324b48823b9410b7317145a11ef0ea4412ae4bf0d3744f2ad10,f16974e7ba381324b48823b9410b7317145a11ef0ea4412ae4bf0d3744f2ad10,1,0.0
1409b41e416cf92ddea461b41910aa3a94048071e95960d64da76331ed22d57d,train,118,99,100,2168,1f9ead14ad8cfd2c0601e171c23c8f5fd1bcb5d5418538a14db5931aba5339e6,1f9ead14ad8cfd2c0601e171c23c8f5fd1bcb5d5418538a14db5931aba5339e6,1f9ead14ad8cfd2c0601e171c23c8f5fd1bcb5d5418538a14db5931aba5339e6,1,0.0
52218131920be25f20a5b477008ede26e32602c6fafc98211ce4ff375976e807,train,117,100,101,22008,7b54a874c791d38bacbd080ff1b65e80628c758ed68c02b7a9b6a7fb11025093,7b54a874c791d38bacbd080ff1b65e80628c758ed68c02b7a9b6a7fb11025093,7b54a874c791d38bacbd080ff1b65e80628c758ed68c02b7a9b6a7fb11025093,1,0.0
d74c4879c732b1227d9a8a43c0f218a3a82b06f4ef7da4d0bef58910d3681e71,train,124,106,107,39273,4d04c5d9125cf0e2512929cb63e86a7dc3fb8fed2cd27dae0bb937f18552ec56,4d04c5d9125cf0e2512929cb63e86a7dc3fb8fed2cd27dae0bb937f18552ec56,4d04c5d9125cf0e2512929cb63e86a7dc3fb8fed2cd27dae0bb937f18552ec56,1,0.0
b357c61037d77e7ed89a465f21452fe24b9996fc19831e517a735dd1d6ee5097,train,128,110,111,80988,a354c472f8eb0074563b6c5e5ffb438f659249760192217759e83e0857acc6af,a354c472f8eb0074563b6c5e5ffb438f659249760192217759e83e0857acc6af,a354c472f8eb0074563b6c5e5ffb438f659249760192217759e83e0857acc6af,1,0.0
2b61d3164e719856ad3effc1ccbfa3e41a621ace1cd79291fe76852bc47f17e4,train,132,111,112,3611,5bc1ea217ef9521771e1a936e608817f3795c70d7d3d7966276e34ffde9eabd3,5bc1ea217ef9521771e1a936e608817f3795c70d7d3d7966276e34ffde9eabd3,5bc1ea217ef9521771e1a936e608817f3795c70d7d3d7966276e34ffde9eabd3,1,0.0
c8a933b36564011efe8546a0ba5b0cb09d854ae2084236b60c789ad68e51d8ae,train,123,103,104,7761,c4d1f0c0375de7d33aacb68dbd595384dd893aaadf4be63da06a5f885ece0b2b,c4d1f0c0375de7d33aacb68dbd595384dd893aaadf4be63da06a5f885ece0b2b,c4d1f0c0375de7d33aacb68dbd595384dd893aaadf4be63da06a5f885ece0b2b,1,0.0
718c00e1b0a61d0fa6c7bde6adb0807a56f3006d17a4b92952335c715bfa2169,train,115,98,99,24301,294f9c321aaac8a4ecc7e07edf2becc7cea84252140c90fe2e0bf0c32582d9ea,294f9c321aaac8a4ecc7e07edf2becc7cea84252140c90fe2e0bf0c32582d9ea,294f9c321aaac8a4ecc7e07edf2becc7cea84252140c90fe2e0bf0c32582d9ea,1,0.0
423f17fcc961033dd3d2c98807b3832ac43a886a5f6a1843b6fec4fde9b7fb67,train,120,103,104,12703,2ac6506b556c71662a2a1f3fa971876d7fc377d5ccdd2340e5fdbf67d443437c,2ac6506b556c71662a2a1f3fa971876d7fc377d5ccdd2340e5fdbf67d443437c,2ac6506b556c71662a2a1f3fa971876d7fc377d5ccdd2340e5fdbf67d443437c,1,0.0
74763dbe9f553da7998db47b15782c8b7bcaa592177aa9430d872d6072440f6b,train,122,104,105,70795,2291e1feb14efdb1daf94a6736c45c91a5bcd051e2a53f3bb267bc5eb1b6c7ef,2291e1feb14efdb1daf94a6736c45c91a5bcd051e2a53f3bb267bc5eb1b6c7ef,2291e1feb14efdb1daf94a6736c45c91a5bcd051e2a53f3bb267bc5eb1b6c7ef,1,0.0
17baf0769b88ece8fc4d72f1f96155140bca4a6f3835ffb8ad655f1b3073bce9,train,134,113,114,1211,623bbf86cbea6ddccbf80e1f19a00cc5107ad46b34f4046177fa8f1cd2ece1ea,623bbf86cbea6ddccbf80e1f19a00cc5107ad46b34f4046177fa8f1cd2ece1ea,623bbf86cbea6ddccbf80e1f19a00cc5107ad46b34f4046177fa8f1cd2ece1ea,1,0.0
f326a699f23afa8f831646fe0dc92f461e4e3a66cae0df65bae17e4c9eadf901,train,121,102,103,55637,95676eefadff0c14f6011a7a050e1045a274d6e82b7830717a344b71fe1f9046,95676eefadff0c14f6011a7a050e1045a274d6e82b7830717a344b71fe1f9046,95676eefadff0c14f6011a7a050e1045a274d6e82b7830717a344b71fe1f9046,1,0.0
9e897ad9ea552e2431a2f4afeb9eead9ac799389d04f99d506410ef6d574eb4b,train,125,106,107,1352,e8370c1b3743acb26cf581b2b89ebdcb201d9699177b191060403fac88a4f43d,e8370c1b3743acb26cf581b2b89ebdcb201d9699177b191060403fac88a4f43d,e8370c1b3743acb26cf581b2b89ebdcb201d9699177b191060403fac88a4f43d,1,0.0
3d428c1a11fe7a27909a8ce088beab1fce82a257a9602616f84c2cd97998902a,train,120,101,102,2168,22a939fde9fd6f217c0594c250d380466ac16be5081b92fba72a94abd085df2b,22a939fde9fd6f217c0594c250d380466ac16be5081b92fba72a94abd085df2b,22a939fde9fd6f217c0594c250d380466ac16be5081b92fba72a94abd085df2b,1,0.0
eb7109e266e4b82c5c40e57d34e79d881672c52b72920bfbadaae2073c969552,dev,144,127,128,12499,49cef67f7193dce9f979a469cf6c16ee17c084a3983c274f43eecab23448b3b4,49cef67f7193dce9f979a469cf6c16ee17c084a3983c274f43eecab23448b3b4,49cef67f7193dce9f979a469cf6c16ee17c084a3983c274f43eecab23448b3b4,1,0.0
37fd7343def15a982f55039a6fd91953c9aec931123a52d0f01f0e4298e0f327,dev,126,109,110,84222,8bbbe26d697e1ccc74d3c3c25c99ef6a72d21a3b4e8ca2d745ffb5113aa02269,8bbbe26d697e1ccc74d3c3c25c99ef6a72d21a3b4e8ca2d745ffb5113aa02269,8bbbe26d697e1ccc74d3c3c25c99ef6a72d21a3b4e8ca2d745ffb5113aa02269,1,0.0
4c22a7020fcc075f9f948b5b4c877ceab447932756009ccd5e0296cb1c4146fd,dev,122,104,105,46170,423aec6c08eabe236e52e3557f25c04bdaf00f4a4c6baada57da56439d92fb2d,423aec6c08eabe236e52e3557f25c04bdaf00f4a4c6baada57da56439d92fb2d,423aec6c08eabe236e52e3557f25c04bdaf00f4a4c6baada57da56439d92fb2d,1,0.0
bc9443215df6e659661924bfd50a16aacd685a79178c8e261d1879090e174438,dev,116,99,100,72581,2ea438e35f2f58e5f70102b3b035fd4497e9506056dc702a0bf9c1f4c51940b8,2ea438e35f2f58e5f70102b3b035fd4497e9506056dc702a0bf9c1f4c51940b8,2ea438e35f2f58e5f70102b3b035fd4497e9506056dc702a0bf9c1f4c51940b8,1,0.0
9272c3b8d12a64ff6030063a0a5ddeb2ebac32976a533c022723bb2a8743d4d2,dev,121,102,103,24230,0b9a85b3e59d5a7d6fee6bfa4b30a6709466c514f3de8eb1a745f92b16b8b90a,0b9a85b3e59d5a7d6fee6bfa4b30a6709466c514f3de8eb1a745f92b16b8b90a,0b9a85b3e59d5a7d6fee6bfa4b30a6709466c514f3de8eb1a745f92b16b8b90a,1,0.0
13fcd9e40a8a4329cdef20721434615139e6b2dc95f180fe2e64a67038331f22,dev,136,118,119,7015,411502cab64bba7d03ec0a9e839938b0676cf6dc2ee2be54b0c4d7d4eb5c75ec,411502cab64bba7d03ec0a9e839938b0676cf6dc2ee2be54b0c4d7d4eb5c75ec,411502cab64bba7d03ec0a9e839938b0676cf6dc2ee2be54b0c4d7d4eb5c75ec,1,0.0
87f8c0fd0b06dd3ec294b9dd1326d4154e4e63e85e0d9c6abca67da45ad29605,dev,124,107,108,65930,18944dd22779f97e5e9fe482928f50799e694250e86730c42cc6204f998f182a,18944dd22779f97e5e9fe482928f50799e694250e86730c42cc6204f998f182a,18944dd22779f97e5e9fe482928f50799e694250e86730c42cc6204f998f182a,1,0.0
5da4110576e81a798a7c9eb3d4e2c0637adfdb17a24836f5997ee49a554c1edd,dev,127,107,108,36082,a483f1c32eacdf5bb1f5369246e78f7a3eab5ce7bb5cf3d59c697b9e5b2c1552,a483f1c32eacdf5bb1f5369246e78f7a3eab5ce7bb5cf3d59c697b9e5b2c1552,a483f1c32eacdf5bb1f5369246e78f7a3eab5ce7bb5cf3d59c697b9e5b2c1552,1,0.0
6255ffb540c8565db9b69a1e2e888c6be68f9efe8cfe9d8374f3e350a40ab457,dev,129,109,110,32869,8bc1d7de8a285e0fcc9b3d143db0fcbf4a8ed1ed6d1be67d0c3171a8b317232a,8bc1d7de8a285e0fcc9b3d143db0fcbf4a8ed1ed6d1be67d0c3171a8b317232a,8bc1d7de8a285e0fcc9b3d143db0fcbf4a8ed1ed6d1be67d0c3171a8b317232a,1,0.0
fb5af5f7dd217463205da05462b43b882bc5694f0971c8bf093ea12e349625a6,dev,119,101,102,3341,19c0c629912d7dc2eb088baa36c438c0636e82ac1b2e751019b359c58ab2c7fa,19c0c629912d7dc2eb088baa36c438c0636e82ac1b2e751019b359c58ab2c7fa,19c0c629912d7dc2eb088baa36c438c0636e82ac1b2e751019b359c58ab2c7fa,1,0.0
bb16e19b3e8abd378a0f469eb8c62aade0d44c020067925db7aa302329933e1f,dev,118,100,101,6010,1062e478b791d94ed28efcaba610dc19c415c792cd8e6a7d98c28511d3cd0ced,1062e478b791d94ed28efcaba610dc19c415c792cd8e6a7d98c28511d3cd0ced,1062e478b791d94ed28efcaba610dc19c415c792cd8e6a7d98c28511d3cd0ced,1,0.0
d35369d23dcfca940802e819edbb63fe588d8bcdb32d728cabfe82a68292ab6a,dev,122,105,106,2326,c3fb10b111b016a68b75e95869dc1d70dd590feeffc265f295e94efbdb2d5b9d,c3fb10b111b016a68b75e95869dc1d70dd590feeffc265f295e94efbdb2d5b9d,c3fb10b111b016a68b75e95869dc1d70dd590feeffc265f295e94efbdb2d5b9d,1,0.0
1beb2aa5b13171309874a37d5260ebb4e081a26981486965e2d55ecbd0e23e72,dev,122,105,106,22351,4ec6377e5c3482f2d2b9a273ca7b9f9c40621f5b9857ccf66c3d5cf132174b1f,4ec6377e5c3482f2d2b9a273ca7b9f9c40621f5b9857ccf66c3d5cf132174b1f,4ec6377e5c3482f2d2b9a273ca7b9f9c40621f5b9857ccf66c3d5cf132174b1f,1,0.0
ec9503c6deb0e6d6538ee9b707aa7fc898aef19d75519ddf35fe549597da80a1,dev,123,103,104,61464,198bc1f6bed44e3ae0c08e7b16bf3a63574a367832e6e929e8947c123c5142a2,198bc1f6bed44e3ae0c08e7b16bf3a63574a367832e6e929e8947c123c5142a2,198bc1f6bed44e3ae0c08e7b16bf3a63574a367832e6e929e8947c123c5142a2,1,0.0
50e89b0ddd95fe081a170155268d88b5637809604696c7a6f1e8c642f2b54c5a,dev,116,99,100,9387,176da28223b63cdfccb3ed027f6f638497faeaa99159596a49c1d8f57ea0b173,176da28223b63cdfccb3ed027f6f638497faeaa99159596a49c1d8f57ea0b173,176da28223b63cdfccb3ed027f6f638497faeaa99159596a49c1d8f57ea0b173,1,0.0
f2a0372b48ecb146721a5a97015730fd57d998767bee00a9570618d5b4a15334,dev,127,109,110,288,3feb48f854a8fdd4e4081279f96e57e359ed7c7bd7dd257c884e7e7051d4e818,3feb48f854a8fdd4e4081279f96e57e359ed7c7bd7dd257c884e7e7051d4e818,3feb48f854a8fdd4e4081279f96e57e359ed7c7bd7dd257c884e7e7051d4e818,1,0.0
d7bf00bba92da939b45008d97af6b4c84e6278724e013e42d7b4e27c38110458,dev,122,104,105,93755,7f330c83a53390a1393d080261f8784fe3d5a087a25e6ba65fb2b7209a80192c,7f330c83a53390a1393d080261f8784fe3d5a087a25e6ba65fb2b7209a80192c,7f330c83a53390a1393d080261f8784fe3d5a087a25e6ba65fb2b7209a80192c,1,0.0
20ca76d8e4f85568513476a52df419d075d3dd5fc5ccecf57f95ac7dd8fc87e6,dev,115,98,99,47502,80768f2bf554a58119acde318ac85a4ab171be55b6edf9269ed5705d7b5e7e8d,80768f2bf554a58119acde318ac85a4ab171be55b6edf9269ed5705d7b5e7e8d,80768f2bf554a58119acde318ac85a4ab171be55b6edf9269ed5705d7b5e7e8d,1,0.0
6ddeecbc02f2ffe9006070f939bce5fa8999d16a0e6c024b39163206e364e10f,dev,126,108,109,1965,2a026805c5bd8049a96c1808dc257d009aedc519159fbde6574fe70f0a8916fc,2a026805c5bd8049a96c1808dc257d009aedc519159fbde6574fe70f0a8916fc,2a026805c5bd8049a96c1808dc257d009aedc519159fbde6574fe70f0a8916fc,1,0.0
d31bdff62a5431cefbafc1ddcca80f33a7b9e4e9d9f4bde3097e57f2a64305ba,dev,119,102,103,33584,133b4997acde96a10d9bfddfebd7ea3ce9f1a76b2fe7aff04f728ec8c9aa69b5,133b4997acde96a10d9bfddfebd7ea3ce9f1a76b2fe7aff04f728ec8c9aa69b5,133b4997acde96a10d9bfddfebd7ea3ce9f1a76b2fe7aff04f728ec8c9aa69b5,1,0.0
3832009ffefb8053acc8f41b409ffc903ba02cb06ee1f396131afe3a64f7f714,dev,120,102,103,4802,13d6244c2fe5e6c04214d77d03fa416b8cba2b05597a6c2b983fa6427170aaa8,13d6244c2fe5e6c04214d77d03fa416b8cba2b05597a6c2b983fa6427170aaa8,13d6244c2fe5e6c04214d77d03fa416b8cba2b05597a6c2b983fa6427170aaa8,1,0.0
2f4703494c2a9ce69c4a05d3a0f85a95e69e0b7a1564dc0cfba14f55769487d6,dev,119,101,102,80373,7e8fef0764528d9f5fb97d7c2c406f8eeae534d6c11dc7f875b8d6a687221510,7e8fef0764528d9f5fb97d7c2c406f8eeae534d6c11dc7f875b8d6a687221510,7e8fef0764528d9f5fb97d7c2c406f8eeae534d6c11dc7f875b8d6a687221510,1,0.0
6ce15494c22ddb7450de80c33b37e57d1f5c7c2c4f3608b8e11053de0e9d44f3,dev,132,115,116,38576,bec94596e5d0bba167f4b114fd168e3a0e5c6931cb472f481006814bcdbcc7aa,bec94596e5d0bba167f4b114fd168e3a0e5c6931cb472f481006814bcdbcc7aa,bec94596e5d0bba167f4b114fd168e3a0e5c6931cb472f481006814bcdbcc7aa,1,0.0
d716b45450cc92f0207e397647f2e955120b268a9c3a06f632f6beb374da68a3,dev,131,114,115,56578,e2be1353a6a2296febf9b8b590e473e166235b993370df5cb694ee91d5a3b3bc,e2be1353a6a2296febf9b8b590e473e166235b993370df5cb694ee91d5a3b3bc,e2be1353a6a2296febf9b8b590e473e166235b993370df5cb694ee91d5a3b3bc,1,0.0
f524e071bcf08ff1baad251f50a7a97999375742cfa6dd57e94b8aa3a1ceaa04,dev,117,100,101,6437,f78d8263ac0df69ac35e617d7983912667e2ec1cb045c9e7967a8056ae46c314,f78d8263ac0df69ac35e617d7983912667e2ec1cb045c9e7967a8056ae46c314,f78d8263ac0df69ac35e617d7983912667e2ec1cb045c9e7967a8056ae46c314,1,0.0
2b8a5200282c3f8748e7a842c78898590dde7c3432e54daf87ca95ce25b4c54e,dev,116,97,98,14406,d15aad5f0a1ef7da911b7cf9022bf516d10f73f739baab8d5be992879260d624,d15aad5f0a1ef7da911b7cf9022bf516d10f73f739baab8d5be992879260d624,d15aad5f0a1ef7da911b7cf9022bf516d10f73f739baab8d5be992879260d624,1,0.0
4271cfe8b61a8a3393e85c06aa38d43ea9b075538d57c363e9ce3260328b75b4,dev,118,98,99,2142,8c94665c7a060c3db4c42c9fa633cef590ad1be877a32f37a13f2c03be8cc743,8c94665c7a060c3db4c42c9fa633cef590ad1be877a32f37a13f2c03be8cc743,8c94665c7a060c3db4c42c9fa633cef590ad1be877a32f37a13f2c03be8cc743,1,0.0
fa86e109c063366a399a71e8f1b5d56e1cd7ca60dcb9782a5c568d18bc8838d8,dev,121,104,105,8109,6c577f36ab9673a4ba3a20ca1fd61114a8e97282b8bdd0e0467995774e0bc054,6c577f36ab9673a4ba3a20ca1fd61114a8e97282b8bdd0e0467995774e0bc054,6c577f36ab9673a4ba3a20ca1fd61114a8e97282b8bdd0e0467995774e0bc054,1,0.0
7ca502c87aaf48633f254cf4f029007113e462645d89eb77dc5336148736535b,dev,130,112,113,38546,03449732a3b0152aa9f2d3a6adf045e875d2a175f7c04f96a894654f03cfa407,03449732a3b0152aa9f2d3a6adf045e875d2a175f7c04f96a894654f03cfa407,03449732a3b0152aa9f2d3a6adf045e875d2a175f7c04f96a894654f03cfa407,1,0.0
f1db4d3c9b7d73d26d303534a6845276c17c7181324656367b0f21f9cb9a7bc9,dev,132,114,115,6513,e351babd6a95b5182f2f3bd166d2995a7ee9a2b904e1bbb993d989b5d0b9d6d3,e351babd6a95b5182f2f3bd166d2995a7ee9a2b904e1bbb993d989b5d0b9d6d3,e351babd6a95b5182f2f3bd166d2995a7ee9a2b904e1bbb993d989b5d0b9d6d3,1,0.0
