source_group_id,question,T0_SS_correct,T1_SS_correct,T2_SS_correct,T0_SS_d_raw,T1_SS_d_raw,T2_SS_d_raw
05677026bd7ad785bb85a02f4258464dc4476b9c08d7f52ac641e994b9b13c2a,What is the creation of a new species called?,False,False,False,-14.1250,-17.8516,-16.4639
06efe48e5f13ce79575b3df69ff31f1debe36fda0879f1ee34b6bf34d82a7e75,What kind of muscle cells have a single nucleus and are spindle-shaped?,False,False,False,-17.1309,-16.7666,-15.5156
0a10ac3133a9f765768b242af148337eaa1355bf976f5ec1b1904d0d49b74d69,The radioactive gas radon and uv radiation are culprits in different types of wh,False,False,False,-3.0000,-2.8125,-6.5625
0e5e53a12a3532a8b292e0da9c32e962c792c48de4cf14ea151217f38da9e546,Purple loosestrife is a european wildflower that was introduced to which contine,False,False,False,-14.2188,-16.2344,-14.4219
0e6720dd58fc316e965e53fb88c5ce64e44eec09e9871c0869bdb0d5aac8fb45,Which element has the highest electronegativity value?,False,False,False,-16.3398,-16.7871,-14.5000
10c688835407c6795fb879cb2535d55f0927bb85029e051e3aa4de6c67c47398,"What planet, covered by a thick layer of clouds, looks smooth and featureless th",False,False,False,-11.0000,-13.2188,-9.5312
10d1ca49154e403b4cc726dc01e324f7682258a89f9d3e5dfcb79cf6f7ae6c5c,"Exotic species, also known as invasive or non-native species often cause _______",False,False,False,-15.4375,-18.3672,-15.5156
121e26ee9b46cb89d2b26ca75281dd4a9e3fc03bacd4c01f7791bd5ede17b716,Which law predicts increasing entropy based on living systems?,False,False,False,-10.9375,-10.0000,-11.4375
13fcd9e40a8a4329cdef20721434615139e6b2dc95f180fe2e64a67038331f22,"When you burn wood into ash or burn a marshmallow to become brown and crispy, it",False,False,False,-13.0312,-15.1797,-16.0781
199078912aef9601d43fbb41eeeb0ec45ab7f752eb6378b83eae3b082379161c,A pigment within plant cells which absorbs light is called?,False,False,False,-18.0469,-18.8125,-17.8281
1a07b80e58d0120531bcefee7ba132e3bd77bef834bc592741b579d8a1952ad2,What is the largest known animal?,False,False,False,-11.8125,-15.6426,-14.6719
1a2ede8310b68c121c2eebd7ad1c6b47b21796df96ea64159dbc9e76f1ae27ba,What is the process by which the nucleus of a eukaryotic cell divides?,False,False,False,-9.3750,-12.4688,-10.3438
1b113718103da2934eb80b31e07a36abff54f00e7334be16390372856a3b6d5c,What do most of the noble gas elements have in common?,False,False,False,-15.1113,-16.0527,-14.1172
1b534c132ccabe1a0e4a1e184b5e57df190c3eef651eeb6d0cce1944eb689ffd,"Distinguished by the great red spot, what planet has an upper atmosphere contain",False,False,False,-15.1250,-14.0938,-14.1250
1be6fa12bbdbfbd851812045dffe0981b2fdc90feaecff40cbe7d533433160fb,Research that focuses on understanding basic properties and processes without co,False,False,False,-16.4316,-18.5938,-16.6445
1c35548b29d8511a72048aa2f5760aa0375a344a23b694ddc903a3c3b9d10eb8,What makes the sun glow brightly?,False,False,False,-6.1250,-11.4375,-10.2812
1e775ec427e192a7277498b2b5f22a189e2fd5e4a7ebe9a5d7ceb04d0edb4bea,What makes nobel gases unreactive?,False,False,False,-15.0938,-17.0156,-16.4395
20ca76d8e4f85568513476a52df419d075d3dd5fc5ccecf57f95ac7dd8fc87e6,Epithelial cells are found in what body organ?,False,False,False,-15.3906,-15.2344,-11.9375
21b042f63c92b50654186c8fe4187eace9b61ae49c15626476e5b27ce23675bb,"Protozoa that cause malaria are spread by a vector, entering the blood through t",False,False,False,-16.0352,-17.3906,-16.3828
21e85b4efb563c2c7d719cd82eed25f1248ca7f7c8365f703644ce3dc4ad3f31,Bacteria and archaea that survive under extreme conditions are called?,False,False,False,-10.0938,-12.2500,-10.3750
230f4886e25e9c27f1c5aeb6202ef50688d4072ec21a5516491ea31cdf4274d7,Amorphous selenium is a photosensitive what?,False,False,False,-11.6250,-13.4219,-11.7812
23b2da192ff61c4753bc05910769816eed0a3667db2a4b773622bce58081ef84,What is the mode of breathing that occurs at rest and does not require the cogni,False,False,False,-13.1875,-16.0781,-15.6953
24b91442961df4239a123354c44e53dab4a44f7cff6e66fec314c22e1b1540ea,What are the outer planets of the solar system made of?,False,False,False,-9.0000,-10.0938,-7.0625
2a20d544ff618b9501d9400c452e6e02e2e866fa2d6a08fb345c2ffb4f633edb,What is the three-dimensional structure of a single polypeptide called?,False,False,False,-19.0000,-19.1719,-16.4805
2b8a5200282c3f8748e7a842c78898590dde7c3432e54daf87ca95ce25b4c54e,What phase is pure chlorine present as?,False,False,False,-9.6250,-12.3438,-8.6875
2f4703494c2a9ce69c4a05d3a0f85a95e69e0b7a1564dc0cfba14f55769487d6,What is the term for the interaction of waves with other waves?,False,False,False,-17.7539,-17.7773,-17.1172
31bc2caab699df9cd3f29bcee3a64a7be3446b3056011e8d837007ac97aec033,Regular checkups with what type of specialist can detect skin cancers early?,False,False,False,-13.4531,-16.1953,-14.6562
32433ec8d7c816d84564c39977c687496178d90300834bb1c8fb5dbe8c496afd,Cardiac muscle normally has what kind of oxygen-using metabolism?,False,False,False,-11.1250,-15.7969,-8.3125
329dd7e54066ef13a3da213f7f3b6cff598c5899634f90f2aa842bf03bdfe22b,A homogeneous mixture composed of two or more substances is called a what?,False,False,False,-18.6250,-19.0781,-17.1953
32a5842122bca8ce29d1bd38d6bee5bd0cd4ff77f6e85b6df20e866683e9e9d8,Periodic refers to something that does what?,False,False,False,-15.6016,-15.8145,-16.7451
335059d400355094616bc325ef0848eda0060b94b91bf17aa229387a74b6c2fe,"The embryo sac consists of only a few cells, one of which is the what?",False,False,False,-16.1680,-15.2031,-14.3906
37fd7343def15a982f55039a6fd91953c9aec931123a52d0f01f0e4298e0f327,"In myasthenia gravis, antibodies bind to and block certain receptors on muscle c",False,False,False,-17.1211,-13.9062,-11.5625
3975f704337b080024800027d2e29bc96ed1f384966e94429dc7897299354c6c,What type of diseases are diseases that are caused by choices that people make i,False,False,False,-15.7578,-18.4141,-17.0781
3d03e1bbfc46d35670f0c6fca59977c81f4a8cdc88a6bca7a3d60ab8063a471e,Pure substances have a constant composition and can only be changed by what?,False,False,False,-7.2500,-11.0938,-7.3750
3d63d7febc2e16bbd6a1ae6283266aae607bf41661d0ebe4b433e6bbf8b36422,"Color blindness, hemophilia and muscular dystrophy are three x-linked what?",False,False,False,-14.3594,-15.3750,-14.1562
3dd056aadf1ba84092fcc9b21ef87dd26564c3486de97f4306b599e30773fdc6,Unsaturated hydrocarbons with at least one triple bond are known as?,False,False,False,-16.6211,-16.4727,-16.1641
3eb632ea98f9fce2b2a44308e6ff72c9c6ae3b443f9d0183474b60876eccb773,What forms when one substance dissolves into another?,False,False,False,-7.6875,-12.2188,-7.6250
3f4368f134d45f2838ffaafce8c9a314e61a3bcb5d4e22c3fd0f72b73d01aa8a,What can have complex effects on soil nutrient concentrations?,False,False,False,-3.0000,-7.6875,-11.0938
406903d1cda4ad5f13b43d25e0af38e781a94521fedb3f39765befa05ecf9299,Earthquakes occur most often at which natural feature?,False,False,False,-17.9238,-17.5879,-15.0000
41488a0975678237b0b358441e37e50020b7824ca58dc2ad8b6b05dbf1dce1e4,"What phylum includes sponges, which are aquatic invertebrates?",False,False,False,-18.4844,-19.3125,-16.2422
41972e19b17353b471daa83ca263985b90734a684c6cf04de158ceba557bba20,What is the remarkable ring of light around the sun called?,False,False,False,-13.2812,-14.6484,-11.4375
41bd5c2285dcb3536e999fcd7e2cde21de5cfa8bb2e9842810c6ae8f29e05588,Many replication forks develop along a what?,False,False,False,-1.8750,-3.2500,-8.3125
41f4f125f31ef8e2c24b2b54d17e9ec1332933a5182bb658df2b71e74210f07a,What kind of feeders are sponges?,False,False,False,-7.8125,-9.2500,-11.4688
425597e7c6465516510ec8386f5266b416983270bf2da29be80104b652ec25af,Electric motors transform electrical energy into what other form of energy?,False,False,False,-18.1250,-17.3398,-15.7422
4271cfe8b61a8a3393e85c06aa38d43ea9b075538d57c363e9ce3260328b75b4,Fungi that reproduce sexually create what?,False,False,False,-9.5000,-13.5000,-10.7812
439ffe75992797ee13316de00c9d6aa9971cb83d549d64af220f741dded7b4d2,"What are an important predators of mosquitoes, that can be used to control this ",False,False,False,-12.8125,-14.9219,-14.8438
47ccd792c57b9a4d617bbe4826f0c86753850106491369e516ebbb767746ddec,What law states that matter cannot be created or destroyed even when it changes?,False,False,False,-17.4551,-17.4141,-16.8594
4ac100f8d53d9f95785c499a24bff4d96fdeced0966b21ee7403971c9268cd5a,Ionic bonds are formed between which ions?,False,False,False,-13.5312,-13.9375,-13.0000
4c22a7020fcc075f9f948b5b4c877ceab447932756009ccd5e0296cb1c4146fd,What are atoms of the same element but with different numbers of neutrons called,False,False,False,-9.6250,-11.5625,-7.1875
50e89b0ddd95fe081a170155268d88b5637809604696c7a6f1e8c642f2b54c5a,Nitrogen & sulfur oxide combine with rain to form what?,False,False,False,-11.6562,-13.0312,-10.6875
510f55edebf39d8098e25f20bf735eb0ce82fee4ce7abf755d8d378d0ae4f9c5,What's the name for an organic compound in which halogen atoms are substituted f,False,False,False,-14.4844,-14.3906,-14.9219
52aba3c550dabe11b7e047ff5a4addc223e7b2d24ee14924ca69cfc2dae3b724,"Melting glaciers, rising temperatures and droughts are all impacts of what?",False,False,False,-13.3281,-12.8750,-13.6875
53a9a275a436d8bd4aa6f496fd454816a1ff515b21770e062f15a0df2cb4322d,"The classes anthozoa, scyphozoa, cubozoa, and hydrozoa make up what phylum?",False,False,False,-8.4375,-7.0625,-7.3125
55bfeb38bb86d674bb85783339e06d4ca643b0f5c853ac48be50f1c5d7d61737,"What do we call the phase of nuclear division, in which one nucleus divides and ",False,False,False,-19.2656,-19.2969,-19.1406
56b5b5d57e2db717fd38c32b39134d4a952db244beb8ba70c8bb0c9abcfbff87,Bases turn red litmus paper which color?,False,False,False,-16.5078,-18.3906,-15.9180
59b21d2adbc8aeb7d1272b57f94d07d961cf8112476bac3dc3965706527a80b5,Mammalian sex determination is determined genetically by the presence of chromos,False,False,False,-10.7500,-11.7188,-6.3750
5aebcd3347946c824254e282941f2290d2f5558c9ff4d18b116fe12bc6432466,What is the term for the distance between any two corresponding points on adjace,False,False,False,-17.0625,-16.4746,-16.3193
5af325bc6e29771297a7d9b3b33082db45f759378a47f70408b80e536f8173a8,The seven bones of the ankle are called the what?,False,False,False,-17.4336,-16.5508,-15.6406
5ffe4a411d668a603219b8508d8727ca5e0d1c9c7ec961398c4324e421f50265,What is a type of plant tissue consisting of undifferentiated cells that can con,False,False,False,-18.0977,-18.2578,-18.1875
615e53d88676086fc33a4ec1643b3b9372f1df9941c8919af9533b858c168cb5,A long strip of sand is referred to as what?,False,False,False,-18.8438,-19.5469,-16.8516
61f61c49fa8e53da2fd368165bddd59e5ef621a2b37a36c79954c8346723602e,"The outer ear, or ear canal, carries sound to the recessed protected what?",False,False,False,-12.7500,-12.4062,-13.7500
6215cf61f682532748483804f0bec679f57e2deeb2019bd3c4e390f10a27f94f,Electronegativities are used to determine the polarity of covalent bonds. the po,False,False,False,-16.0312,-15.7656,-12.3438
6b6dae961d88a80107784712b74ddf87ea5065d3083b52d379ae2ec75cebb215,Which type of carbohydrate is glucose?,False,False,False,-15.4688,-15.5469,-14.4531
6bc77d7264217b8bfb37ed46f9fc8f6f03293dbe9224c882328d052099453476,What is an area in a body of water where nothing grows because there is too litt,False,False,False,-17.8672,-18.8750,-17.9453
6bc87279df1f0b1ff747915a2abedad7fcd660bf27fceefe7b6b4be661911960,Fungi are now classified as their own kingdom. what kingdom were they previously,False,False,False,-15.3438,-16.1172,-15.4531
6ce15494c22ddb7450de80c33b37e57d1f5c7c2c4f3608b8e11053de0e9d44f3,What term is used to descibe the movement of molecules from an area of high conc,False,False,False,-18.6406,-17.8359,-17.3203
6dd3c98e72585bcf228341dc2750f03d27c670e98803ecd3ede73796a9feeaf1,How do roots and stems grow?,False,False,False,-17.5293,-17.2969,-16.0469
6ddeecbc02f2ffe9006070f939bce5fa8999d16a0e6c024b39163206e364e10f,Ultraviolet light has higher frequencies and shorter wavelengths than visible li,False,False,False,-18.3438,-18.9141,-17.1306
6f17b25ae06b263b38dc906ddf0ee72e91d2235171291091a43585a1c55263a4,Caffeine and alcohol are two examples of what type of drug?,False,False,False,-13.5000,-17.0508,-14.9375
6f20891d4fbbf36a868ef4d6543496c6ca675d18fb0c79eeb2f864c4a2a65d1a,"What is the horizontal distance between two waves, measured at a common point (c",False,False,False,-19.7812,-18.7109,-18.2812
6fe3e27510c2d45cf3bc5f48a43f3f9b0f5bcfd61b08a8167b199bd40fc56c11,"Part of the fossil record, stromatolites belong to what rock group and are forme",False,False,False,-16.4258,-16.7227,-17.7969
6ffbd9b9795989778a37dfc5868aeb0b9078a0370e24e5ca96e692ad3a9dbb0a,"A phospholipid bilayer is made up of two layers of phospholipids, in which hydro",False,False,False,-16.9219,-14.9688,-16.9336
76da1b679586705525ee875bdc8b0d1767d6ed57efa3f21fdafab78c35f4a084,"What results when volcanic ash encircles the globe, blocking the sun and lowerin",False,False,False,-14.7969,-17.4922,-16.4316
788927faccfd32ff6d16678442de476ecad200eae740119b74261dc3094829fb,What is the process in which a substance naturally moves from an area of higher ,False,False,True,-5.0000,-10.3438,4.3125
788c34ef73e5ccaf4376fc748a0275e60532beed1cab5c8e3bcc7dd363c8537c,"Sponges are part of what phylum, which gets its name from the latin for ""having ",False,False,False,-16.8906,-17.6135,-16.5430
7ac34260dc94d314d3558af30a19c45350584a3259272e494b7b690422dd661f,Acids are classified based on their what?,False,False,False,-8.3750,-13.2812,-12.5000
7ca502c87aaf48633f254cf4f029007113e462645d89eb77dc5336148736535b,Claw hammers and pulleys are examples of simple machines that do what to the dir,False,False,False,-18.1094,-18.7500,-17.2891
7d17895daf33aa644e6b588c7e429b6bfd5bc962e94b358e347c3f915384da54,What part of the plant absorbs water?,False,False,False,-11.0938,-16.8789,-11.8125
7e32fa7cf5ca42d16222f5523f4bea95acd53df81ba18e3de93b4e23833406dd,"Protists play critically important ecological roles as producers and, on the oth",False,False,False,-15.8359,-15.2344,-14.9219
801ea8780af5ab0b2c3cc77a3f4ac2b6c0bcddac3942f28db77284b3fab8c8b0,What is the protein in red blood cells that transports oxygen in the bloodstream,False,False,False,-17.5156,-18.0000,-17.7188
84ab9cc3d020ac95fe7fca05196e2a35dc0cf1eecf0da504facb46e1881eeb39,Photosynthesis takes the energy of sunlight and combines water and carbon dioxid,False,False,False,-15.0938,-14.6875,-16.9727
84b4aabec1529e21986e9e63913501fc41337699a474a00cf5b119c9a021868e,"Although quite different, beryllium, magnesium, calcium, strontium, barium, and ",False,False,False,-17.1719,-15.8994,-16.7969
86297af299924f76b8956048c63fa84a663c50aca292898344ed31a1cb48fd71,"Vertebrates - including fish, amphibians, reptiles, birds, and mammals - belong ",False,False,False,-16.4062,-17.9805,-16.7578
86919f6991beb95325ed45558f32834d3d57e83085e8390b259364160ef24e81,Cells may enter a period of rest known as what?,False,False,False,-17.9062,-19.1719,-17.3281
87f8c0fd0b06dd3ec294b9dd1326d4154e4e63e85e0d9c6abca67da45ad29605,"What are the substances that the body needs for energy, building materials, and ",False,False,False,-16.1250,-17.3906,-17.0625
89e01c538ebbb197fda81d378cfb9526161fa6370e6b72b1af232bc48d51f4a2,"Each hemisphere of the cerebrum consists of four parts, called what?",False,False,False,-14.7812,-16.3984,-12.7188
8a997b3cc2c043287907667bd7d69ee45a4c50724967de92fba36f9e4a8076d4,"What are arteries, veins, and capillaries examples of?",False,False,False,-12.5000,-12.8750,-13.1250
8c4e292978fa72f89377d47c958fcb532d76bf1fc00a70f9d4e1966f067c29d5,Glucose that remains in the filtrate of what organ is excreted?,False,False,False,-11.8125,-12.9062,-11.7188
8e63f950b177c6f1acee25e35005d2a081fbdc51abe07d934642ad1e7b23256b,What do we call the microflora that aid in the digestion process?,False,False,False,-18.0430,-17.3730,-17.1475
8fce14c379feba472876fb2aa26bac14c2f1373c3764020af2347decdd813f21,What pigment do slow fibers contain?,False,False,False,-13.8594,-15.0781,-13.7656
9015a63195c2e27cd74439ad9d40649115256058f8218ba88e280ff140087102,What is the volume of air inhaled and exhaled with each breath called?,False,False,False,-16.3906,-18.9141,-16.3984
9272c3b8d12a64ff6030063a0a5ddeb2ebac32976a533c022723bb2a8743d4d2,What happens to a cell's efficiency as it grows in size?,False,False,False,-10.6562,-14.1562,-13.9219
955271f457a865b6538de58e05ec976217c17a96cc31ccb2c72e86fe77e6cce0,What force makes objects seem lighter in water?,False,False,False,-15.9980,-16.3174,-14.2188
9605a6042a7f9978526d1a45d4d230805e7843b08bcf7d058bbf8d93fcdc7147,"A wheel with a rope wrapped around it, hanging over a building, is an example of",False,False,False,-17.1523,-18.8125,-16.8828
991e13498e76b0fa28ad7f9a37a2033c1dcd871ee5f9c8a0a038797010bc4e6f,Which scale measures acids and bases and has 7 as a neutral value?,False,False,False,-11.8438,-15.5781,-15.3594
9a48b8a8d35c10c9696fa88651a5e839600948a47294a46721caa270613cc5cd,Relative humidity is related to the partial pressure of what in the air?,False,False,False,-5.3125,-9.2188,-7.7500
9a95b89b7aed4069296c76ff091de2e4b363583c73a648a5c37edbc80ebe97ee,"What kind of model - which includes producers, consumers and decomposers - shows",False,False,False,-19.0625,-17.8906,-17.9922
9fac6c285cc8c76a315fdb0ebc87d9b13258b066e1a43bf98a0b3f0c4041ec93,What property of materials describes the ease in which they can be molded into t,False,False,False,-14.7500,-16.8320,-15.9297
9fb3ba35b4c9be26de8fe444e1d8057bdc8018f5a3c044b453d270a222474319,What type of tissue makes up the brain and the nerves that connect the brain to ,False,False,False,-16.7402,-18.4062,-17.3242
a2c1a94c57d112205546cf50db6313a864cb117283441b2d9ceba73cdfdb5d4c,Body movements help circulate the hemolymph by periodically squeezing what?,False,False,False,-0.7500,-5.3750,-4.6875
a3a450f9313ceaddb2009d36def5be6496af9497d6dacd33873b70792a7047d7,"Instead of insects, crustaceans are the dominant arthropods in what environment?",False,False,False,-12.9062,-14.3750,-13.5938
a4ae82dae765d416ea2a087fedfefe60d89e5f7da5262c2d1d12fc40956fc27b,Intraspecific competition occurs between members of the same what?,False,False,False,-14.6172,-15.0586,-14.6992
a6f1302baac87b0fda4e2648522e2317160e4b5cb7be118bd813d61557cdc3a8,Which glands produce milk after the birth of offspring?,False,False,False,-15.5703,-15.9766,-15.7422
a928a83babef545b9d62a4e50b0120478ba9b641722f710f84539cbcab78933e,What is the main way that wind causes erosion?,False,False,False,-17.1445,-16.0859,-16.1445
ad1614a31df5db29c425dece10e5666125bf46471cacda20678e408c7751b55b,What occurs whenever an unbalanced force acts on an object?,False,False,False,-11.2812,-13.0625,-11.2500
aee813e27e89661fc9afd1439ece3bb24fca269c35c599cc759ff24ddab57bef,What is performed to identify disease-causing genes?,False,False,False,-12.5312,-12.9062,-12.4062
b10e5786ee75f4f3ceb61466f5ae6502ae2ed584a3774015c01efaaac098caeb,Genetic variation produced in sexual life cycles contributes to what process?,False,False,False,-13.3594,-15.7812,-16.8242
bc9443215df6e659661924bfd50a16aacd685a79178c8e261d1879090e174438,What do we call the study of life and living things?,False,False,False,-11.5000,-12.0625,-10.6562
c0a4432df2163f61270b31abc1cd02b4d758686d3080aac555dab98e4f269c2a,Plants take in carbon dioxide and give off what?,False,False,False,-18.1406,-19.0000,-15.2422
c491b430b29ef0c7341dc243289a6432e66d64339e24cb28b235957ddf51ea73,Why does the moon evolve around the earth rather than the sun?,False,False,False,-12.0312,-12.4375,-10.0625
c8ded625a3e1509e8f29407e3829f984e30c7a027c73183e023546d735e6a8b0,What is the cartilaginous structure that extends from the pharynx to the primary,False,False,False,-19.2188,-18.0234,-16.4551
c91329e2685632636eaaab9e0a16a9e716884030ecd7ec704d19ad29fe870db6,Prokaryotic cells lack what key structure and other membrane-bound organelles?,False,False,False,-15.5195,-17.8281,-12.3281
cac0fa7214cbe64d0ab89e006dbeb1ae517eefeda15cb3aa8bcd8b699fbf7f54,The largest phylum of the animal kingdom is what?,False,False,False,-17.3984,-17.3906,-17.1406
cc50a44f4933ce813b8cb212ba62698d3ce88e09c0bbc97b3982ded33080a34b,What kind of symmetry do most adult echinoderms possess?,False,False,False,-15.2812,-17.5947,-12.5000
cdb209dfdd30b70226f07ea3b2a1d66934b12cde4d1418a7e0eb8415102cefbf,Oxygen and glucose are both reactants in the process of,False,False,False,-8.5000,-11.2500,-10.0625
cea8b197e0ac37ba00febf6c4e1bde145a44edf5947f2bfb92cd7b0acb1457db,Each female of a particular species can produce millions of these per year?,False,False,False,-11.8125,-13.7031,-13.1250
d0d48352cdbd19507f0a552246d2a2168bc1dfc2e3863af994305ead2aae7dd3,"Two plates may slide past each other in opposite directions, this is called what",False,False,False,-16.6875,-17.3516,-16.1172
d0dedac3786f3c50237add4d7bfb2121d310f476830a81ea6feb08305f5cf3e2,"The insect reaches full size, acquires wings, and becomes sexually mature after ",False,False,False,-17.7305,-19.4922,-16.5078
d31bdff62a5431cefbafc1ddcca80f33a7b9e4e9d9f4bde3097e57f2a64305ba,What is the name of matter that mechanical wave energy can only travel through?,False,False,False,-11.7812,-14.1250,-7.5625
d35de5394da8e8af12e0fa779b01cf8497c1cc6f87f64264f948bc187b357d73,What is the pattern of spacing among individuals within the boundaries of the po,False,False,False,-10.5625,-15.4531,-16.6367
d3f802c5c147cd1fb842715b1ad21f6f8e9faa2d9d00ce60d1fce94c4304ff1e,What are the most abundant source of energy found in most foods?,False,False,False,-9.6875,-11.4375,-12.4375
d4241ccb0b12c49180c5b46a1c5f7c5fe602cec9b4deb75282437541050b5fcb,What do you call the angle at which waves strike a wall?,False,False,False,-12.8125,-11.0625,-11.0000
d716b45450cc92f0207e397647f2e955120b268a9c3a06f632f6beb374da68a3,Excess dietary fat is stored as triglycerides in the body. what type of tissue i,False,False,False,-17.9531,-18.3828,-16.1641
d9c7c3a3d62120d82c1b75cbfaa8055c1c35fc78cc555030391d0f1e55c6d7cb,"In projectile motion, the horizontal displacement of an object is called its wha",False,False,False,-14.9688,-16.1758,-15.5703
db2cc1ea75160c34bce816a645a9c82d6f0612c69f4ddc628944665334960a3c,What do we use to keep track of electric potential energy?,False,False,False,-11.8750,-13.4062,-10.4375
dbc748607fd562ae9060d46dab8422056efb10dc54a5f2c8b485d3a6bc8711fe,Radioactive isotopes have the same chemical properties as stable isotopes of the,False,False,False,-12.4062,-12.4688,-15.3750
df92f58df4cc2c2dbde60b361c69ab0eb8f2334109a3b3b00348f897e9ca68f9,Ammonium nitrate and ammonium sulfate are used in fertilizers as a source of wha,False,False,False,-13.5625,-17.7842,-15.7188
e13bf18f90782e12eff5b2a82e34a23f4c3da60257463a6615bef523cd15e752,What is another term for flagella?,False,False,False,-10.3125,-13.5938,-12.1875
e4af26a75545582e1ab872948ff9db6323497b6d05be6c0051b7211af10f7fd1,"Fragmentation with subsequent regeneration is a method of what, exhibited by ani",False,False,False,-11.7500,-15.2266,-14.5156
eae655db4698b26b8506484e3d2964ae122201a1fc6e1efb5f1c16cdc3b64049,What is the name for the process of insects transforming from a young insect to ,False,False,False,-16.9258,-17.8555,-16.2949
eb6704eeee9a9abba2fc2f51151204c4a573f0e711c727c3beb28b780a34780c,Water waves act as a mix of longitudinal and what other kind of wave?,False,False,False,-10.8438,-14.0156,-12.5469
eb7109e266e4b82c5c40e57d34e79d881672c52b72920bfbadaae2073c969552,Stem cells are unspecialized cells that can reproduce themselves via cell divisi,False,False,False,-13.4062,-14.3750,-13.5312
ec40f07be49219f365f3c31b8e4fc0335a4215a20a4ad5fe8f4ba7470503754c,What term refers to a list of the elements that will replace the ones below them,False,False,False,-16.6367,-16.2344,-15.8594
eed93994a6adad820f6549e6e20cbe93f64f0060a52d3af8e31077710e1a77fe,What series of reactions is common to fermentation and cellular respiration?,False,False,False,-12.6250,-15.0938,-14.7344
ef98391de8f801b35fcec12d7b524a0be5c766b9c84d2e36603c105dbd8f7116,How much of its alleles does a plant pass on when it reproduces sexually?,False,False,False,-13.7500,-16.2812,-13.1406
ef9b265b3c0689deea4d6347e77e250fbb72b3d5b45768806264de9005b7c3e8,What part of vertebrates integrates the endocrine and nervous systems?,False,False,False,-14.8906,-15.6875,-14.9531
efdaacba8f4a5c0d58c0adb6ee32c5c86d760cdb66eda6c7f7d5f2f338b4caa5,What type of energy is the energy stored in an object due to its position?,False,False,False,-15.7236,-15.0781,-13.2188
f04c5f9198427ddb50a413ef41e9cf3d877b8ffdfa63e3349044daa372bb226c,What does k stand for on the periodic table?,False,False,False,-16.4521,-17.7227,-15.5415
f1db4d3c9b7d73d26d303534a6845276c17c7181324656367b0f21f9cb9a7bc9,"All the bones of the skull, except for the mandible, are joined to each other by",False,False,False,-18.2344,-19.1406,-17.3848
f20304d9829cd1ebda2d497ee0dd5a79bdc7f93d34b68baddcb228e99b81ebbe,What are all living things on earth formed of?,False,False,False,-10.5625,-10.4375,-12.0000
f2a0372b48ecb146721a5a97015730fd57d998767bee00a9570618d5b4a15334,What is the term for a disease in which the immune system makes an inflammatory ,False,False,False,-18.2031,-18.4375,-18.1406
f37d2a4996b7b5ce70513d5a92bdd7b0e05be64b6c08b51aa368154fcfad91c4,"Typically, what feature of an angiosperm has four main parts known as the calyx,",False,False,False,-18.8438,-19.4219,-18.4062
f6de5c13ed4fd11307e97176a4d61e5186ee5234eb6a25331341e4aa82d86287,"What organ has four major regions: the cerebrum, the diencephalon, the stem, and",False,False,False,-18.0664,-18.2422,-18.5156
f792425150ef401049f0567570e52700cf4a65c670dbc40e2987e227ad7b818c,Protein molecules are made up of chains of small molecules made up of what kinds,False,False,False,-15.4863,-16.5728,-13.4062
f8a29966fb2123d58aa5371a0d5ef847b77b0d3a3efbd0e38dc667d80aa3db54,"Rems, rads, and curies are all used to measure what?",False,False,False,-16.3555,-17.0703,-16.4414
fa86e109c063366a399a71e8f1b5d56e1cd7ca60dcb9782a5c568d18bc8838d8,What is the name of the effect that causes air masses to move on a diagonal?,False,False,False,-1.1250,-6.0000,-8.7500
fb5af5f7dd217463205da05462b43b882bc5694f0971c8bf093ea12e349625a6,What is the physical breakdown of chunks of food into smaller pieces?,False,False,False,-17.2344,-17.4414,-15.6914
fe8d6ea33b2967974ed5d5bb87deaec20c56d3847aeb51fca31b56797035a3a8,The small amount of energy input necessary for all chemical reactions to occur i,False,False,False,-13.8438,-16.3164,-13.6406
