source_group_id,cell,base_pred,hook_passive_pred,label_match,base_d_raw,hook_passive_d_raw,d_raw_abs_diff
05677026bd7ad785bb85a02f4258464dc4476b9c08d7f52ac641e994b9b13c2a,OO,A,A,True,16.453125,16.453125,0.0
05677026bd7ad785bb85a02f4258464dc4476b9c08d7f52ac641e994b9b13c2a,OS,B,B,True,-21.875,-21.875,0.0
05677026bd7ad785bb85a02f4258464dc4476b9c08d7f52ac641e994b9b13c2a,SO,B,B,True,-13.875,-13.875,0.0
05677026bd7ad785bb85a02f4258464dc4476b9c08d7f52ac641e994b9b13c2a,SS,B,B,True,-14.125,-14.125,0.0
06efe48e5f13ce79575b3df69ff31f1debe36fda0879f1ee34b6bf34d82a7e75,OO,A,A,True,16.0078125,16.0078125,0.0
06efe48e5f13ce79575b3df69ff31f1debe36fda0879f1ee34b6bf34d82a7e75,OS,B,B,True,-20.84375,-20.84375,0.0
06efe48e5f13ce79575b3df69ff31f1debe36fda0879f1ee34b6bf34d82a7e75,SO,B,B,True,-16.15234375,-16.15234375,0.0
06efe48e5f13ce79575b3df69ff31f1debe36fda0879f1ee34b6bf34d82a7e75,SS,B,B,True,-17.130859375,-17.130859375,0.0
0a10ac3133a9f765768b242af148337eaa1355bf976f5ec1b1904d0d49b74d69,OO,A,A,True,16.378219604492188,16.378219604492188,0.0
0a10ac3133a9f765768b242af148337eaa1355bf976f5ec1b1904d0d49b74d69,OS,B,B,True,-19.15625,-19.15625,0.0
0a10ac3133a9f765768b242af148337eaa1355bf976f5ec1b1904d0d49b74d69,SO,B,B,True,-4.5625,-4.5625,0.0
0a10ac3133a9f765768b242af148337eaa1355bf976f5ec1b1904d0d49b74d69,SS,B,B,True,-3.0,-3.0,0.0
0e5e53a12a3532a8b292e0da9c32e962c792c48de4cf14ea151217f38da9e546,OO,A,A,True,18.109375,18.109375,0.0
0e5e53a12a3532a8b292e0da9c32e962c792c48de4cf14ea151217f38da9e546,OS,B,B,True,-19.71875,-19.71875,0.0
0e5e53a12a3532a8b292e0da9c32e962c792c48de4cf14ea151217f38da9e546,SO,B,B,True,-17.0625,-17.0625,0.0
0e5e53a12a3532a8b292e0da9c32e962c792c48de4cf14ea151217f38da9e546,SS,B,B,True,-14.21875,-14.21875,0.0
0e6720dd58fc316e965e53fb88c5ce64e44eec09e9871c0869bdb0d5aac8fb45,OO,A,A,True,18.46875,18.46875,0.0
0e6720dd58fc316e965e53fb88c5ce64e44eec09e9871c0869bdb0d5aac8fb45,OS,B,B,True,-21.75,-21.75,0.0
0e6720dd58fc316e965e53fb88c5ce64e44eec09e9871c0869bdb0d5aac8fb45,SO,B,B,True,-13.125,-13.125,0.0
0e6720dd58fc316e965e53fb88c5ce64e44eec09e9871c0869bdb0d5aac8fb45,SS,B,B,True,-16.33984375,-16.33984375,0.0
0f7d3b6b43185a49146f9aaa61004619b4a66588a563e78ee9496ebd709b0e37,OO,A,A,True,13.765625,13.765625,0.0
0f7d3b6b43185a49146f9aaa61004619b4a66588a563e78ee9496ebd709b0e37,OS,B,B,True,-20.09375,-20.09375,0.0
0f7d3b6b43185a49146f9aaa61004619b4a66588a563e78ee9496ebd709b0e37,SO,B,B,True,-18.0,-18.0,0.0
0f7d3b6b43185a49146f9aaa61004619b4a66588a563e78ee9496ebd709b0e37,SS,A,A,True,8.0625,8.0625,0.0
10c688835407c6795fb879cb2535d55f0927bb85029e051e3aa4de6c67c47398,OO,A,A,True,16.8359375,16.8359375,0.0
10c688835407c6795fb879cb2535d55f0927bb85029e051e3aa4de6c67c47398,OS,B,B,True,-19.171875,-19.171875,0.0
10c688835407c6795fb879cb2535d55f0927bb85029e051e3aa4de6c67c47398,SO,B,B,True,-4.0625,-4.0625,0.0
10c688835407c6795fb879cb2535d55f0927bb85029e051e3aa4de6c67c47398,SS,B,B,True,-11.0,-11.0,0.0
10d1ca49154e403b4cc726dc01e324f7682258a89f9d3e5dfcb79cf6f7ae6c5c,OO,A,A,True,14.59375,14.59375,0.0
10d1ca49154e403b4cc726dc01e324f7682258a89f9d3e5dfcb79cf6f7ae6c5c,OS,B,B,True,-21.40625,-21.40625,0.0
10d1ca49154e403b4cc726dc01e324f7682258a89f9d3e5dfcb79cf6f7ae6c5c,SO,B,B,True,-18.578125,-18.578125,0.0
10d1ca49154e403b4cc726dc01e324f7682258a89f9d3e5dfcb79cf6f7ae6c5c,SS,B,B,True,-15.4375,-15.4375,0.0
121e26ee9b46cb89d2b26ca75281dd4a9e3fc03bacd4c01f7791bd5ede17b716,OO,A,A,True,13.453125,13.453125,0.0
121e26ee9b46cb89d2b26ca75281dd4a9e3fc03bacd4c01f7791bd5ede17b716,OS,B,B,True,-21.6875,-21.6875,0.0
121e26ee9b46cb89d2b26ca75281dd4a9e3fc03bacd4c01f7791bd5ede17b716,SO,B,B,True,-15.453125,-15.453125,0.0
121e26ee9b46cb89d2b26ca75281dd4a9e3fc03bacd4c01f7791bd5ede17b716,SS,B,B,True,-10.9375,-10.9375,0.0
13fcd9e40a8a4329cdef20721434615139e6b2dc95f180fe2e64a67038331f22,OO,A,A,True,18.0,18.0,0.0
13fcd9e40a8a4329cdef20721434615139e6b2dc95f180fe2e64a67038331f22,OS,B,B,True,-20.3125,-20.3125,0.0
13fcd9e40a8a4329cdef20721434615139e6b2dc95f180fe2e64a67038331f22,SO,B,B,True,-12.40625,-12.40625,0.0
13fcd9e40a8a4329cdef20721434615139e6b2dc95f180fe2e64a67038331f22,SS,B,B,True,-13.03125,-13.03125,0.0
143ba7a15fe9c68797c08230ee3931a9dfcfe6f873640ca2fd4f8623e0c2972b,OO,A,A,True,17.390625,17.390625,0.0
143ba7a15fe9c68797c08230ee3931a9dfcfe6f873640ca2fd4f8623e0c2972b,OS,B,B,True,-17.140625,-17.140625,0.0
143ba7a15fe9c68797c08230ee3931a9dfcfe6f873640ca2fd4f8623e0c2972b,SO,B,B,True,-19.53125,-19.53125,0.0
143ba7a15fe9c68797c08230ee3931a9dfcfe6f873640ca2fd4f8623e0c2972b,SS,A,A,True,7.0625,7.0625,0.0
199078912aef9601d43fbb41eeeb0ec45ab7f752eb6378b83eae3b082379161c,OO,A,A,True,17.03125,17.03125,0.0
199078912aef9601d43fbb41eeeb0ec45ab7f752eb6378b83eae3b082379161c,OS,B,B,True,-22.28125,-22.28125,0.0
199078912aef9601d43fbb41eeeb0ec45ab7f752eb6378b83eae3b082379161c,SO,B,B,True,-17.34375,-17.34375,0.0
199078912aef9601d43fbb41eeeb0ec45ab7f752eb6378b83eae3b082379161c,SS,B,B,True,-18.046875,-18.046875,0.0
1a07b80e58d0120531bcefee7ba132e3bd77bef834bc592741b579d8a1952ad2,OO,A,A,True,17.40625,17.40625,0.0
1a07b80e58d0120531bcefee7ba132e3bd77bef834bc592741b579d8a1952ad2,OS,B,B,True,-21.9375,-21.9375,0.0
1a07b80e58d0120531bcefee7ba132e3bd77bef834bc592741b579d8a1952ad2,SO,B,B,True,-17.875,-17.875,0.0
1a07b80e58d0120531bcefee7ba132e3bd77bef834bc592741b579d8a1952ad2,SS,B,B,True,-11.8125,-11.8125,0.0
1a2ede8310b68c121c2eebd7ad1c6b47b21796df96ea64159dbc9e76f1ae27ba,OO,A,A,True,16.96875,16.96875,0.0
1a2ede8310b68c121c2eebd7ad1c6b47b21796df96ea64159dbc9e76f1ae27ba,OS,B,B,True,-21.78125,-21.78125,0.0
1a2ede8310b68c121c2eebd7ad1c6b47b21796df96ea64159dbc9e76f1ae27ba,SO,B,B,True,-13.7890625,-13.7890625,0.0
1a2ede8310b68c121c2eebd7ad1c6b47b21796df96ea64159dbc9e76f1ae27ba,SS,B,B,True,-9.375,-9.375,0.0
1b113718103da2934eb80b31e07a36abff54f00e7334be16390372856a3b6d5c,OO,A,A,True,13.734375,13.734375,0.0
1b113718103da2934eb80b31e07a36abff54f00e7334be16390372856a3b6d5c,OS,B,B,True,-19.75,-19.75,0.0
1b113718103da2934eb80b31e07a36abff54f00e7334be16390372856a3b6d5c,SO,B,B,True,-19.03125,-19.03125,0.0
1b113718103da2934eb80b31e07a36abff54f00e7334be16390372856a3b6d5c,SS,B,B,True,-15.111328125,-15.111328125,0.0
1b534c132ccabe1a0e4a1e184b5e57df190c3eef651eeb6d0cce1944eb689ffd,OO,A,A,True,17.375,17.375,0.0
1b534c132ccabe1a0e4a1e184b5e57df190c3eef651eeb6d0cce1944eb689ffd,OS,B,B,True,-21.625,-21.625,0.0
1b534c132ccabe1a0e4a1e184b5e57df190c3eef651eeb6d0cce1944eb689ffd,SO,B,B,True,-1.9375,-1.9375,0.0
1b534c132ccabe1a0e4a1e184b5e57df190c3eef651eeb6d0cce1944eb689ffd,SS,B,B,True,-15.125,-15.125,0.0
1be6fa12bbdbfbd851812045dffe0981b2fdc90feaecff40cbe7d533433160fb,OO,A,A,True,18.25,18.25,0.0
1be6fa12bbdbfbd851812045dffe0981b2fdc90feaecff40cbe7d533433160fb,OS,B,B,True,-21.21875,-21.21875,0.0
1be6fa12bbdbfbd851812045dffe0981b2fdc90feaecff40cbe7d533433160fb,SO,A,A,True,9.21875,9.21875,0.0
1be6fa12bbdbfbd851812045dffe0981b2fdc90feaecff40cbe7d533433160fb,SS,B,B,True,-16.431640625,-16.431640625,0.0
1beb2aa5b13171309874a37d5260ebb4e081a26981486965e2d55ecbd0e23e72,OO,A,A,True,16.26953125,16.26953125,0.0
1beb2aa5b13171309874a37d5260ebb4e081a26981486965e2d55ecbd0e23e72,OS,B,B,True,-20.625,-20.625,0.0
1beb2aa5b13171309874a37d5260ebb4e081a26981486965e2d55ecbd0e23e72,SO,B,B,True,-18.09375,-18.09375,0.0
1beb2aa5b13171309874a37d5260ebb4e081a26981486965e2d55ecbd0e23e72,SS,A,A,True,11.09375,11.09375,0.0
1c35548b29d8511a72048aa2f5760aa0375a344a23b694ddc903a3c3b9d10eb8,OO,A,A,True,16.7109375,16.7109375,0.0
1c35548b29d8511a72048aa2f5760aa0375a344a23b694ddc903a3c3b9d10eb8,OS,B,B,True,-22.75,-22.75,0.0
1c35548b29d8511a72048aa2f5760aa0375a344a23b694ddc903a3c3b9d10eb8,SO,B,B,True,-19.1875,-19.1875,0.0
1c35548b29d8511a72048aa2f5760aa0375a344a23b694ddc903a3c3b9d10eb8,SS,B,B,True,-6.125,-6.125,0.0
1e775ec427e192a7277498b2b5f22a189e2fd5e4a7ebe9a5d7ceb04d0edb4bea,OO,A,A,True,15.53125,15.53125,0.0
1e775ec427e192a7277498b2b5f22a189e2fd5e4a7ebe9a5d7ceb04d0edb4bea,OS,B,B,True,-22.3125,-22.3125,0.0
1e775ec427e192a7277498b2b5f22a189e2fd5e4a7ebe9a5d7ceb04d0edb4bea,SO,B,B,True,-18.65625,-18.65625,0.0
1e775ec427e192a7277498b2b5f22a189e2fd5e4a7ebe9a5d7ceb04d0edb4bea,SS,B,B,True,-15.09375,-15.09375,0.0
20ca76d8e4f85568513476a52df419d075d3dd5fc5ccecf57f95ac7dd8fc87e6,OO,A,A,True,18.390625,18.390625,0.0
20ca76d8e4f85568513476a52df419d075d3dd5fc5ccecf57f95ac7dd8fc87e6,OS,B,B,True,-20.03125,-20.03125,0.0
20ca76d8e4f85568513476a52df419d075d3dd5fc5ccecf57f95ac7dd8fc87e6,SO,B,B,True,-18.71875,-18.71875,0.0
20ca76d8e4f85568513476a52df419d075d3dd5fc5ccecf57f95ac7dd8fc87e6,SS,B,B,True,-15.390625,-15.390625,0.0
21b042f63c92b50654186c8fe4187eace9b61ae49c15626476e5b27ce23675bb,OO,A,A,True,16.859375,16.859375,0.0
21b042f63c92b50654186c8fe4187eace9b61ae49c15626476e5b27ce23675bb,OS,B,B,True,-21.4375,-21.4375,0.0
21b042f63c92b50654186c8fe4187eace9b61ae49c15626476e5b27ce23675bb,SO,B,B,True,-14.3984375,-14.3984375,0.0
21b042f63c92b50654186c8fe4187eace9b61ae49c15626476e5b27ce23675bb,SS,B,B,True,-16.03515625,-16.03515625,0.0
21e85b4efb563c2c7d719cd82eed25f1248ca7f7c8365f703644ce3dc4ad3f31,OO,A,A,True,16.390625,16.390625,0.0
21e85b4efb563c2c7d719cd82eed25f1248ca7f7c8365f703644ce3dc4ad3f31,OS,B,B,True,-20.5625,-20.5625,0.0
21e85b4efb563c2c7d719cd82eed25f1248ca7f7c8365f703644ce3dc4ad3f31,SO,B,B,True,-14.703125,-14.703125,0.0
21e85b4efb563c2c7d719cd82eed25f1248ca7f7c8365f703644ce3dc4ad3f31,SS,B,B,True,-10.09375,-10.09375,0.0
230f4886e25e9c27f1c5aeb6202ef50688d4072ec21a5516491ea31cdf4274d7,OO,A,A,True,17.234375,17.234375,0.0
230f4886e25e9c27f1c5aeb6202ef50688d4072ec21a5516491ea31cdf4274d7,OS,B,B,True,-19.90625,-19.90625,0.0
230f4886e25e9c27f1c5aeb6202ef50688d4072ec21a5516491ea31cdf4274d7,SO,B,B,True,-16.2421875,-16.2421875,0.0
230f4886e25e9c27f1c5aeb6202ef50688d4072ec21a5516491ea31cdf4274d7,SS,B,B,True,-11.625,-11.625,0.0
23b2da192ff61c4753bc05910769816eed0a3667db2a4b773622bce58081ef84,OO,A,A,True,17.375,17.375,0.0
23b2da192ff61c4753bc05910769816eed0a3667db2a4b773622bce58081ef84,OS,B,B,True,-21.875,-21.875,0.0
23b2da192ff61c4753bc05910769816eed0a3667db2a4b773622bce58081ef84,SO,B,B,True,-17.25,-17.25,0.0
23b2da192ff61c4753bc05910769816eed0a3667db2a4b773622bce58081ef84,SS,B,B,True,-13.1875,-13.1875,0.0
24b91442961df4239a123354c44e53dab4a44f7cff6e66fec314c22e1b1540ea,OO,A,A,True,19.46875,19.46875,0.0
24b91442961df4239a123354c44e53dab4a44f7cff6e66fec314c22e1b1540ea,OS,B,B,True,-18.984375,-18.984375,0.0
24b91442961df4239a123354c44e53dab4a44f7cff6e66fec314c22e1b1540ea,SO,B,B,True,-17.671875,-17.671875,0.0
24b91442961df4239a123354c44e53dab4a44f7cff6e66fec314c22e1b1540ea,SS,B,B,True,-9.0,-9.0,0.0
273e7a2bbe79fb45e3da5b01c63233ca2a0293e88be678371d45e6e734eb3687,OO,A,A,True,15.33984375,15.33984375,0.0
273e7a2bbe79fb45e3da5b01c63233ca2a0293e88be678371d45e6e734eb3687,OS,B,B,True,-19.0625,-19.0625,0.0
273e7a2bbe79fb45e3da5b01c63233ca2a0293e88be678371d45e6e734eb3687,SO,B,B,True,-16.03125,-16.03125,0.0
273e7a2bbe79fb45e3da5b01c63233ca2a0293e88be678371d45e6e734eb3687,SS,A,A,True,8.34375,8.34375,0.0
2a20d544ff618b9501d9400c452e6e02e2e866fa2d6a08fb345c2ffb4f633edb,OO,A,A,True,18.1875,18.1875,0.0
2a20d544ff618b9501d9400c452e6e02e2e866fa2d6a08fb345c2ffb4f633edb,OS,B,B,True,-21.65625,-21.65625,0.0
2a20d544ff618b9501d9400c452e6e02e2e866fa2d6a08fb345c2ffb4f633edb,SO,B,B,True,-17.640625,-17.640625,0.0
2a20d544ff618b9501d9400c452e6e02e2e866fa2d6a08fb345c2ffb4f633edb,SS,B,B,True,-19.0,-19.0,0.0
2b8a5200282c3f8748e7a842c78898590dde7c3432e54daf87ca95ce25b4c54e,OO,A,A,True,17.796875,17.796875,0.0
2b8a5200282c3f8748e7a842c78898590dde7c3432e54daf87ca95ce25b4c54e,OS,B,B,True,-21.3125,-21.3125,0.0
2b8a5200282c3f8748e7a842c78898590dde7c3432e54daf87ca95ce25b4c54e,SO,B,B,True,-15.6015625,-15.6015625,0.0
2b8a5200282c3f8748e7a842c78898590dde7c3432e54daf87ca95ce25b4c54e,SS,B,B,True,-9.625,-9.625,0.0
2dc8c8368d496987fff43c67a7613468467b611e116687d0980c83a39cd910aa,OO,A,A,True,17.90625,17.90625,0.0
2dc8c8368d496987fff43c67a7613468467b611e116687d0980c83a39cd910aa,OS,B,B,True,-22.3125,-22.3125,0.0
2dc8c8368d496987fff43c67a7613468467b611e116687d0980c83a39cd910aa,SO,B,B,True,-19.875,-19.875,0.0
2dc8c8368d496987fff43c67a7613468467b611e116687d0980c83a39cd910aa,SS,A,A,True,10.75,10.75,0.0
2f4703494c2a9ce69c4a05d3a0f85a95e69e0b7a1564dc0cfba14f55769487d6,OO,A,A,True,16.515625,16.515625,0.0
2f4703494c2a9ce69c4a05d3a0f85a95e69e0b7a1564dc0cfba14f55769487d6,OS,B,B,True,-22.625,-22.625,0.0
2f4703494c2a9ce69c4a05d3a0f85a95e69e0b7a1564dc0cfba14f55769487d6,SO,B,B,True,-11.09375,-11.09375,0.0
2f4703494c2a9ce69c4a05d3a0f85a95e69e0b7a1564dc0cfba14f55769487d6,SS,B,B,True,-17.75390625,-17.75390625,0.0
31bc2caab699df9cd3f29bcee3a64a7be3446b3056011e8d837007ac97aec033,OO,A,A,True,15.734375,15.734375,0.0
31bc2caab699df9cd3f29bcee3a64a7be3446b3056011e8d837007ac97aec033,OS,B,B,True,-21.21875,-21.21875,0.0
31bc2caab699df9cd3f29bcee3a64a7be3446b3056011e8d837007ac97aec033,SO,B,B,True,-16.3046875,-16.3046875,0.0
31bc2caab699df9cd3f29bcee3a64a7be3446b3056011e8d837007ac97aec033,SS,B,B,True,-13.453125,-13.453125,0.0
32433ec8d7c816d84564c39977c687496178d90300834bb1c8fb5dbe8c496afd,OO,A,A,True,18.875,18.875,0.0
32433ec8d7c816d84564c39977c687496178d90300834bb1c8fb5dbe8c496afd,OS,B,B,True,-21.65625,-21.65625,0.0
32433ec8d7c816d84564c39977c687496178d90300834bb1c8fb5dbe8c496afd,SO,B,B,True,-14.580078125,-14.580078125,0.0
32433ec8d7c816d84564c39977c687496178d90300834bb1c8fb5dbe8c496afd,SS,B,B,True,-11.125,-11.125,0.0
329dd7e54066ef13a3da213f7f3b6cff598c5899634f90f2aa842bf03bdfe22b,OO,A,A,True,17.765625,17.765625,0.0
329dd7e54066ef13a3da213f7f3b6cff598c5899634f90f2aa842bf03bdfe22b,OS,B,B,True,-20.90625,-20.90625,0.0
329dd7e54066ef13a3da213f7f3b6cff598c5899634f90f2aa842bf03bdfe22b,SO,B,B,True,-14.48046875,-14.48046875,0.0
329dd7e54066ef13a3da213f7f3b6cff598c5899634f90f2aa842bf03bdfe22b,SS,B,B,True,-18.625,-18.625,0.0
32a5842122bca8ce29d1bd38d6bee5bd0cd4ff77f6e85b6df20e866683e9e9d8,OO,A,A,True,14.6953125,14.6953125,0.0
32a5842122bca8ce29d1bd38d6bee5bd0cd4ff77f6e85b6df20e866683e9e9d8,OS,B,B,True,-21.0625,-21.0625,0.0
32a5842122bca8ce29d1bd38d6bee5bd0cd4ff77f6e85b6df20e866683e9e9d8,SO,A,A,True,7.875,7.875,0.0
32a5842122bca8ce29d1bd38d6bee5bd0cd4ff77f6e85b6df20e866683e9e9d8,SS,B,B,True,-15.6015625,-15.6015625,0.0
335059d400355094616bc325ef0848eda0060b94b91bf17aa229387a74b6c2fe,OO,A,A,True,16.46484375,16.46484375,0.0
335059d400355094616bc325ef0848eda0060b94b91bf17aa229387a74b6c2fe,OS,B,B,True,-22.53125,-22.53125,0.0
335059d400355094616bc325ef0848eda0060b94b91bf17aa229387a74b6c2fe,SO,B,B,True,-17.078125,-17.078125,0.0
335059d400355094616bc325ef0848eda0060b94b91bf17aa229387a74b6c2fe,SS,B,B,True,-16.16796875,-16.16796875,0.0
37fd7343def15a982f55039a6fd91953c9aec931123a52d0f01f0e4298e0f327,OO,A,A,True,16.1015625,16.1015625,0.0
37fd7343def15a982f55039a6fd91953c9aec931123a52d0f01f0e4298e0f327,OS,B,B,True,-22.21875,-22.21875,0.0
37fd7343def15a982f55039a6fd91953c9aec931123a52d0f01f0e4298e0f327,SO,B,B,True,-17.1171875,-17.1171875,0.0
37fd7343def15a982f55039a6fd91953c9aec931123a52d0f01f0e4298e0f327,SS,B,B,True,-17.12109375,-17.12109375,0.0
38197b9f21a2cbc6219c9edadf1b00c23fd75944c8ed0462d4fb2984382e2454,OO,A,A,True,17.171875,17.171875,0.0
38197b9f21a2cbc6219c9edadf1b00c23fd75944c8ed0462d4fb2984382e2454,OS,B,B,True,-18.890625,-18.890625,0.0
38197b9f21a2cbc6219c9edadf1b00c23fd75944c8ed0462d4fb2984382e2454,SO,B,B,True,-18.8125,-18.8125,0.0
38197b9f21a2cbc6219c9edadf1b00c23fd75944c8ed0462d4fb2984382e2454,SS,A,A,True,13.1484375,13.1484375,0.0
3832009ffefb8053acc8f41b409ffc903ba02cb06ee1f396131afe3a64f7f714,OO,A,A,True,15.515625,15.515625,0.0
3832009ffefb8053acc8f41b409ffc903ba02cb06ee1f396131afe3a64f7f714,OS,B,B,True,-21.71875,-21.71875,0.0
3832009ffefb8053acc8f41b409ffc903ba02cb06ee1f396131afe3a64f7f714,SO,B,B,True,-20.78125,-20.78125,0.0
3832009ffefb8053acc8f41b409ffc903ba02cb06ee1f396131afe3a64f7f714,SS,A,A,True,15.796875,15.796875,0.0
3975f704337b080024800027d2e29bc96ed1f384966e94429dc7897299354c6c,OO,A,A,True,18.875,18.875,0.0
3975f704337b080024800027d2e29bc96ed1f384966e94429dc7897299354c6c,OS,B,B,True,-21.625,-21.625,0.0
3975f704337b080024800027d2e29bc96ed1f384966e94429dc7897299354c6c,SO,B,B,True,-6.125,-6.125,0.0
3975f704337b080024800027d2e29bc96ed1f384966e94429dc7897299354c6c,SS,B,B,True,-15.7578125,-15.7578125,0.0
398a76fc83c24119abafed142f0472b7bf7450ccca75cac5e41f71c680f8b506,OO,A,A,True,18.546875,18.546875,0.0
398a76fc83c24119abafed142f0472b7bf7450ccca75cac5e41f71c680f8b506,OS,B,B,True,-20.90625,-20.90625,0.0
398a76fc83c24119abafed142f0472b7bf7450ccca75cac5e41f71c680f8b506,SO,B,B,True,-2.1875,-2.1875,0.0
398a76fc83c24119abafed142f0472b7bf7450ccca75cac5e41f71c680f8b506,SS,A,A,True,10.21875,10.21875,0.0
39f61c2d75b7fe6d51ef30f35eec36827fd3e075b56c61c3a34d13069985a50f,OO,A,A,True,19.09375,19.09375,0.0
39f61c2d75b7fe6d51ef30f35eec36827fd3e075b56c61c3a34d13069985a50f,OS,B,B,True,-19.59375,-19.59375,0.0
39f61c2d75b7fe6d51ef30f35eec36827fd3e075b56c61c3a34d13069985a50f,SO,B,B,True,-20.15625,-20.15625,0.0
39f61c2d75b7fe6d51ef30f35eec36827fd3e075b56c61c3a34d13069985a50f,SS,A,A,True,11.8125,11.8125,0.0
3adcd84400767f05f41b0270094c7e4a8e857511c7e63e9255e8ee6eb09c1f2e,OO,A,A,True,13.46875,13.46875,0.0
3adcd84400767f05f41b0270094c7e4a8e857511c7e63e9255e8ee6eb09c1f2e,OS,B,B,True,-18.6875,-18.6875,0.0
3adcd84400767f05f41b0270094c7e4a8e857511c7e63e9255e8ee6eb09c1f2e,SO,B,B,True,-17.671875,-17.671875,0.0
3adcd84400767f05f41b0270094c7e4a8e857511c7e63e9255e8ee6eb09c1f2e,SS,A,A,True,13.1484375,13.1484375,0.0
3d03e1bbfc46d35670f0c6fca59977c81f4a8cdc88a6bca7a3d60ab8063a471e,OO,A,A,True,15.16796875,15.16796875,0.0
3d03e1bbfc46d35670f0c6fca59977c81f4a8cdc88a6bca7a3d60ab8063a471e,OS,B,B,True,-20.21875,-20.21875,0.0
3d03e1bbfc46d35670f0c6fca59977c81f4a8cdc88a6bca7a3d60ab8063a471e,SO,B,B,True,-17.828125,-17.828125,0.0
3d03e1bbfc46d35670f0c6fca59977c81f4a8cdc88a6bca7a3d60ab8063a471e,SS,B,B,True,-7.25,-7.25,0.0
3d13ddd9f6cad6c1c863e4fbdaa8409a5c0dfafcc2eea2766fabd1b1c6e015d6,OO,A,A,True,18.9375,18.9375,0.0
3d13ddd9f6cad6c1c863e4fbdaa8409a5c0dfafcc2eea2766fabd1b1c6e015d6,OS,B,B,True,-21.15625,-21.15625,0.0
3d13ddd9f6cad6c1c863e4fbdaa8409a5c0dfafcc2eea2766fabd1b1c6e015d6,SO,B,B,True,-20.65625,-20.65625,0.0
3d13ddd9f6cad6c1c863e4fbdaa8409a5c0dfafcc2eea2766fabd1b1c6e015d6,SS,A,A,True,10.0625,10.0625,0.0
3d63d7febc2e16bbd6a1ae6283266aae607bf41661d0ebe4b433e6bbf8b36422,OO,A,A,True,12.953125,12.953125,0.0
3d63d7febc2e16bbd6a1ae6283266aae607bf41661d0ebe4b433e6bbf8b36422,OS,B,B,True,-21.25,-21.25,0.0
3d63d7febc2e16bbd6a1ae6283266aae607bf41661d0ebe4b433e6bbf8b36422,SO,B,B,True,-19.625,-19.625,0.0
3d63d7febc2e16bbd6a1ae6283266aae607bf41661d0ebe4b433e6bbf8b36422,SS,B,B,True,-14.359375,-14.359375,0.0
3dd056aadf1ba84092fcc9b21ef87dd26564c3486de97f4306b599e30773fdc6,OO,A,A,True,18.59375,18.59375,0.0
3dd056aadf1ba84092fcc9b21ef87dd26564c3486de97f4306b599e30773fdc6,OS,B,B,True,-23.125,-23.125,0.0
3dd056aadf1ba84092fcc9b21ef87dd26564c3486de97f4306b599e30773fdc6,SO,B,B,True,-13.078125,-13.078125,0.0
3dd056aadf1ba84092fcc9b21ef87dd26564c3486de97f4306b599e30773fdc6,SS,B,B,True,-16.62109375,-16.62109375,0.0
3eb632ea98f9fce2b2a44308e6ff72c9c6ae3b443f9d0183474b60876eccb773,OO,A,A,True,16.109375,16.109375,0.0
3eb632ea98f9fce2b2a44308e6ff72c9c6ae3b443f9d0183474b60876eccb773,OS,B,B,True,-21.90625,-21.90625,0.0
3eb632ea98f9fce2b2a44308e6ff72c9c6ae3b443f9d0183474b60876eccb773,SO,B,B,True,-17.1015625,-17.1015625,0.0
3eb632ea98f9fce2b2a44308e6ff72c9c6ae3b443f9d0183474b60876eccb773,SS,B,B,True,-7.6875,-7.6875,0.0
3ee096de72cb3b0dfd08b81812498b3c90600256873b702dfe6c8228f2c9c0a4,OO,A,A,True,18.25,18.25,0.0
3ee096de72cb3b0dfd08b81812498b3c90600256873b702dfe6c8228f2c9c0a4,OS,B,B,True,-20.90625,-20.90625,0.0
3ee096de72cb3b0dfd08b81812498b3c90600256873b702dfe6c8228f2c9c0a4,SO,B,B,True,-19.0,-19.0,0.0
3ee096de72cb3b0dfd08b81812498b3c90600256873b702dfe6c8228f2c9c0a4,SS,A,A,True,10.6875,10.6875,0.0
3f4368f134d45f2838ffaafce8c9a314e61a3bcb5d4e22c3fd0f72b73d01aa8a,OO,A,A,True,15.890625,15.890625,0.0
3f4368f134d45f2838ffaafce8c9a314e61a3bcb5d4e22c3fd0f72b73d01aa8a,OS,B,B,True,-20.84375,-20.84375,0.0
3f4368f134d45f2838ffaafce8c9a314e61a3bcb5d4e22c3fd0f72b73d01aa8a,SO,B,B,True,-16.5,-16.5,0.0
3f4368f134d45f2838ffaafce8c9a314e61a3bcb5d4e22c3fd0f72b73d01aa8a,SS,B,B,True,-3.0,-3.0,0.0
3f7112327a3cfef5de23e93e4a1880826ae70b39c367298aad1f40d9c3d98af2,OO,A,A,True,13.09375,13.09375,0.0
3f7112327a3cfef5de23e93e4a1880826ae70b39c367298aad1f40d9c3d98af2,OS,B,B,True,-19.03125,-19.03125,0.0
3f7112327a3cfef5de23e93e4a1880826ae70b39c367298aad1f40d9c3d98af2,SO,B,B,True,-19.28125,-19.28125,0.0
3f7112327a3cfef5de23e93e4a1880826ae70b39c367298aad1f40d9c3d98af2,SS,A,A,True,9.9375,9.9375,0.0
406903d1cda4ad5f13b43d25e0af38e781a94521fedb3f39765befa05ecf9299,OO,A,A,True,17.15625,17.15625,0.0
406903d1cda4ad5f13b43d25e0af38e781a94521fedb3f39765befa05ecf9299,OS,B,B,True,-21.625,-21.625,0.0
406903d1cda4ad5f13b43d25e0af38e781a94521fedb3f39765befa05ecf9299,SO,B,B,True,-19.171875,-19.171875,0.0
406903d1cda4ad5f13b43d25e0af38e781a94521fedb3f39765befa05ecf9299,SS,B,B,True,-17.923828125,-17.923828125,0.0
41488a0975678237b0b358441e37e50020b7824ca58dc2ad8b6b05dbf1dce1e4,OO,A,A,True,17.296875,17.296875,0.0
41488a0975678237b0b358441e37e50020b7824ca58dc2ad8b6b05dbf1dce1e4,OS,B,B,True,-22.34375,-22.34375,0.0
41488a0975678237b0b358441e37e50020b7824ca58dc2ad8b6b05dbf1dce1e4,SO,B,B,True,-0.9375,-0.9375,0.0
41488a0975678237b0b358441e37e50020b7824ca58dc2ad8b6b05dbf1dce1e4,SS,B,B,True,-18.484375,-18.484375,0.0
41972e19b17353b471daa83ca263985b90734a684c6cf04de158ceba557bba20,OO,A,A,True,16.73828125,16.73828125,0.0
41972e19b17353b471daa83ca263985b90734a684c6cf04de158ceba557bba20,OS,B,B,True,-22.90625,-22.90625,0.0
41972e19b17353b471daa83ca263985b90734a684c6cf04de158ceba557bba20,SO,B,B,True,-17.21875,-17.21875,0.0
41972e19b17353b471daa83ca263985b90734a684c6cf04de158ceba557bba20,SS,B,B,True,-13.28125,-13.28125,0.0
41bd5c2285dcb3536e999fcd7e2cde21de5cfa8bb2e9842810c6ae8f29e05588,OO,A,A,True,17.875,17.875,0.0
41bd5c2285dcb3536e999fcd7e2cde21de5cfa8bb2e9842810c6ae8f29e05588,OS,B,B,True,-22.5625,-22.5625,0.0
41bd5c2285dcb3536e999fcd7e2cde21de5cfa8bb2e9842810c6ae8f29e05588,SO,B,B,True,-21.3125,-21.3125,0.0
41bd5c2285dcb3536e999fcd7e2cde21de5cfa8bb2e9842810c6ae8f29e05588,SS,B,B,True,-1.875,-1.875,0.0
41f4f125f31ef8e2c24b2b54d17e9ec1332933a5182bb658df2b71e74210f07a,OO,A,A,True,17.4140625,17.4140625,0.0
41f4f125f31ef8e2c24b2b54d17e9ec1332933a5182bb658df2b71e74210f07a,OS,B,B,True,-17.921875,-17.921875,0.0
41f4f125f31ef8e2c24b2b54d17e9ec1332933a5182bb658df2b71e74210f07a,SO,B,B,True,-20.40625,-20.40625,0.0
41f4f125f31ef8e2c24b2b54d17e9ec1332933a5182bb658df2b71e74210f07a,SS,B,B,True,-7.8125,-7.8125,0.0
425597e7c6465516510ec8386f5266b416983270bf2da29be80104b652ec25af,OO,A,A,True,17.2265625,17.2265625,0.0
425597e7c6465516510ec8386f5266b416983270bf2da29be80104b652ec25af,OS,B,B,True,-22.09375,-22.09375,0.0
425597e7c6465516510ec8386f5266b416983270bf2da29be80104b652ec25af,SO,B,B,True,-13.9375,-13.9375,0.0
425597e7c6465516510ec8386f5266b416983270bf2da29be80104b652ec25af,SS,B,B,True,-18.125,-18.125,0.0
4271cfe8b61a8a3393e85c06aa38d43ea9b075538d57c363e9ce3260328b75b4,OO,A,A,True,14.0595703125,14.0595703125,0.0
4271cfe8b61a8a3393e85c06aa38d43ea9b075538d57c363e9ce3260328b75b4,OS,B,B,True,-22.03125,-22.03125,0.0
4271cfe8b61a8a3393e85c06aa38d43ea9b075538d57c363e9ce3260328b75b4,SO,B,B,True,-14.58984375,-14.58984375,0.0
4271cfe8b61a8a3393e85c06aa38d43ea9b075538d57c363e9ce3260328b75b4,SS,B,B,True,-9.5,-9.5,0.0
439ffe75992797ee13316de00c9d6aa9971cb83d549d64af220f741dded7b4d2,OO,A,A,True,15.45458984375,15.45458984375,0.0
439ffe75992797ee13316de00c9d6aa9971cb83d549d64af220f741dded7b4d2,OS,B,B,True,-21.21875,-21.21875,0.0
439ffe75992797ee13316de00c9d6aa9971cb83d549d64af220f741dded7b4d2,SO,B,B,True,-17.15625,-17.15625,0.0
439ffe75992797ee13316de00c9d6aa9971cb83d549d64af220f741dded7b4d2,SS,B,B,True,-12.8125,-12.8125,0.0
47ccd792c57b9a4d617bbe4826f0c86753850106491369e516ebbb767746ddec,OO,A,A,True,17.5,17.5,0.0
47ccd792c57b9a4d617bbe4826f0c86753850106491369e516ebbb767746ddec,OS,B,B,True,-21.6875,-21.6875,0.0
47ccd792c57b9a4d617bbe4826f0c86753850106491369e516ebbb767746ddec,SO,B,B,True,-5.1875,-5.1875,0.0
47ccd792c57b9a4d617bbe4826f0c86753850106491369e516ebbb767746ddec,SS,B,B,True,-17.455078125,-17.455078125,0.0
4ac100f8d53d9f95785c499a24bff4d96fdeced0966b21ee7403971c9268cd5a,OO,A,A,True,18.46875,18.46875,0.0
4ac100f8d53d9f95785c499a24bff4d96fdeced0966b21ee7403971c9268cd5a,OS,B,B,True,-20.28125,-20.28125,0.0
4ac100f8d53d9f95785c499a24bff4d96fdeced0966b21ee7403971c9268cd5a,SO,B,B,True,-15.6953125,-15.6953125,0.0
4ac100f8d53d9f95785c499a24bff4d96fdeced0966b21ee7403971c9268cd5a,SS,B,B,True,-13.53125,-13.53125,0.0
4c22a7020fcc075f9f948b5b4c877ceab447932756009ccd5e0296cb1c4146fd,OO,A,A,True,17.859375,17.859375,0.0
4c22a7020fcc075f9f948b5b4c877ceab447932756009ccd5e0296cb1c4146fd,OS,B,B,True,-21.4375,-21.4375,0.0
4c22a7020fcc075f9f948b5b4c877ceab447932756009ccd5e0296cb1c4146fd,SO,B,B,True,-10.21875,-10.21875,0.0
4c22a7020fcc075f9f948b5b4c877ceab447932756009ccd5e0296cb1c4146fd,SS,B,B,True,-9.625,-9.625,0.0
50e89b0ddd95fe081a170155268d88b5637809604696c7a6f1e8c642f2b54c5a,OO,A,A,True,17.0,17.0,0.0
50e89b0ddd95fe081a170155268d88b5637809604696c7a6f1e8c642f2b54c5a,OS,B,B,True,-22.71875,-22.71875,0.0
50e89b0ddd95fe081a170155268d88b5637809604696c7a6f1e8c642f2b54c5a,SO,B,B,True,-12.375,-12.375,0.0
50e89b0ddd95fe081a170155268d88b5637809604696c7a6f1e8c642f2b54c5a,SS,B,B,True,-11.65625,-11.65625,0.0
510f55edebf39d8098e25f20bf735eb0ce82fee4ce7abf755d8d378d0ae4f9c5,OO,A,A,True,17.390625,17.390625,0.0
510f55edebf39d8098e25f20bf735eb0ce82fee4ce7abf755d8d378d0ae4f9c5,OS,B,B,True,-20.6875,-20.6875,0.0
510f55edebf39d8098e25f20bf735eb0ce82fee4ce7abf755d8d378d0ae4f9c5,SO,B,B,True,-8.375,-8.375,0.0
510f55edebf39d8098e25f20bf735eb0ce82fee4ce7abf755d8d378d0ae4f9c5,SS,B,B,True,-14.484375,-14.484375,0.0
52aba3c550dabe11b7e047ff5a4addc223e7b2d24ee14924ca69cfc2dae3b724,OO,A,A,True,14.486328125,14.486328125,0.0
52aba3c550dabe11b7e047ff5a4addc223e7b2d24ee14924ca69cfc2dae3b724,OS,B,B,True,-20.875,-20.875,0.0
52aba3c550dabe11b7e047ff5a4addc223e7b2d24ee14924ca69cfc2dae3b724,SO,A,A,True,4.1875,4.1875,0.0
52aba3c550dabe11b7e047ff5a4addc223e7b2d24ee14924ca69cfc2dae3b724,SS,B,B,True,-13.328125,-13.328125,0.0
53a9a275a436d8bd4aa6f496fd454816a1ff515b21770e062f15a0df2cb4322d,OO,A,A,True,16.96875,16.96875,0.0
53a9a275a436d8bd4aa6f496fd454816a1ff515b21770e062f15a0df2cb4322d,OS,B,B,True,-20.25,-20.25,0.0
53a9a275a436d8bd4aa6f496fd454816a1ff515b21770e062f15a0df2cb4322d,SO,B,B,True,-1.1875,-1.1875,0.0
53a9a275a436d8bd4aa6f496fd454816a1ff515b21770e062f15a0df2cb4322d,SS,B,B,True,-8.4375,-8.4375,0.0
55bfeb38bb86d674bb85783339e06d4ca643b0f5c853ac48be50f1c5d7d61737,OO,A,A,True,17.15625,17.15625,0.0
55bfeb38bb86d674bb85783339e06d4ca643b0f5c853ac48be50f1c5d7d61737,OS,B,B,True,-22.1875,-22.1875,0.0
55bfeb38bb86d674bb85783339e06d4ca643b0f5c853ac48be50f1c5d7d61737,SO,B,B,True,-17.046875,-17.046875,0.0
55bfeb38bb86d674bb85783339e06d4ca643b0f5c853ac48be50f1c5d7d61737,SS,B,B,True,-19.265625,-19.265625,0.0
56295692530fff758ebf02124a935e66aace3d3a9b0fb05e6722c4c59406320d,OO,A,A,True,14.1328125,14.1328125,0.0
56295692530fff758ebf02124a935e66aace3d3a9b0fb05e6722c4c59406320d,OS,B,B,True,-22.28125,-22.28125,0.0
56295692530fff758ebf02124a935e66aace3d3a9b0fb05e6722c4c59406320d,SO,B,B,True,-18.578125,-18.578125,0.0
56295692530fff758ebf02124a935e66aace3d3a9b0fb05e6722c4c59406320d,SS,A,A,True,1.6875,1.6875,0.0
56b5b5d57e2db717fd38c32b39134d4a952db244beb8ba70c8bb0c9abcfbff87,OO,A,A,True,15.36376953125,15.36376953125,0.0
56b5b5d57e2db717fd38c32b39134d4a952db244beb8ba70c8bb0c9abcfbff87,OS,B,B,True,-20.15625,-20.15625,0.0
56b5b5d57e2db717fd38c32b39134d4a952db244beb8ba70c8bb0c9abcfbff87,SO,B,B,True,-18.78125,-18.78125,0.0
56b5b5d57e2db717fd38c32b39134d4a952db244beb8ba70c8bb0c9abcfbff87,SS,B,B,True,-16.5078125,-16.5078125,0.0
58216f6a2c4312095699a92dde2ec6bc05825a71c6fd9a3b626ee32be792f58c,OO,A,A,True,14.453125,14.453125,0.0
58216f6a2c4312095699a92dde2ec6bc05825a71c6fd9a3b626ee32be792f58c,OS,B,B,True,-19.21875,-19.21875,0.0
58216f6a2c4312095699a92dde2ec6bc05825a71c6fd9a3b626ee32be792f58c,SO,B,B,True,-11.421875,-11.421875,0.0
58216f6a2c4312095699a92dde2ec6bc05825a71c6fd9a3b626ee32be792f58c,SS,A,A,True,10.0,10.0,0.0
5853dac42c8100da6718a861125bb63c48ba2105a68839a98f110fcb506f21e8,OO,A,A,True,15.9375,15.9375,0.0
5853dac42c8100da6718a861125bb63c48ba2105a68839a98f110fcb506f21e8,OS,B,B,True,-20.03125,-20.03125,0.0
5853dac42c8100da6718a861125bb63c48ba2105a68839a98f110fcb506f21e8,SO,B,B,True,-19.109375,-19.109375,0.0
5853dac42c8100da6718a861125bb63c48ba2105a68839a98f110fcb506f21e8,SS,A,A,True,2.8125,2.8125,0.0
59b21d2adbc8aeb7d1272b57f94d07d961cf8112476bac3dc3965706527a80b5,OO,A,A,True,16.375,16.375,0.0
59b21d2adbc8aeb7d1272b57f94d07d961cf8112476bac3dc3965706527a80b5,OS,B,B,True,-22.0625,-22.0625,0.0
59b21d2adbc8aeb7d1272b57f94d07d961cf8112476bac3dc3965706527a80b5,SO,B,B,True,-13.109375,-13.109375,0.0
59b21d2adbc8aeb7d1272b57f94d07d961cf8112476bac3dc3965706527a80b5,SS,B,B,True,-10.75,-10.75,0.0
5aebcd3347946c824254e282941f2290d2f5558c9ff4d18b116fe12bc6432466,OO,A,A,True,17.015625,17.015625,0.0
5aebcd3347946c824254e282941f2290d2f5558c9ff4d18b116fe12bc6432466,OS,B,B,True,-23.46875,-23.46875,0.0
5aebcd3347946c824254e282941f2290d2f5558c9ff4d18b116fe12bc6432466,SO,A,A,True,3.875,3.875,0.0
5aebcd3347946c824254e282941f2290d2f5558c9ff4d18b116fe12bc6432466,SS,B,B,True,-17.0625,-17.0625,0.0
5af325bc6e29771297a7d9b3b33082db45f759378a47f70408b80e536f8173a8,OO,A,A,True,16.890625,16.890625,0.0
5af325bc6e29771297a7d9b3b33082db45f759378a47f70408b80e536f8173a8,OS,B,B,True,-20.8125,-20.8125,0.0
5af325bc6e29771297a7d9b3b33082db45f759378a47f70408b80e536f8173a8,SO,B,B,True,-18.328125,-18.328125,0.0
5af325bc6e29771297a7d9b3b33082db45f759378a47f70408b80e536f8173a8,SS,B,B,True,-17.43359375,-17.43359375,0.0
5c17097227a0fb55737cf52c70ec318d3ba1110d71a8c71b697802393b2c64df,OO,A,A,True,15.9375,15.9375,0.0
5c17097227a0fb55737cf52c70ec318d3ba1110d71a8c71b697802393b2c64df,OS,B,B,True,-20.5,-20.5,0.0
5c17097227a0fb55737cf52c70ec318d3ba1110d71a8c71b697802393b2c64df,SO,B,B,True,-18.53125,-18.53125,0.0
5c17097227a0fb55737cf52c70ec318d3ba1110d71a8c71b697802393b2c64df,SS,A,A,True,14.5,14.5,0.0
5da4110576e81a798a7c9eb3d4e2c0637adfdb17a24836f5997ee49a554c1edd,OO,A,A,True,17.640625,17.640625,0.0
5da4110576e81a798a7c9eb3d4e2c0637adfdb17a24836f5997ee49a554c1edd,OS,B,B,True,-19.9375,-19.9375,0.0
5da4110576e81a798a7c9eb3d4e2c0637adfdb17a24836f5997ee49a554c1edd,SO,A,A,True,6.0,6.0,0.0
5da4110576e81a798a7c9eb3d4e2c0637adfdb17a24836f5997ee49a554c1edd,SS,A,A,True,15.640625,15.640625,0.0
5ffe4a411d668a603219b8508d8727ca5e0d1c9c7ec961398c4324e421f50265,OO,A,A,True,16.78125,16.78125,0.0
5ffe4a411d668a603219b8508d8727ca5e0d1c9c7ec961398c4324e421f50265,OS,B,B,True,-21.90625,-21.90625,0.0
5ffe4a411d668a603219b8508d8727ca5e0d1c9c7ec961398c4324e421f50265,SO,B,B,True,-9.5,-9.5,0.0
5ffe4a411d668a603219b8508d8727ca5e0d1c9c7ec961398c4324e421f50265,SS,B,B,True,-18.09765625,-18.09765625,0.0
615e53d88676086fc33a4ec1643b3b9372f1df9941c8919af9533b858c168cb5,OO,A,A,True,9.28125,9.28125,0.0
615e53d88676086fc33a4ec1643b3b9372f1df9941c8919af9533b858c168cb5,OS,B,B,True,-21.21875,-21.21875,0.0
615e53d88676086fc33a4ec1643b3b9372f1df9941c8919af9533b858c168cb5,SO,B,B,True,-19.21875,-19.21875,0.0
615e53d88676086fc33a4ec1643b3b9372f1df9941c8919af9533b858c168cb5,SS,B,B,True,-18.84375,-18.84375,0.0
61f61c49fa8e53da2fd368165bddd59e5ef621a2b37a36c79954c8346723602e,OO,A,A,True,12.46875,12.46875,0.0
61f61c49fa8e53da2fd368165bddd59e5ef621a2b37a36c79954c8346723602e,OS,B,B,True,-21.3125,-21.3125,0.0
61f61c49fa8e53da2fd368165bddd59e5ef621a2b37a36c79954c8346723602e,SO,B,B,True,-21.09375,-21.09375,0.0
61f61c49fa8e53da2fd368165bddd59e5ef621a2b37a36c79954c8346723602e,SS,B,B,True,-12.75,-12.75,0.0
6215cf61f682532748483804f0bec679f57e2deeb2019bd3c4e390f10a27f94f,OO,A,A,True,18.921875,18.921875,0.0
6215cf61f682532748483804f0bec679f57e2deeb2019bd3c4e390f10a27f94f,OS,B,B,True,-20.71875,-20.71875,0.0
6215cf61f682532748483804f0bec679f57e2deeb2019bd3c4e390f10a27f94f,SO,B,B,True,-10.59375,-10.59375,0.0
6215cf61f682532748483804f0bec679f57e2deeb2019bd3c4e390f10a27f94f,SS,B,B,True,-16.03125,-16.03125,0.0
6255ffb540c8565db9b69a1e2e888c6be68f9efe8cfe9d8374f3e350a40ab457,OO,A,A,True,16.5166015625,16.5166015625,0.0
6255ffb540c8565db9b69a1e2e888c6be68f9efe8cfe9d8374f3e350a40ab457,OS,B,B,True,-22.25,-22.25,0.0
6255ffb540c8565db9b69a1e2e888c6be68f9efe8cfe9d8374f3e350a40ab457,SO,B,B,True,-18.1875,-18.1875,0.0
6255ffb540c8565db9b69a1e2e888c6be68f9efe8cfe9d8374f3e350a40ab457,SS,A,A,True,10.65625,10.65625,0.0
6b2143e219142ba475d18f254b29ea753624c43f12e7092097d953e83ba3000a,OO,A,A,True,13.953125,13.953125,0.0
6b2143e219142ba475d18f254b29ea753624c43f12e7092097d953e83ba3000a,OS,B,B,True,-19.90625,-19.90625,0.0
6b2143e219142ba475d18f254b29ea753624c43f12e7092097d953e83ba3000a,SO,B,B,True,-12.296875,-12.296875,0.0
6b2143e219142ba475d18f254b29ea753624c43f12e7092097d953e83ba3000a,SS,A,A,True,3.8125,3.8125,0.0
6b6dae961d88a80107784712b74ddf87ea5065d3083b52d379ae2ec75cebb215,OO,A,A,True,12.46875,12.46875,0.0
6b6dae961d88a80107784712b74ddf87ea5065d3083b52d379ae2ec75cebb215,OS,B,B,True,-22.25,-22.25,0.0
6b6dae961d88a80107784712b74ddf87ea5065d3083b52d379ae2ec75cebb215,SO,B,B,True,-17.8984375,-17.8984375,0.0
6b6dae961d88a80107784712b74ddf87ea5065d3083b52d379ae2ec75cebb215,SS,B,B,True,-15.46875,-15.46875,0.0
6bc77d7264217b8bfb37ed46f9fc8f6f03293dbe9224c882328d052099453476,OO,A,A,True,15.9765625,15.9765625,0.0
6bc77d7264217b8bfb37ed46f9fc8f6f03293dbe9224c882328d052099453476,OS,B,B,True,-22.6875,-22.6875,0.0
6bc77d7264217b8bfb37ed46f9fc8f6f03293dbe9224c882328d052099453476,SO,B,B,True,-18.25,-18.25,0.0
6bc77d7264217b8bfb37ed46f9fc8f6f03293dbe9224c882328d052099453476,SS,B,B,True,-17.8671875,-17.8671875,0.0
6bc87279df1f0b1ff747915a2abedad7fcd660bf27fceefe7b6b4be661911960,OO,A,A,True,13.390625,13.390625,0.0
6bc87279df1f0b1ff747915a2abedad7fcd660bf27fceefe7b6b4be661911960,OS,B,B,True,-18.6875,-18.6875,0.0
6bc87279df1f0b1ff747915a2abedad7fcd660bf27fceefe7b6b4be661911960,SO,B,B,True,-19.96875,-19.96875,0.0
6bc87279df1f0b1ff747915a2abedad7fcd660bf27fceefe7b6b4be661911960,SS,B,B,True,-15.34375,-15.34375,0.0
6bebdee54546eedaf50b51ca9d6ae84301d1fc8651a5422c8f161163c5b906dc,OO,A,A,True,18.484375,18.484375,0.0
6bebdee54546eedaf50b51ca9d6ae84301d1fc8651a5422c8f161163c5b906dc,OS,B,B,True,-19.125,-19.125,0.0
6bebdee54546eedaf50b51ca9d6ae84301d1fc8651a5422c8f161163c5b906dc,SO,B,B,True,-22.0,-22.0,0.0
6bebdee54546eedaf50b51ca9d6ae84301d1fc8651a5422c8f161163c5b906dc,SS,A,A,True,4.0625,4.0625,0.0
6cdd3522d9eaedecac19afc40a9005f527a589edcb5b98bbe453230b5d0ca2bd,OO,A,A,True,15.7734375,15.7734375,0.0
6cdd3522d9eaedecac19afc40a9005f527a589edcb5b98bbe453230b5d0ca2bd,OS,B,B,True,-20.84375,-20.84375,0.0
6cdd3522d9eaedecac19afc40a9005f527a589edcb5b98bbe453230b5d0ca2bd,SO,B,B,True,-18.375,-18.375,0.0
6cdd3522d9eaedecac19afc40a9005f527a589edcb5b98bbe453230b5d0ca2bd,SS,A,A,True,14.796875,14.796875,0.0
6ce15494c22ddb7450de80c33b37e57d1f5c7c2c4f3608b8e11053de0e9d44f3,OO,A,A,True,17.4375,17.4375,0.0
6ce15494c22ddb7450de80c33b37e57d1f5c7c2c4f3608b8e11053de0e9d44f3,OS,B,B,True,-23.5,-23.5,0.0
6ce15494c22ddb7450de80c33b37e57d1f5c7c2c4f3608b8e11053de0e9d44f3,SO,B,B,True,-13.375,-13.375,0.0
6ce15494c22ddb7450de80c33b37e57d1f5c7c2c4f3608b8e11053de0e9d44f3,SS,B,B,True,-18.640625,-18.640625,0.0
6dd3c98e72585bcf228341dc2750f03d27c670e98803ecd3ede73796a9feeaf1,OO,A,A,True,17.4140625,17.4140625,0.0
6dd3c98e72585bcf228341dc2750f03d27c670e98803ecd3ede73796a9feeaf1,OS,B,B,True,-19.546875,-19.546875,0.0
6dd3c98e72585bcf228341dc2750f03d27c670e98803ecd3ede73796a9feeaf1,SO,B,B,True,-15.6796875,-15.6796875,0.0
6dd3c98e72585bcf228341dc2750f03d27c670e98803ecd3ede73796a9feeaf1,SS,B,B,True,-17.529296875,-17.529296875,0.0
6ddeecbc02f2ffe9006070f939bce5fa8999d16a0e6c024b39163206e364e10f,OO,A,A,True,17.1484375,17.1484375,0.0
6ddeecbc02f2ffe9006070f939bce5fa8999d16a0e6c024b39163206e364e10f,OS,B,B,True,-21.875,-21.875,0.0
6ddeecbc02f2ffe9006070f939bce5fa8999d16a0e6c024b39163206e364e10f,SO,B,B,True,-15.78125,-15.78125,0.0
6ddeecbc02f2ffe9006070f939bce5fa8999d16a0e6c024b39163206e364e10f,SS,B,B,True,-18.34375,-18.34375,0.0
6e10294b05a6de9d4e5483961b207eeec4a804817c437c5ffa5577336edac801,OO,A,A,True,15.298828125,15.298828125,0.0
6e10294b05a6de9d4e5483961b207eeec4a804817c437c5ffa5577336edac801,OS,B,B,True,-19.5625,-19.5625,0.0
6e10294b05a6de9d4e5483961b207eeec4a804817c437c5ffa5577336edac801,SO,B,B,True,-19.5,-19.5,0.0
6e10294b05a6de9d4e5483961b207eeec4a804817c437c5ffa5577336edac801,SS,A,A,True,11.53125,11.53125,0.0
6f17b25ae06b263b38dc906ddf0ee72e91d2235171291091a43585a1c55263a4,OO,A,A,True,12.3125,12.3125,0.0
6f17b25ae06b263b38dc906ddf0ee72e91d2235171291091a43585a1c55263a4,OS,B,B,True,-20.1875,-20.1875,0.0
6f17b25ae06b263b38dc906ddf0ee72e91d2235171291091a43585a1c55263a4,SO,B,B,True,-18.078125,-18.078125,0.0
6f17b25ae06b263b38dc906ddf0ee72e91d2235171291091a43585a1c55263a4,SS,B,B,True,-13.5,-13.5,0.0
6f20891d4fbbf36a868ef4d6543496c6ca675d18fb0c79eeb2f864c4a2a65d1a,OO,A,A,True,18.234375,18.234375,0.0
6f20891d4fbbf36a868ef4d6543496c6ca675d18fb0c79eeb2f864c4a2a65d1a,OS,B,B,True,-23.5,-23.5,0.0
6f20891d4fbbf36a868ef4d6543496c6ca675d18fb0c79eeb2f864c4a2a65d1a,SO,B,B,True,-18.921875,-18.921875,0.0
6f20891d4fbbf36a868ef4d6543496c6ca675d18fb0c79eeb2f864c4a2a65d1a,SS,B,B,True,-19.78125,-19.78125,0.0
6fe3e27510c2d45cf3bc5f48a43f3f9b0f5bcfd61b08a8167b199bd40fc56c11,OO,A,A,True,18.1640625,18.1640625,0.0
6fe3e27510c2d45cf3bc5f48a43f3f9b0f5bcfd61b08a8167b199bd40fc56c11,OS,B,B,True,-19.40625,-19.40625,0.0
6fe3e27510c2d45cf3bc5f48a43f3f9b0f5bcfd61b08a8167b199bd40fc56c11,SO,B,B,True,-8.40625,-8.40625,0.0
6fe3e27510c2d45cf3bc5f48a43f3f9b0f5bcfd61b08a8167b199bd40fc56c11,SS,B,B,True,-16.42578125,-16.42578125,0.0
6ffbd9b9795989778a37dfc5868aeb0b9078a0370e24e5ca96e692ad3a9dbb0a,OO,A,A,True,10.9375,10.9375,0.0
6ffbd9b9795989778a37dfc5868aeb0b9078a0370e24e5ca96e692ad3a9dbb0a,OS,B,B,True,-21.28125,-21.28125,0.0
6ffbd9b9795989778a37dfc5868aeb0b9078a0370e24e5ca96e692ad3a9dbb0a,SO,B,B,True,-17.46875,-17.46875,0.0
6ffbd9b9795989778a37dfc5868aeb0b9078a0370e24e5ca96e692ad3a9dbb0a,SS,B,B,True,-16.921875,-16.921875,0.0
71f1274bf08beee7a3769accd9e3c8a51314d5289247f9e114fb8bafa53bb1ac,OO,A,A,True,17.78125,17.78125,0.0
71f1274bf08beee7a3769accd9e3c8a51314d5289247f9e114fb8bafa53bb1ac,OS,B,B,True,-20.3125,-20.3125,0.0
71f1274bf08beee7a3769accd9e3c8a51314d5289247f9e114fb8bafa53bb1ac,SO,B,B,True,-17.25,-17.25,0.0
71f1274bf08beee7a3769accd9e3c8a51314d5289247f9e114fb8bafa53bb1ac,SS,A,A,True,14.6640625,14.6640625,0.0
76da1b679586705525ee875bdc8b0d1767d6ed57efa3f21fdafab78c35f4a084,OO,A,A,True,17.234375,17.234375,0.0
76da1b679586705525ee875bdc8b0d1767d6ed57efa3f21fdafab78c35f4a084,OS,B,B,True,-21.8125,-21.8125,0.0
76da1b679586705525ee875bdc8b0d1767d6ed57efa3f21fdafab78c35f4a084,SO,B,B,True,-17.921875,-17.921875,0.0
76da1b679586705525ee875bdc8b0d1767d6ed57efa3f21fdafab78c35f4a084,SS,B,B,True,-14.796875,-14.796875,0.0
788876e1b5c09ad34b156c2244f70441c80075d509e1527ec22555a72eeb7db6,OO,A,A,True,16.5625,16.5625,0.0
788876e1b5c09ad34b156c2244f70441c80075d509e1527ec22555a72eeb7db6,OS,B,B,True,-21.0625,-21.0625,0.0
788876e1b5c09ad34b156c2244f70441c80075d509e1527ec22555a72eeb7db6,SO,B,B,True,-11.9375,-11.9375,0.0
788876e1b5c09ad34b156c2244f70441c80075d509e1527ec22555a72eeb7db6,SS,A,A,True,9.3125,9.3125,0.0
788927faccfd32ff6d16678442de476ecad200eae740119b74261dc3094829fb,OO,A,A,True,17.3125,17.3125,0.0
788927faccfd32ff6d16678442de476ecad200eae740119b74261dc3094829fb,OS,B,B,True,-19.875,-19.875,0.0
788927faccfd32ff6d16678442de476ecad200eae740119b74261dc3094829fb,SO,B,B,True,-14.21875,-14.21875,0.0
788927faccfd32ff6d16678442de476ecad200eae740119b74261dc3094829fb,SS,B,B,True,-5.0,-5.0,0.0
788c34ef73e5ccaf4376fc748a0275e60532beed1cab5c8e3bcc7dd363c8537c,OO,A,A,True,15.640625,15.640625,0.0
788c34ef73e5ccaf4376fc748a0275e60532beed1cab5c8e3bcc7dd363c8537c,OS,B,B,True,-22.28125,-22.28125,0.0
788c34ef73e5ccaf4376fc748a0275e60532beed1cab5c8e3bcc7dd363c8537c,SO,B,B,True,-7.375,-7.375,0.0
788c34ef73e5ccaf4376fc748a0275e60532beed1cab5c8e3bcc7dd363c8537c,SS,B,B,True,-16.890625,-16.890625,0.0
7ac34260dc94d314d3558af30a19c45350584a3259272e494b7b690422dd661f,OO,A,A,True,17.46875,17.46875,0.0
7ac34260dc94d314d3558af30a19c45350584a3259272e494b7b690422dd661f,OS,B,B,True,-21.28125,-21.28125,0.0
7ac34260dc94d314d3558af30a19c45350584a3259272e494b7b690422dd661f,SO,B,B,True,-19.1875,-19.1875,0.0
7ac34260dc94d314d3558af30a19c45350584a3259272e494b7b690422dd661f,SS,B,B,True,-8.375,-8.375,0.0
7ca502c87aaf48633f254cf4f029007113e462645d89eb77dc5336148736535b,OO,A,A,True,14.96875,14.96875,0.0
7ca502c87aaf48633f254cf4f029007113e462645d89eb77dc5336148736535b,OS,B,B,True,-21.0,-21.0,0.0
7ca502c87aaf48633f254cf4f029007113e462645d89eb77dc5336148736535b,SO,B,B,True,-14.4296875,-14.4296875,0.0
7ca502c87aaf48633f254cf4f029007113e462645d89eb77dc5336148736535b,SS,B,B,True,-18.109375,-18.109375,0.0
7d17895daf33aa644e6b588c7e429b6bfd5bc962e94b358e347c3f915384da54,OO,A,A,True,16.625,16.625,0.0
7d17895daf33aa644e6b588c7e429b6bfd5bc962e94b358e347c3f915384da54,OS,B,B,True,-21.8125,-21.8125,0.0
7d17895daf33aa644e6b588c7e429b6bfd5bc962e94b358e347c3f915384da54,SO,B,B,True,-15.8828125,-15.8828125,0.0
7d17895daf33aa644e6b588c7e429b6bfd5bc962e94b358e347c3f915384da54,SS,B,B,True,-11.09375,-11.09375,0.0
7e32fa7cf5ca42d16222f5523f4bea95acd53df81ba18e3de93b4e23833406dd,OO,A,A,True,17.890625,17.890625,0.0
7e32fa7cf5ca42d16222f5523f4bea95acd53df81ba18e3de93b4e23833406dd,OS,B,B,True,-19.0625,-19.0625,0.0
7e32fa7cf5ca42d16222f5523f4bea95acd53df81ba18e3de93b4e23833406dd,SO,B,B,True,-18.078125,-18.078125,0.0
7e32fa7cf5ca42d16222f5523f4bea95acd53df81ba18e3de93b4e23833406dd,SS,B,B,True,-15.8359375,-15.8359375,0.0
801ea8780af5ab0b2c3cc77a3f4ac2b6c0bcddac3942f28db77284b3fab8c8b0,OO,A,A,True,15.90625,15.90625,0.0
801ea8780af5ab0b2c3cc77a3f4ac2b6c0bcddac3942f28db77284b3fab8c8b0,OS,B,B,True,-22.625,-22.625,0.0
801ea8780af5ab0b2c3cc77a3f4ac2b6c0bcddac3942f28db77284b3fab8c8b0,SO,A,A,True,2.0,2.0,0.0
801ea8780af5ab0b2c3cc77a3f4ac2b6c0bcddac3942f28db77284b3fab8c8b0,SS,B,B,True,-17.515625,-17.515625,0.0
84ab9cc3d020ac95fe7fca05196e2a35dc0cf1eecf0da504facb46e1881eeb39,OO,A,A,True,7.6875,7.6875,0.0
84ab9cc3d020ac95fe7fca05196e2a35dc0cf1eecf0da504facb46e1881eeb39,OS,B,B,True,-20.1875,-20.1875,0.0
84ab9cc3d020ac95fe7fca05196e2a35dc0cf1eecf0da504facb46e1881eeb39,SO,B,B,True,-17.4609375,-17.4609375,0.0
84ab9cc3d020ac95fe7fca05196e2a35dc0cf1eecf0da504facb46e1881eeb39,SS,B,B,True,-15.09375,-15.09375,0.0
84b4aabec1529e21986e9e63913501fc41337699a474a00cf5b119c9a021868e,OO,A,A,True,18.765625,18.765625,0.0
84b4aabec1529e21986e9e63913501fc41337699a474a00cf5b119c9a021868e,OS,B,B,True,-20.15625,-20.15625,0.0
84b4aabec1529e21986e9e63913501fc41337699a474a00cf5b119c9a021868e,SO,A,A,True,1.0625,1.0625,0.0
84b4aabec1529e21986e9e63913501fc41337699a474a00cf5b119c9a021868e,SS,B,B,True,-17.171875,-17.171875,0.0
86297af299924f76b8956048c63fa84a663c50aca292898344ed31a1cb48fd71,OO,A,A,True,16.8671875,16.8671875,0.0
86297af299924f76b8956048c63fa84a663c50aca292898344ed31a1cb48fd71,OS,B,B,True,-21.1875,-21.1875,0.0
86297af299924f76b8956048c63fa84a663c50aca292898344ed31a1cb48fd71,SO,B,B,True,-16.265625,-16.265625,0.0
86297af299924f76b8956048c63fa84a663c50aca292898344ed31a1cb48fd71,SS,B,B,True,-16.40625,-16.40625,0.0
86919f6991beb95325ed45558f32834d3d57e83085e8390b259364160ef24e81,OO,A,A,True,15.6796875,15.6796875,0.0
86919f6991beb95325ed45558f32834d3d57e83085e8390b259364160ef24e81,OS,B,B,True,-20.375,-20.375,0.0
86919f6991beb95325ed45558f32834d3d57e83085e8390b259364160ef24e81,SO,B,B,True,-17.453125,-17.453125,0.0
86919f6991beb95325ed45558f32834d3d57e83085e8390b259364160ef24e81,SS,B,B,True,-17.90625,-17.90625,0.0
87f8c0fd0b06dd3ec294b9dd1326d4154e4e63e85e0d9c6abca67da45ad29605,OO,A,A,True,17.5625,17.5625,0.0
87f8c0fd0b06dd3ec294b9dd1326d4154e4e63e85e0d9c6abca67da45ad29605,OS,B,B,True,-19.6875,-19.6875,0.0
87f8c0fd0b06dd3ec294b9dd1326d4154e4e63e85e0d9c6abca67da45ad29605,SO,B,B,True,-16.5625,-16.5625,0.0
87f8c0fd0b06dd3ec294b9dd1326d4154e4e63e85e0d9c6abca67da45ad29605,SS,B,B,True,-16.125,-16.125,0.0
895b905fe243a9dd7b626e5d8e0985821bbf640290f5d6837b2433b3780ec4a6,OO,A,A,True,15.705078125,15.705078125,0.0
895b905fe243a9dd7b626e5d8e0985821bbf640290f5d6837b2433b3780ec4a6,OS,B,B,True,-18.171875,-18.171875,0.0
895b905fe243a9dd7b626e5d8e0985821bbf640290f5d6837b2433b3780ec4a6,SO,A,A,True,0.1875,0.1875,0.0
895b905fe243a9dd7b626e5d8e0985821bbf640290f5d6837b2433b3780ec4a6,SS,A,A,True,13.921875,13.921875,0.0
89e01c538ebbb197fda81d378cfb9526161fa6370e6b72b1af232bc48d51f4a2,OO,A,A,True,16.90625,16.90625,0.0
89e01c538ebbb197fda81d378cfb9526161fa6370e6b72b1af232bc48d51f4a2,OS,B,B,True,-22.71875,-22.71875,0.0
89e01c538ebbb197fda81d378cfb9526161fa6370e6b72b1af232bc48d51f4a2,SO,B,B,True,-4.1875,-4.1875,0.0
89e01c538ebbb197fda81d378cfb9526161fa6370e6b72b1af232bc48d51f4a2,SS,B,B,True,-14.78125,-14.78125,0.0
8a997b3cc2c043287907667bd7d69ee45a4c50724967de92fba36f9e4a8076d4,OO,A,A,True,17.984375,17.984375,0.0
8a997b3cc2c043287907667bd7d69ee45a4c50724967de92fba36f9e4a8076d4,OS,B,B,True,-20.3125,-20.3125,0.0
8a997b3cc2c043287907667bd7d69ee45a4c50724967de92fba36f9e4a8076d4,SO,B,B,True,-9.59375,-9.59375,0.0
8a997b3cc2c043287907667bd7d69ee45a4c50724967de92fba36f9e4a8076d4,SS,B,B,True,-12.5,-12.5,0.0
8c4e292978fa72f89377d47c958fcb532d76bf1fc00a70f9d4e1966f067c29d5,OO,A,A,True,15.578125,15.578125,0.0
8c4e292978fa72f89377d47c958fcb532d76bf1fc00a70f9d4e1966f067c29d5,OS,B,B,True,-20.9375,-20.9375,0.0
8c4e292978fa72f89377d47c958fcb532d76bf1fc00a70f9d4e1966f067c29d5,SO,B,B,True,-17.171875,-17.171875,0.0
8c4e292978fa72f89377d47c958fcb532d76bf1fc00a70f9d4e1966f067c29d5,SS,B,B,True,-11.8125,-11.8125,0.0
8e63f950b177c6f1acee25e35005d2a081fbdc51abe07d934642ad1e7b23256b,OO,A,A,True,16.5625,16.5625,0.0
8e63f950b177c6f1acee25e35005d2a081fbdc51abe07d934642ad1e7b23256b,OS,B,B,True,-21.84375,-21.84375,0.0
8e63f950b177c6f1acee25e35005d2a081fbdc51abe07d934642ad1e7b23256b,SO,B,B,True,-15.498291015625,-15.498291015625,0.0
8e63f950b177c6f1acee25e35005d2a081fbdc51abe07d934642ad1e7b23256b,SS,B,B,True,-18.04296875,-18.04296875,0.0
8fce14c379feba472876fb2aa26bac14c2f1373c3764020af2347decdd813f21,OO,A,A,True,15.564453125,15.564453125,0.0
8fce14c379feba472876fb2aa26bac14c2f1373c3764020af2347decdd813f21,OS,B,B,True,-19.9375,-19.9375,0.0
8fce14c379feba472876fb2aa26bac14c2f1373c3764020af2347decdd813f21,SO,B,B,True,-17.109375,-17.109375,0.0
8fce14c379feba472876fb2aa26bac14c2f1373c3764020af2347decdd813f21,SS,B,B,True,-13.859375,-13.859375,0.0
9015a63195c2e27cd74439ad9d40649115256058f8218ba88e280ff140087102,OO,A,A,True,17.84375,17.84375,0.0
9015a63195c2e27cd74439ad9d40649115256058f8218ba88e280ff140087102,OS,B,B,True,-24.03125,-24.03125,0.0
9015a63195c2e27cd74439ad9d40649115256058f8218ba88e280ff140087102,SO,B,B,True,-8.71875,-8.71875,0.0
9015a63195c2e27cd74439ad9d40649115256058f8218ba88e280ff140087102,SS,B,B,True,-16.390625,-16.390625,0.0
9272c3b8d12a64ff6030063a0a5ddeb2ebac32976a533c022723bb2a8743d4d2,OO,A,A,True,16.756591796875,16.756591796875,0.0
9272c3b8d12a64ff6030063a0a5ddeb2ebac32976a533c022723bb2a8743d4d2,OS,B,B,True,-20.40625,-20.40625,0.0
9272c3b8d12a64ff6030063a0a5ddeb2ebac32976a533c022723bb2a8743d4d2,SO,B,B,True,-15.5703125,-15.5703125,0.0
9272c3b8d12a64ff6030063a0a5ddeb2ebac32976a533c022723bb2a8743d4d2,SS,B,B,True,-10.65625,-10.65625,0.0
92aafe1dda864da442bd8a0884ef9728e8135620225fa175ec14144edffec931,OO,A,A,True,16.703125,16.703125,0.0
92aafe1dda864da442bd8a0884ef9728e8135620225fa175ec14144edffec931,OS,B,B,True,-20.65625,-20.65625,0.0
92aafe1dda864da442bd8a0884ef9728e8135620225fa175ec14144edffec931,SO,B,B,True,-16.453125,-16.453125,0.0
92aafe1dda864da442bd8a0884ef9728e8135620225fa175ec14144edffec931,SS,A,A,True,1.125,1.125,0.0
955271f457a865b6538de58e05ec976217c17a96cc31ccb2c72e86fe77e6cce0,OO,A,A,True,15.796875,15.796875,0.0
955271f457a865b6538de58e05ec976217c17a96cc31ccb2c72e86fe77e6cce0,OS,B,B,True,-21.75,-21.75,0.0
955271f457a865b6538de58e05ec976217c17a96cc31ccb2c72e86fe77e6cce0,SO,B,B,True,-17.359375,-17.359375,0.0
955271f457a865b6538de58e05ec976217c17a96cc31ccb2c72e86fe77e6cce0,SS,B,B,True,-15.998046875,-15.998046875,0.0
9605a6042a7f9978526d1a45d4d230805e7843b08bcf7d058bbf8d93fcdc7147,OO,A,A,True,17.171875,17.171875,0.0
9605a6042a7f9978526d1a45d4d230805e7843b08bcf7d058bbf8d93fcdc7147,OS,B,B,True,-22.8125,-22.8125,0.0
9605a6042a7f9978526d1a45d4d230805e7843b08bcf7d058bbf8d93fcdc7147,SO,B,B,True,-16.0703125,-16.0703125,0.0
9605a6042a7f9978526d1a45d4d230805e7843b08bcf7d058bbf8d93fcdc7147,SS,B,B,True,-17.15234375,-17.15234375,0.0
991e13498e76b0fa28ad7f9a37a2033c1dcd871ee5f9c8a0a038797010bc4e6f,OO,A,A,True,14.328125,14.328125,0.0
991e13498e76b0fa28ad7f9a37a2033c1dcd871ee5f9c8a0a038797010bc4e6f,OS,B,B,True,-21.25,-21.25,0.0
991e13498e76b0fa28ad7f9a37a2033c1dcd871ee5f9c8a0a038797010bc4e6f,SO,B,B,True,-18.25,-18.25,0.0
991e13498e76b0fa28ad7f9a37a2033c1dcd871ee5f9c8a0a038797010bc4e6f,SS,B,B,True,-11.84375,-11.84375,0.0
996c03db13b8afd1e8707f383cef74de8100202bf05fe3c73c48798528923df0,OO,A,A,True,16.9462890625,16.9462890625,0.0
996c03db13b8afd1e8707f383cef74de8100202bf05fe3c73c48798528923df0,OS,B,B,True,-21.4375,-21.4375,0.0
996c03db13b8afd1e8707f383cef74de8100202bf05fe3c73c48798528923df0,SO,B,B,True,-18.09375,-18.09375,0.0
996c03db13b8afd1e8707f383cef74de8100202bf05fe3c73c48798528923df0,SS,A,A,True,11.75,11.75,0.0
9a48b8a8d35c10c9696fa88651a5e839600948a47294a46721caa270613cc5cd,OO,A,A,True,18.125,18.125,0.0
9a48b8a8d35c10c9696fa88651a5e839600948a47294a46721caa270613cc5cd,OS,B,B,True,-19.96875,-19.96875,0.0
9a48b8a8d35c10c9696fa88651a5e839600948a47294a46721caa270613cc5cd,SO,B,B,True,-0.375,-0.375,0.0
9a48b8a8d35c10c9696fa88651a5e839600948a47294a46721caa270613cc5cd,SS,B,B,True,-5.3125,-5.3125,0.0
9a95b89b7aed4069296c76ff091de2e4b363583c73a648a5c37edbc80ebe97ee,OO,A,A,True,15.30078125,15.30078125,0.0
9a95b89b7aed4069296c76ff091de2e4b363583c73a648a5c37edbc80ebe97ee,OS,B,B,True,-22.65625,-22.65625,0.0
9a95b89b7aed4069296c76ff091de2e4b363583c73a648a5c37edbc80ebe97ee,SO,B,B,True,-13.84375,-13.84375,0.0
9a95b89b7aed4069296c76ff091de2e4b363583c73a648a5c37edbc80ebe97ee,SS,B,B,True,-19.0625,-19.0625,0.0
9cd58e1d566fb4441d8b7dbbbe6746c56c82824181c0896e95ccbc243d4f2626,OO,A,A,True,16.5234375,16.5234375,0.0
9cd58e1d566fb4441d8b7dbbbe6746c56c82824181c0896e95ccbc243d4f2626,OS,B,B,True,-21.875,-21.875,0.0
9cd58e1d566fb4441d8b7dbbbe6746c56c82824181c0896e95ccbc243d4f2626,SO,B,B,True,-19.25,-19.25,0.0
9cd58e1d566fb4441d8b7dbbbe6746c56c82824181c0896e95ccbc243d4f2626,SS,A,A,True,15.32421875,15.32421875,0.0
9fac6c285cc8c76a315fdb0ebc87d9b13258b066e1a43bf98a0b3f0c4041ec93,OO,A,A,True,15.44921875,15.44921875,0.0
9fac6c285cc8c76a315fdb0ebc87d9b13258b066e1a43bf98a0b3f0c4041ec93,OS,B,B,True,-21.375,-21.375,0.0
9fac6c285cc8c76a315fdb0ebc87d9b13258b066e1a43bf98a0b3f0c4041ec93,SO,B,B,True,-19.328125,-19.328125,0.0
9fac6c285cc8c76a315fdb0ebc87d9b13258b066e1a43bf98a0b3f0c4041ec93,SS,B,B,True,-14.75,-14.75,0.0
9fb3ba35b4c9be26de8fe444e1d8057bdc8018f5a3c044b453d270a222474319,OO,A,A,True,18.203125,18.203125,0.0
9fb3ba35b4c9be26de8fe444e1d8057bdc8018f5a3c044b453d270a222474319,OS,B,B,True,-22.25,-22.25,0.0
9fb3ba35b4c9be26de8fe444e1d8057bdc8018f5a3c044b453d270a222474319,SO,B,B,True,-14.6796875,-14.6796875,0.0
9fb3ba35b4c9be26de8fe444e1d8057bdc8018f5a3c044b453d270a222474319,SS,B,B,True,-16.740234375,-16.740234375,0.0
a2aed8ae91384128577f7d97b413b47249fa8eea55b7860ee373095c2671a43d,OO,A,A,True,16.19140625,16.19140625,0.0
a2aed8ae91384128577f7d97b413b47249fa8eea55b7860ee373095c2671a43d,OS,B,B,True,-22.15625,-22.15625,0.0
a2aed8ae91384128577f7d97b413b47249fa8eea55b7860ee373095c2671a43d,SO,B,B,True,-19.625,-19.625,0.0
a2aed8ae91384128577f7d97b413b47249fa8eea55b7860ee373095c2671a43d,SS,A,A,True,12.0,12.0,0.0
a2c1a94c57d112205546cf50db6313a864cb117283441b2d9ceba73cdfdb5d4c,OO,A,A,True,15.9375,15.9375,0.0
a2c1a94c57d112205546cf50db6313a864cb117283441b2d9ceba73cdfdb5d4c,OS,B,B,True,-21.4375,-21.4375,0.0
a2c1a94c57d112205546cf50db6313a864cb117283441b2d9ceba73cdfdb5d4c,SO,B,B,True,-19.0625,-19.0625,0.0
a2c1a94c57d112205546cf50db6313a864cb117283441b2d9ceba73cdfdb5d4c,SS,B,B,True,-0.75,-0.75,0.0
a3a450f9313ceaddb2009d36def5be6496af9497d6dacd33873b70792a7047d7,OO,A,A,True,17.4609375,17.4609375,0.0
a3a450f9313ceaddb2009d36def5be6496af9497d6dacd33873b70792a7047d7,OS,B,B,True,-19.84375,-19.84375,0.0
a3a450f9313ceaddb2009d36def5be6496af9497d6dacd33873b70792a7047d7,SO,B,B,True,-16.5859375,-16.5859375,0.0
a3a450f9313ceaddb2009d36def5be6496af9497d6dacd33873b70792a7047d7,SS,B,B,True,-12.90625,-12.90625,0.0
a4ae82dae765d416ea2a087fedfefe60d89e5f7da5262c2d1d12fc40956fc27b,OO,A,A,True,16.859375,16.859375,0.0
a4ae82dae765d416ea2a087fedfefe60d89e5f7da5262c2d1d12fc40956fc27b,OS,B,B,True,-19.53125,-19.53125,0.0
a4ae82dae765d416ea2a087fedfefe60d89e5f7da5262c2d1d12fc40956fc27b,SO,B,B,True,-17.53125,-17.53125,0.0
a4ae82dae765d416ea2a087fedfefe60d89e5f7da5262c2d1d12fc40956fc27b,SS,B,B,True,-14.6171875,-14.6171875,0.0
a6f1302baac87b0fda4e2648522e2317160e4b5cb7be118bd813d61557cdc3a8,OO,A,A,True,17.4296875,17.4296875,0.0
a6f1302baac87b0fda4e2648522e2317160e4b5cb7be118bd813d61557cdc3a8,OS,B,B,True,-22.34375,-22.34375,0.0
a6f1302baac87b0fda4e2648522e2317160e4b5cb7be118bd813d61557cdc3a8,SO,B,B,True,-18.0625,-18.0625,0.0
a6f1302baac87b0fda4e2648522e2317160e4b5cb7be118bd813d61557cdc3a8,SS,B,B,True,-15.5703125,-15.5703125,0.0
a928a83babef545b9d62a4e50b0120478ba9b641722f710f84539cbcab78933e,OO,A,A,True,18.046875,18.046875,0.0
a928a83babef545b9d62a4e50b0120478ba9b641722f710f84539cbcab78933e,OS,B,B,True,-21.1875,-21.1875,0.0
a928a83babef545b9d62a4e50b0120478ba9b641722f710f84539cbcab78933e,SO,B,B,True,-19.59375,-19.59375,0.0
a928a83babef545b9d62a4e50b0120478ba9b641722f710f84539cbcab78933e,SS,B,B,True,-17.14453125,-17.14453125,0.0
aa0de654a47e927de2c6a19cd70be9c55ef99ca29bcbffadba1426d74621f407,OO,A,A,True,15.359375,15.359375,0.0
aa0de654a47e927de2c6a19cd70be9c55ef99ca29bcbffadba1426d74621f407,OS,B,B,True,-20.6875,-20.6875,0.0
aa0de654a47e927de2c6a19cd70be9c55ef99ca29bcbffadba1426d74621f407,SO,B,B,True,-18.203125,-18.203125,0.0
aa0de654a47e927de2c6a19cd70be9c55ef99ca29bcbffadba1426d74621f407,SS,A,A,True,11.0,11.0,0.0
ad1614a31df5db29c425dece10e5666125bf46471cacda20678e408c7751b55b,OO,A,A,True,16.6484375,16.6484375,0.0
ad1614a31df5db29c425dece10e5666125bf46471cacda20678e408c7751b55b,OS,B,B,True,-22.25,-22.25,0.0
ad1614a31df5db29c425dece10e5666125bf46471cacda20678e408c7751b55b,SO,B,B,True,-15.4140625,-15.4140625,0.0
ad1614a31df5db29c425dece10e5666125bf46471cacda20678e408c7751b55b,SS,B,B,True,-11.28125,-11.28125,0.0
ad6dc70331b4074cde617f42131d13f1e3c1af0539732fa3690dfd1b4601c772,OO,A,A,True,16.09375,16.09375,0.0
ad6dc70331b4074cde617f42131d13f1e3c1af0539732fa3690dfd1b4601c772,OS,B,B,True,-21.3125,-21.3125,0.0
ad6dc70331b4074cde617f42131d13f1e3c1af0539732fa3690dfd1b4601c772,SO,B,B,True,-21.1875,-21.1875,0.0
ad6dc70331b4074cde617f42131d13f1e3c1af0539732fa3690dfd1b4601c772,SS,A,A,True,11.59375,11.59375,0.0
aee813e27e89661fc9afd1439ece3bb24fca269c35c599cc759ff24ddab57bef,OO,A,A,True,16.46875,16.46875,0.0
aee813e27e89661fc9afd1439ece3bb24fca269c35c599cc759ff24ddab57bef,OS,B,B,True,-21.25,-21.25,0.0
aee813e27e89661fc9afd1439ece3bb24fca269c35c599cc759ff24ddab57bef,SO,B,B,True,-18.734375,-18.734375,0.0
aee813e27e89661fc9afd1439ece3bb24fca269c35c599cc759ff24ddab57bef,SS,B,B,True,-12.53125,-12.53125,0.0
afc87744cffd489b70b9003f8e95ecaa14bf49486ff5c2ba5e5e3cb6da485feb,OO,A,A,True,13.703125,13.703125,0.0
afc87744cffd489b70b9003f8e95ecaa14bf49486ff5c2ba5e5e3cb6da485feb,OS,B,B,True,-16.625,-16.625,0.0
afc87744cffd489b70b9003f8e95ecaa14bf49486ff5c2ba5e5e3cb6da485feb,SO,B,B,True,-17.7578125,-17.7578125,0.0
afc87744cffd489b70b9003f8e95ecaa14bf49486ff5c2ba5e5e3cb6da485feb,SS,A,A,True,16.265625,16.265625,0.0
b0ca1c666147d22f0df1f657e2ad37f82c2dbd72fbee073ecaf339a15bf590b3,OO,A,A,True,14.8671875,14.8671875,0.0
b0ca1c666147d22f0df1f657e2ad37f82c2dbd72fbee073ecaf339a15bf590b3,OS,B,B,True,-20.4375,-20.4375,0.0
b0ca1c666147d22f0df1f657e2ad37f82c2dbd72fbee073ecaf339a15bf590b3,SO,B,B,True,-20.53125,-20.53125,0.0
b0ca1c666147d22f0df1f657e2ad37f82c2dbd72fbee073ecaf339a15bf590b3,SS,A,A,True,12.5,12.5,0.0
b10e5786ee75f4f3ceb61466f5ae6502ae2ed584a3774015c01efaaac098caeb,OO,A,A,True,15.171875,15.171875,0.0
b10e5786ee75f4f3ceb61466f5ae6502ae2ed584a3774015c01efaaac098caeb,OS,B,B,True,-21.75,-21.75,0.0
b10e5786ee75f4f3ceb61466f5ae6502ae2ed584a3774015c01efaaac098caeb,SO,B,B,True,-14.546875,-14.546875,0.0
b10e5786ee75f4f3ceb61466f5ae6502ae2ed584a3774015c01efaaac098caeb,SS,B,B,True,-13.359375,-13.359375,0.0
bb16e19b3e8abd378a0f469eb8c62aade0d44c020067925db7aa302329933e1f,OO,A,A,True,15.984375,15.984375,0.0
bb16e19b3e8abd378a0f469eb8c62aade0d44c020067925db7aa302329933e1f,OS,B,B,True,-21.84375,-21.84375,0.0
bb16e19b3e8abd378a0f469eb8c62aade0d44c020067925db7aa302329933e1f,SO,B,B,True,-19.875,-19.875,0.0
bb16e19b3e8abd378a0f469eb8c62aade0d44c020067925db7aa302329933e1f,SS,A,A,True,0.5,0.5,0.0
bc9443215df6e659661924bfd50a16aacd685a79178c8e261d1879090e174438,OO,A,A,True,16.484375,16.484375,0.0
bc9443215df6e659661924bfd50a16aacd685a79178c8e261d1879090e174438,OS,B,B,True,-20.5625,-20.5625,0.0
bc9443215df6e659661924bfd50a16aacd685a79178c8e261d1879090e174438,SO,B,B,True,-18.125,-18.125,0.0
bc9443215df6e659661924bfd50a16aacd685a79178c8e261d1879090e174438,SS,B,B,True,-11.5,-11.5,0.0
c05526ecb6806b268e9e1896b8832f5831fbeb2e6e65a2642a6efbf9f043656c,OO,A,A,True,17.5625,17.5625,0.0
c05526ecb6806b268e9e1896b8832f5831fbeb2e6e65a2642a6efbf9f043656c,OS,B,B,True,-14.810546875,-14.810546875,0.0
c05526ecb6806b268e9e1896b8832f5831fbeb2e6e65a2642a6efbf9f043656c,SO,B,B,True,-9.03125,-9.03125,0.0
c05526ecb6806b268e9e1896b8832f5831fbeb2e6e65a2642a6efbf9f043656c,SS,A,A,True,15.912109375,15.912109375,0.0
c0a4432df2163f61270b31abc1cd02b4d758686d3080aac555dab98e4f269c2a,OO,A,A,True,16.9140625,16.9140625,0.0
c0a4432df2163f61270b31abc1cd02b4d758686d3080aac555dab98e4f269c2a,OS,B,B,True,-22.59375,-22.59375,0.0
c0a4432df2163f61270b31abc1cd02b4d758686d3080aac555dab98e4f269c2a,SO,B,B,True,-15.265625,-15.265625,0.0
c0a4432df2163f61270b31abc1cd02b4d758686d3080aac555dab98e4f269c2a,SS,B,B,True,-18.140625,-18.140625,0.0
c491b430b29ef0c7341dc243289a6432e66d64339e24cb28b235957ddf51ea73,OO,A,A,True,17.125,17.125,0.0
c491b430b29ef0c7341dc243289a6432e66d64339e24cb28b235957ddf51ea73,OS,B,B,True,-21.375,-21.375,0.0
c491b430b29ef0c7341dc243289a6432e66d64339e24cb28b235957ddf51ea73,SO,B,B,True,-19.625,-19.625,0.0
c491b430b29ef0c7341dc243289a6432e66d64339e24cb28b235957ddf51ea73,SS,B,B,True,-12.03125,-12.03125,0.0
c505e2cc19abc2f41063f5d37e09bc1a723e9df14647d24a3299b05ef4dc8215,OO,A,A,True,16.765625,16.765625,0.0
c505e2cc19abc2f41063f5d37e09bc1a723e9df14647d24a3299b05ef4dc8215,OS,B,B,True,-22.46875,-22.46875,0.0
c505e2cc19abc2f41063f5d37e09bc1a723e9df14647d24a3299b05ef4dc8215,SO,B,B,True,-21.53125,-21.53125,0.0
c505e2cc19abc2f41063f5d37e09bc1a723e9df14647d24a3299b05ef4dc8215,SS,A,A,True,12.203125,12.203125,0.0
c8ded625a3e1509e8f29407e3829f984e30c7a027c73183e023546d735e6a8b0,OO,A,A,True,17.5625,17.5625,0.0
c8ded625a3e1509e8f29407e3829f984e30c7a027c73183e023546d735e6a8b0,OS,B,B,True,-22.5,-22.5,0.0
c8ded625a3e1509e8f29407e3829f984e30c7a027c73183e023546d735e6a8b0,SO,B,B,True,-14.625,-14.625,0.0
c8ded625a3e1509e8f29407e3829f984e30c7a027c73183e023546d735e6a8b0,SS,B,B,True,-19.21875,-19.21875,0.0
c91329e2685632636eaaab9e0a16a9e716884030ecd7ec704d19ad29fe870db6,OO,A,A,True,15.8984375,15.8984375,0.0
c91329e2685632636eaaab9e0a16a9e716884030ecd7ec704d19ad29fe870db6,OS,B,B,True,-20.90625,-20.90625,0.0
c91329e2685632636eaaab9e0a16a9e716884030ecd7ec704d19ad29fe870db6,SO,B,B,True,-15.984375,-15.984375,0.0
c91329e2685632636eaaab9e0a16a9e716884030ecd7ec704d19ad29fe870db6,SS,B,B,True,-15.51953125,-15.51953125,0.0
cac0fa7214cbe64d0ab89e006dbeb1ae517eefeda15cb3aa8bcd8b699fbf7f54,OO,A,A,True,16.734375,16.734375,0.0
cac0fa7214cbe64d0ab89e006dbeb1ae517eefeda15cb3aa8bcd8b699fbf7f54,OS,B,B,True,-23.0625,-23.0625,0.0
cac0fa7214cbe64d0ab89e006dbeb1ae517eefeda15cb3aa8bcd8b699fbf7f54,SO,B,B,True,-11.34375,-11.34375,0.0
cac0fa7214cbe64d0ab89e006dbeb1ae517eefeda15cb3aa8bcd8b699fbf7f54,SS,B,B,True,-17.3984375,-17.3984375,0.0
cc50a44f4933ce813b8cb212ba62698d3ce88e09c0bbc97b3982ded33080a34b,OO,A,A,True,17.796875,17.796875,0.0
cc50a44f4933ce813b8cb212ba62698d3ce88e09c0bbc97b3982ded33080a34b,OS,B,B,True,-22.0,-22.0,0.0
cc50a44f4933ce813b8cb212ba62698d3ce88e09c0bbc97b3982ded33080a34b,SO,B,B,True,-16.734375,-16.734375,0.0
cc50a44f4933ce813b8cb212ba62698d3ce88e09c0bbc97b3982ded33080a34b,SS,B,B,True,-15.28125,-15.28125,0.0
cdb209dfdd30b70226f07ea3b2a1d66934b12cde4d1418a7e0eb8415102cefbf,OO,A,A,True,12.34375,12.34375,0.0
cdb209dfdd30b70226f07ea3b2a1d66934b12cde4d1418a7e0eb8415102cefbf,OS,B,B,True,-19.46875,-19.46875,0.0
cdb209dfdd30b70226f07ea3b2a1d66934b12cde4d1418a7e0eb8415102cefbf,SO,B,B,True,-11.59375,-11.59375,0.0
cdb209dfdd30b70226f07ea3b2a1d66934b12cde4d1418a7e0eb8415102cefbf,SS,B,B,True,-8.5,-8.5,0.0
ce418392d0f5b3d30a62289bda84082443e573f72af0cb4e771adddf4912a672,OO,A,A,True,14.89453125,14.89453125,0.0
ce418392d0f5b3d30a62289bda84082443e573f72af0cb4e771adddf4912a672,OS,B,B,True,-19.84375,-19.84375,0.0
ce418392d0f5b3d30a62289bda84082443e573f72af0cb4e771adddf4912a672,SO,B,B,True,-15.9140625,-15.9140625,0.0
ce418392d0f5b3d30a62289bda84082443e573f72af0cb4e771adddf4912a672,SS,A,A,True,7.125,7.125,0.0
cea8b197e0ac37ba00febf6c4e1bde145a44edf5947f2bfb92cd7b0acb1457db,OO,A,A,True,14.890625,14.890625,0.0
cea8b197e0ac37ba00febf6c4e1bde145a44edf5947f2bfb92cd7b0acb1457db,OS,B,B,True,-22.5625,-22.5625,0.0
cea8b197e0ac37ba00febf6c4e1bde145a44edf5947f2bfb92cd7b0acb1457db,SO,B,B,True,-16.515625,-16.515625,0.0
cea8b197e0ac37ba00febf6c4e1bde145a44edf5947f2bfb92cd7b0acb1457db,SS,B,B,True,-11.8125,-11.8125,0.0
d0d48352cdbd19507f0a552246d2a2168bc1dfc2e3863af994305ead2aae7dd3,OO,A,A,True,16.859375,16.859375,0.0
d0d48352cdbd19507f0a552246d2a2168bc1dfc2e3863af994305ead2aae7dd3,OS,B,B,True,-21.25,-21.25,0.0
d0d48352cdbd19507f0a552246d2a2168bc1dfc2e3863af994305ead2aae7dd3,SO,A,A,True,3.75,3.75,0.0
d0d48352cdbd19507f0a552246d2a2168bc1dfc2e3863af994305ead2aae7dd3,SS,B,B,True,-16.6875,-16.6875,0.0
d0dedac3786f3c50237add4d7bfb2121d310f476830a81ea6feb08305f5cf3e2,OO,A,A,True,13.03125,13.03125,0.0
d0dedac3786f3c50237add4d7bfb2121d310f476830a81ea6feb08305f5cf3e2,OS,B,B,True,-21.46875,-21.46875,0.0
d0dedac3786f3c50237add4d7bfb2121d310f476830a81ea6feb08305f5cf3e2,SO,B,B,True,-20.03125,-20.03125,0.0
d0dedac3786f3c50237add4d7bfb2121d310f476830a81ea6feb08305f5cf3e2,SS,B,B,True,-17.73046875,-17.73046875,0.0
d31bdff62a5431cefbafc1ddcca80f33a7b9e4e9d9f4bde3097e57f2a64305ba,OO,A,A,True,16.1484375,16.1484375,0.0
d31bdff62a5431cefbafc1ddcca80f33a7b9e4e9d9f4bde3097e57f2a64305ba,OS,B,B,True,-23.3125,-23.3125,0.0
d31bdff62a5431cefbafc1ddcca80f33a7b9e4e9d9f4bde3097e57f2a64305ba,SO,A,A,True,4.25,4.25,0.0
d31bdff62a5431cefbafc1ddcca80f33a7b9e4e9d9f4bde3097e57f2a64305ba,SS,B,B,True,-11.78125,-11.78125,0.0
d35369d23dcfca940802e819edbb63fe588d8bcdb32d728cabfe82a68292ab6a,OO,A,A,True,15.13671875,15.13671875,0.0
d35369d23dcfca940802e819edbb63fe588d8bcdb32d728cabfe82a68292ab6a,OS,B,B,True,-18.28125,-18.28125,0.0
d35369d23dcfca940802e819edbb63fe588d8bcdb32d728cabfe82a68292ab6a,SO,B,B,True,-13.859375,-13.859375,0.0
d35369d23dcfca940802e819edbb63fe588d8bcdb32d728cabfe82a68292ab6a,SS,A,A,True,14.7109375,14.7109375,0.0
d35de5394da8e8af12e0fa779b01cf8497c1cc6f87f64264f948bc187b357d73,OO,A,A,True,16.6328125,16.6328125,0.0
d35de5394da8e8af12e0fa779b01cf8497c1cc6f87f64264f948bc187b357d73,OS,B,B,True,-23.15625,-23.15625,0.0
d35de5394da8e8af12e0fa779b01cf8497c1cc6f87f64264f948bc187b357d73,SO,B,B,True,-15.9921875,-15.9921875,0.0
d35de5394da8e8af12e0fa779b01cf8497c1cc6f87f64264f948bc187b357d73,SS,B,B,True,-10.5625,-10.5625,0.0
d3f802c5c147cd1fb842715b1ad21f6f8e9faa2d9d00ce60d1fce94c4304ff1e,OO,A,A,True,17.96875,17.96875,0.0
d3f802c5c147cd1fb842715b1ad21f6f8e9faa2d9d00ce60d1fce94c4304ff1e,OS,B,B,True,-21.3125,-21.3125,0.0
d3f802c5c147cd1fb842715b1ad21f6f8e9faa2d9d00ce60d1fce94c4304ff1e,SO,B,B,True,-20.0,-20.0,0.0
d3f802c5c147cd1fb842715b1ad21f6f8e9faa2d9d00ce60d1fce94c4304ff1e,SS,B,B,True,-9.6875,-9.6875,0.0
d4241ccb0b12c49180c5b46a1c5f7c5fe602cec9b4deb75282437541050b5fcb,OO,A,A,True,17.328125,17.328125,0.0
d4241ccb0b12c49180c5b46a1c5f7c5fe602cec9b4deb75282437541050b5fcb,OS,B,B,True,-22.28125,-22.28125,0.0
d4241ccb0b12c49180c5b46a1c5f7c5fe602cec9b4deb75282437541050b5fcb,SO,A,A,True,0.6875,0.6875,0.0
d4241ccb0b12c49180c5b46a1c5f7c5fe602cec9b4deb75282437541050b5fcb,SS,B,B,True,-12.8125,-12.8125,0.0
d716b45450cc92f0207e397647f2e955120b268a9c3a06f632f6beb374da68a3,OO,A,A,True,17.34375,17.34375,0.0
d716b45450cc92f0207e397647f2e955120b268a9c3a06f632f6beb374da68a3,OS,B,B,True,-23.21875,-23.21875,0.0
d716b45450cc92f0207e397647f2e955120b268a9c3a06f632f6beb374da68a3,SO,B,B,True,-15.0341796875,-15.0341796875,0.0
d716b45450cc92f0207e397647f2e955120b268a9c3a06f632f6beb374da68a3,SS,B,B,True,-17.953125,-17.953125,0.0
d7bf00bba92da939b45008d97af6b4c84e6278724e013e42d7b4e27c38110458,OO,A,A,True,16.953125,16.953125,0.0
d7bf00bba92da939b45008d97af6b4c84e6278724e013e42d7b4e27c38110458,OS,B,B,True,-22.40625,-22.40625,0.0
d7bf00bba92da939b45008d97af6b4c84e6278724e013e42d7b4e27c38110458,SO,B,B,True,-14.78125,-14.78125,0.0
d7bf00bba92da939b45008d97af6b4c84e6278724e013e42d7b4e27c38110458,SS,A,A,True,10.984375,10.984375,0.0
d9c7c3a3d62120d82c1b75cbfaa8055c1c35fc78cc555030391d0f1e55c6d7cb,OO,A,A,True,17.046875,17.046875,0.0
d9c7c3a3d62120d82c1b75cbfaa8055c1c35fc78cc555030391d0f1e55c6d7cb,OS,B,B,True,-20.96875,-20.96875,0.0
d9c7c3a3d62120d82c1b75cbfaa8055c1c35fc78cc555030391d0f1e55c6d7cb,SO,B,B,True,-17.46875,-17.46875,0.0
d9c7c3a3d62120d82c1b75cbfaa8055c1c35fc78cc555030391d0f1e55c6d7cb,SS,B,B,True,-14.96875,-14.96875,0.0
db2cc1ea75160c34bce816a645a9c82d6f0612c69f4ddc628944665334960a3c,OO,A,A,True,17.21875,17.21875,0.0
db2cc1ea75160c34bce816a645a9c82d6f0612c69f4ddc628944665334960a3c,OS,B,B,True,-21.46875,-21.46875,0.0
db2cc1ea75160c34bce816a645a9c82d6f0612c69f4ddc628944665334960a3c,SO,B,B,True,-18.703125,-18.703125,0.0
db2cc1ea75160c34bce816a645a9c82d6f0612c69f4ddc628944665334960a3c,SS,B,B,True,-11.875,-11.875,0.0
dbc748607fd562ae9060d46dab8422056efb10dc54a5f2c8b485d3a6bc8711fe,OO,A,A,True,19.390625,19.390625,0.0
dbc748607fd562ae9060d46dab8422056efb10dc54a5f2c8b485d3a6bc8711fe,OS,B,B,True,-21.125,-21.125,0.0
dbc748607fd562ae9060d46dab8422056efb10dc54a5f2c8b485d3a6bc8711fe,SO,B,B,True,-12.59375,-12.59375,0.0
dbc748607fd562ae9060d46dab8422056efb10dc54a5f2c8b485d3a6bc8711fe,SS,B,B,True,-12.40625,-12.40625,0.0
df92f58df4cc2c2dbde60b361c69ab0eb8f2334109a3b3b00348f897e9ca68f9,OO,A,A,True,16.615234375,16.615234375,0.0
df92f58df4cc2c2dbde60b361c69ab0eb8f2334109a3b3b00348f897e9ca68f9,OS,B,B,True,-22.625,-22.625,0.0
df92f58df4cc2c2dbde60b361c69ab0eb8f2334109a3b3b00348f897e9ca68f9,SO,B,B,True,-5.0625,-5.0625,0.0
df92f58df4cc2c2dbde60b361c69ab0eb8f2334109a3b3b00348f897e9ca68f9,SS,B,B,True,-13.5625,-13.5625,0.0
e08e53f8618d77cfcb833bf74cc19624c1264d5c4f951bdc414d285aef892c2a,OO,A,A,True,16.3359375,16.3359375,0.0
e08e53f8618d77cfcb833bf74cc19624c1264d5c4f951bdc414d285aef892c2a,OS,B,B,True,-21.625,-21.625,0.0
e08e53f8618d77cfcb833bf74cc19624c1264d5c4f951bdc414d285aef892c2a,SO,B,B,True,-18.703125,-18.703125,0.0
e08e53f8618d77cfcb833bf74cc19624c1264d5c4f951bdc414d285aef892c2a,SS,A,A,True,2.9375,2.9375,0.0
e13bf18f90782e12eff5b2a82e34a23f4c3da60257463a6615bef523cd15e752,OO,A,A,True,13.0625,13.0625,0.0
e13bf18f90782e12eff5b2a82e34a23f4c3da60257463a6615bef523cd15e752,OS,B,B,True,-19.0,-19.0,0.0
e13bf18f90782e12eff5b2a82e34a23f4c3da60257463a6615bef523cd15e752,SO,B,B,True,-19.5625,-19.5625,0.0
e13bf18f90782e12eff5b2a82e34a23f4c3da60257463a6615bef523cd15e752,SS,B,B,True,-10.3125,-10.3125,0.0
e4af26a75545582e1ab872948ff9db6323497b6d05be6c0051b7211af10f7fd1,OO,A,A,True,16.03515625,16.03515625,0.0
e4af26a75545582e1ab872948ff9db6323497b6d05be6c0051b7211af10f7fd1,OS,B,B,True,-19.96875,-19.96875,0.0
e4af26a75545582e1ab872948ff9db6323497b6d05be6c0051b7211af10f7fd1,SO,B,B,True,-19.28125,-19.28125,0.0
e4af26a75545582e1ab872948ff9db6323497b6d05be6c0051b7211af10f7fd1,SS,B,B,True,-11.75,-11.75,0.0
eae655db4698b26b8506484e3d2964ae122201a1fc6e1efb5f1c16cdc3b64049,OO,A,A,True,16.484375,16.484375,0.0
eae655db4698b26b8506484e3d2964ae122201a1fc6e1efb5f1c16cdc3b64049,OS,B,B,True,-21.875,-21.875,0.0
eae655db4698b26b8506484e3d2964ae122201a1fc6e1efb5f1c16cdc3b64049,SO,B,B,True,-8.25,-8.25,0.0
eae655db4698b26b8506484e3d2964ae122201a1fc6e1efb5f1c16cdc3b64049,SS,B,B,True,-16.92578125,-16.92578125,0.0
eb6704eeee9a9abba2fc2f51151204c4a573f0e711c727c3beb28b780a34780c,OO,A,A,True,17.734375,17.734375,0.0
eb6704eeee9a9abba2fc2f51151204c4a573f0e711c727c3beb28b780a34780c,OS,B,B,True,-20.46875,-20.46875,0.0
eb6704eeee9a9abba2fc2f51151204c4a573f0e711c727c3beb28b780a34780c,SO,B,B,True,-6.5,-6.5,0.0
eb6704eeee9a9abba2fc2f51151204c4a573f0e711c727c3beb28b780a34780c,SS,B,B,True,-10.84375,-10.84375,0.0
eb7109e266e4b82c5c40e57d34e79d881672c52b72920bfbadaae2073c969552,OO,A,A,True,12.375,12.375,0.0
eb7109e266e4b82c5c40e57d34e79d881672c52b72920bfbadaae2073c969552,OS,B,B,True,-19.953125,-19.953125,0.0
eb7109e266e4b82c5c40e57d34e79d881672c52b72920bfbadaae2073c969552,SO,B,B,True,-17.9453125,-17.9453125,0.0
eb7109e266e4b82c5c40e57d34e79d881672c52b72920bfbadaae2073c969552,SS,B,B,True,-13.40625,-13.40625,0.0
ec40f07be49219f365f3c31b8e4fc0335a4215a20a4ad5fe8f4ba7470503754c,OO,A,A,True,16.0625,16.0625,0.0
ec40f07be49219f365f3c31b8e4fc0335a4215a20a4ad5fe8f4ba7470503754c,OS,B,B,True,-22.4375,-22.4375,0.0
ec40f07be49219f365f3c31b8e4fc0335a4215a20a4ad5fe8f4ba7470503754c,SO,B,B,True,-16.34375,-16.34375,0.0
ec40f07be49219f365f3c31b8e4fc0335a4215a20a4ad5fe8f4ba7470503754c,SS,B,B,True,-16.63671875,-16.63671875,0.0
ec74e741d6422e5050b1abd86d31b39929eb5b8549360b4faa0a63f9262b539d,OO,A,A,True,17.078125,17.078125,0.0
ec74e741d6422e5050b1abd86d31b39929eb5b8549360b4faa0a63f9262b539d,OS,B,B,True,-21.5625,-21.5625,0.0
ec74e741d6422e5050b1abd86d31b39929eb5b8549360b4faa0a63f9262b539d,SO,A,A,True,2.8125,2.8125,0.0
ec74e741d6422e5050b1abd86d31b39929eb5b8549360b4faa0a63f9262b539d,SS,A,A,True,5.5,5.5,0.0
ec9503c6deb0e6d6538ee9b707aa7fc898aef19d75519ddf35fe549597da80a1,OO,A,A,True,17.625,17.625,0.0
ec9503c6deb0e6d6538ee9b707aa7fc898aef19d75519ddf35fe549597da80a1,OS,B,B,True,-20.875,-20.875,0.0
ec9503c6deb0e6d6538ee9b707aa7fc898aef19d75519ddf35fe549597da80a1,SO,B,B,True,-15.625,-15.625,0.0
ec9503c6deb0e6d6538ee9b707aa7fc898aef19d75519ddf35fe549597da80a1,SS,A,A,True,11.46875,11.46875,0.0
eed93994a6adad820f6549e6e20cbe93f64f0060a52d3af8e31077710e1a77fe,OO,A,A,True,15.765625,15.765625,0.0
eed93994a6adad820f6549e6e20cbe93f64f0060a52d3af8e31077710e1a77fe,OS,B,B,True,-22.375,-22.375,0.0
eed93994a6adad820f6549e6e20cbe93f64f0060a52d3af8e31077710e1a77fe,SO,B,B,True,-11.6875,-11.6875,0.0
eed93994a6adad820f6549e6e20cbe93f64f0060a52d3af8e31077710e1a77fe,SS,B,B,True,-12.625,-12.625,0.0
ef98391de8f801b35fcec12d7b524a0be5c766b9c84d2e36603c105dbd8f7116,OO,A,A,True,16.28125,16.28125,0.0
ef98391de8f801b35fcec12d7b524a0be5c766b9c84d2e36603c105dbd8f7116,OS,B,B,True,-22.09375,-22.09375,0.0
ef98391de8f801b35fcec12d7b524a0be5c766b9c84d2e36603c105dbd8f7116,SO,B,B,True,-13.7421875,-13.7421875,0.0
ef98391de8f801b35fcec12d7b524a0be5c766b9c84d2e36603c105dbd8f7116,SS,B,B,True,-13.75,-13.75,0.0
ef9b265b3c0689deea4d6347e77e250fbb72b3d5b45768806264de9005b7c3e8,OO,A,A,True,17.671875,17.671875,0.0
ef9b265b3c0689deea4d6347e77e250fbb72b3d5b45768806264de9005b7c3e8,OS,B,B,True,-21.53125,-21.53125,0.0
ef9b265b3c0689deea4d6347e77e250fbb72b3d5b45768806264de9005b7c3e8,SO,B,B,True,-17.359375,-17.359375,0.0
ef9b265b3c0689deea4d6347e77e250fbb72b3d5b45768806264de9005b7c3e8,SS,B,B,True,-14.890625,-14.890625,0.0
efdaacba8f4a5c0d58c0adb6ee32c5c86d760cdb66eda6c7f7d5f2f338b4caa5,OO,A,A,True,17.953125,17.953125,0.0
efdaacba8f4a5c0d58c0adb6ee32c5c86d760cdb66eda6c7f7d5f2f338b4caa5,OS,B,B,True,-21.0625,-21.0625,0.0
efdaacba8f4a5c0d58c0adb6ee32c5c86d760cdb66eda6c7f7d5f2f338b4caa5,SO,B,B,True,-14.6875,-14.6875,0.0
efdaacba8f4a5c0d58c0adb6ee32c5c86d760cdb66eda6c7f7d5f2f338b4caa5,SS,B,B,True,-15.7236328125,-15.7236328125,0.0
f04c5f9198427ddb50a413ef41e9cf3d877b8ffdfa63e3349044daa372bb226c,OO,A,A,True,17.1171875,17.1171875,0.0
f04c5f9198427ddb50a413ef41e9cf3d877b8ffdfa63e3349044daa372bb226c,OS,B,B,True,-21.46875,-21.46875,0.0
f04c5f9198427ddb50a413ef41e9cf3d877b8ffdfa63e3349044daa372bb226c,SO,B,B,True,-16.90625,-16.90625,0.0
f04c5f9198427ddb50a413ef41e9cf3d877b8ffdfa63e3349044daa372bb226c,SS,B,B,True,-16.4521484375,-16.4521484375,0.0
f1db4d3c9b7d73d26d303534a6845276c17c7181324656367b0f21f9cb9a7bc9,OO,A,A,True,17.4375,17.4375,0.0
f1db4d3c9b7d73d26d303534a6845276c17c7181324656367b0f21f9cb9a7bc9,OS,B,B,True,-22.09375,-22.09375,0.0
f1db4d3c9b7d73d26d303534a6845276c17c7181324656367b0f21f9cb9a7bc9,SO,B,B,True,-14.427734375,-14.427734375,0.0
f1db4d3c9b7d73d26d303534a6845276c17c7181324656367b0f21f9cb9a7bc9,SS,B,B,True,-18.234375,-18.234375,0.0
f20304d9829cd1ebda2d497ee0dd5a79bdc7f93d34b68baddcb228e99b81ebbe,OO,A,A,True,18.15625,18.15625,0.0
f20304d9829cd1ebda2d497ee0dd5a79bdc7f93d34b68baddcb228e99b81ebbe,OS,B,B,True,-18.5,-18.5,0.0
f20304d9829cd1ebda2d497ee0dd5a79bdc7f93d34b68baddcb228e99b81ebbe,SO,B,B,True,-19.96875,-19.96875,0.0
f20304d9829cd1ebda2d497ee0dd5a79bdc7f93d34b68baddcb228e99b81ebbe,SS,B,B,True,-10.5625,-10.5625,0.0
f2a0372b48ecb146721a5a97015730fd57d998767bee00a9570618d5b4a15334,OO,A,A,True,18.40625,18.40625,0.0
f2a0372b48ecb146721a5a97015730fd57d998767bee00a9570618d5b4a15334,OS,B,B,True,-22.59375,-22.59375,0.0
f2a0372b48ecb146721a5a97015730fd57d998767bee00a9570618d5b4a15334,SO,A,A,True,0.875,0.875,0.0
f2a0372b48ecb146721a5a97015730fd57d998767bee00a9570618d5b4a15334,SS,B,B,True,-18.203125,-18.203125,0.0
f37d2a4996b7b5ce70513d5a92bdd7b0e05be64b6c08b51aa368154fcfad91c4,OO,A,A,True,14.765625,14.765625,0.0
f37d2a4996b7b5ce70513d5a92bdd7b0e05be64b6c08b51aa368154fcfad91c4,OS,B,B,True,-21.53125,-21.53125,0.0
f37d2a4996b7b5ce70513d5a92bdd7b0e05be64b6c08b51aa368154fcfad91c4,SO,B,B,True,-13.140625,-13.140625,0.0
f37d2a4996b7b5ce70513d5a92bdd7b0e05be64b6c08b51aa368154fcfad91c4,SS,B,B,True,-18.84375,-18.84375,0.0
f524e071bcf08ff1baad251f50a7a97999375742cfa6dd57e94b8aa3a1ceaa04,OO,A,A,True,15.25390625,15.25390625,0.0
f524e071bcf08ff1baad251f50a7a97999375742cfa6dd57e94b8aa3a1ceaa04,OS,B,B,True,-18.546875,-18.546875,0.0
f524e071bcf08ff1baad251f50a7a97999375742cfa6dd57e94b8aa3a1ceaa04,SO,B,B,True,-20.15625,-20.15625,0.0
f524e071bcf08ff1baad251f50a7a97999375742cfa6dd57e94b8aa3a1ceaa04,SS,A,A,True,10.8125,10.8125,0.0
f538e6d9e25af7fa03c2210f1b0ef02f8ee12550bee0b32a4bd212ba68e29d94,OO,A,A,True,16.5390625,16.5390625,0.0
f538e6d9e25af7fa03c2210f1b0ef02f8ee12550bee0b32a4bd212ba68e29d94,OS,B,B,True,-15.3125,-15.3125,0.0
f538e6d9e25af7fa03c2210f1b0ef02f8ee12550bee0b32a4bd212ba68e29d94,SO,B,B,True,-13.65625,-13.65625,0.0
f538e6d9e25af7fa03c2210f1b0ef02f8ee12550bee0b32a4bd212ba68e29d94,SS,A,A,True,17.125,17.125,0.0
f6de5c13ed4fd11307e97176a4d61e5186ee5234eb6a25331341e4aa82d86287,OO,A,A,True,15.51171875,15.51171875,0.0
f6de5c13ed4fd11307e97176a4d61e5186ee5234eb6a25331341e4aa82d86287,OS,B,B,True,-21.6875,-21.6875,0.0
f6de5c13ed4fd11307e97176a4d61e5186ee5234eb6a25331341e4aa82d86287,SO,A,A,True,3.9375,3.9375,0.0
f6de5c13ed4fd11307e97176a4d61e5186ee5234eb6a25331341e4aa82d86287,SS,B,B,True,-18.06640625,-18.06640625,0.0
f6e1ffc35259211e4c898f01fc2d43df8802b8a13c1581735a278c681e67bc92,OO,A,A,True,17.53125,17.53125,0.0
f6e1ffc35259211e4c898f01fc2d43df8802b8a13c1581735a278c681e67bc92,OS,B,B,True,-19.375,-19.375,0.0
f6e1ffc35259211e4c898f01fc2d43df8802b8a13c1581735a278c681e67bc92,SO,B,B,True,-18.46875,-18.46875,0.0
f6e1ffc35259211e4c898f01fc2d43df8802b8a13c1581735a278c681e67bc92,SS,A,A,True,14.70947265625,14.70947265625,0.0
f792425150ef401049f0567570e52700cf4a65c670dbc40e2987e227ad7b818c,OO,A,A,True,17.65625,17.65625,0.0
f792425150ef401049f0567570e52700cf4a65c670dbc40e2987e227ad7b818c,OS,B,B,True,-20.9375,-20.9375,0.0
f792425150ef401049f0567570e52700cf4a65c670dbc40e2987e227ad7b818c,SO,B,B,True,-16.84375,-16.84375,0.0
f792425150ef401049f0567570e52700cf4a65c670dbc40e2987e227ad7b818c,SS,B,B,True,-15.486328125,-15.486328125,0.0
f8a29966fb2123d58aa5371a0d5ef847b77b0d3a3efbd0e38dc667d80aa3db54,OO,A,A,True,14.25,14.25,0.0
f8a29966fb2123d58aa5371a0d5ef847b77b0d3a3efbd0e38dc667d80aa3db54,OS,B,B,True,-21.46875,-21.46875,0.0
f8a29966fb2123d58aa5371a0d5ef847b77b0d3a3efbd0e38dc667d80aa3db54,SO,B,B,True,-14.2265625,-14.2265625,0.0
f8a29966fb2123d58aa5371a0d5ef847b77b0d3a3efbd0e38dc667d80aa3db54,SS,B,B,True,-16.35546875,-16.35546875,0.0
fa86e109c063366a399a71e8f1b5d56e1cd7ca60dcb9782a5c568d18bc8838d8,OO,A,A,True,16.953125,16.953125,0.0
fa86e109c063366a399a71e8f1b5d56e1cd7ca60dcb9782a5c568d18bc8838d8,OS,B,B,True,-20.5,-20.5,0.0
fa86e109c063366a399a71e8f1b5d56e1cd7ca60dcb9782a5c568d18bc8838d8,SO,B,B,True,-19.6875,-19.6875,0.0
fa86e109c063366a399a71e8f1b5d56e1cd7ca60dcb9782a5c568d18bc8838d8,SS,B,B,True,-1.125,-1.125,0.0
fb5830d3a45b1646a07299fbfcfec7df52b57bf6253116db62f1d7c0ad326c2b,OO,A,A,True,14.890625,14.890625,0.0
fb5830d3a45b1646a07299fbfcfec7df52b57bf6253116db62f1d7c0ad326c2b,OS,B,B,True,-19.65625,-19.65625,0.0
fb5830d3a45b1646a07299fbfcfec7df52b57bf6253116db62f1d7c0ad326c2b,SO,B,B,True,-16.578125,-16.578125,0.0
fb5830d3a45b1646a07299fbfcfec7df52b57bf6253116db62f1d7c0ad326c2b,SS,A,A,True,6.0,6.0,0.0
fb5af5f7dd217463205da05462b43b882bc5694f0971c8bf093ea12e349625a6,OO,A,A,True,15.234375,15.234375,0.0
fb5af5f7dd217463205da05462b43b882bc5694f0971c8bf093ea12e349625a6,OS,B,B,True,-21.65625,-21.65625,0.0
fb5af5f7dd217463205da05462b43b882bc5694f0971c8bf093ea12e349625a6,SO,B,B,True,-15.548828125,-15.548828125,0.0
fb5af5f7dd217463205da05462b43b882bc5694f0971c8bf093ea12e349625a6,SS,B,B,True,-17.234375,-17.234375,0.0
fe8d6ea33b2967974ed5d5bb87deaec20c56d3847aeb51fca31b56797035a3a8,OO,A,A,True,18.09375,18.09375,0.0
fe8d6ea33b2967974ed5d5bb87deaec20c56d3847aeb51fca31b56797035a3a8,OS,B,B,True,-23.15625,-23.15625,0.0
fe8d6ea33b2967974ed5d5bb87deaec20c56d3847aeb51fca31b56797035a3a8,SO,B,B,True,-15.4375,-15.4375,0.0
fe8d6ea33b2967974ed5d5bb87deaec20c56d3847aeb51fca31b56797035a3a8,SS,B,B,True,-13.84375,-13.84375,0.0
